ISO-10303-21;
HEADER;
FILE_DESCRIPTION (( 'STEP AP214' ),
    '1' );
FILE_NAME ('ÒÆ¶¯Ä£×é.STEP',
    '2025-04-02T02:46:18',
    ( '' ),
    ( '' ),
    'SwSTEP 2.0',
    'SolidWorks 2024',
    '' );
FILE_SCHEMA (( 'AUTOMOTIVE_DESIGN' ));
ENDSEC;

DATA;
#1 = EDGE_LOOP ( 'NONE', ( #9201 ) ) ;
#2 = EDGE_CURVE ( 'NONE', #10357, #3059, #1119, .T. ) ;
#3 = ORIENTED_EDGE ( 'NONE', *, *, #11685, .T. ) ;
#4 = EDGE_LOOP ( 'NONE', ( #4053, #8909, #2695, #12102 ) ) ;
#5 = VECTOR ( 'NONE', #8171, 1000.000000000000000 ) ;
#6 = CARTESIAN_POINT ( 'NONE',  ( -19.99999999999999645, 32.00000000000000000, 17.58578643762692195 ) ) ;
#7 = ORIENTED_EDGE ( 'NONE', *, *, #8283, .F. ) ;
#8 = DIRECTION ( 'NONE',  ( 0.000000000000000000, -1.000000000000000000, 0.000000000000000000 ) ) ;
#9 = EDGE_CURVE ( 'NONE', #10520, #11995, #11589, .T. ) ;
#10 = CARTESIAN_POINT ( 'NONE',  ( 37.60000000000000853, 4.952627944162877327, 0.5500000000000148104 ) ) ;
#11 = VERTEX_POINT ( 'NONE', #8889 ) ;
#12 = DIRECTION ( 'NONE',  ( 1.000000000000000000, 0.000000000000000000, 0.000000000000000000 ) ) ;
#13 = FACE_OUTER_BOUND ( 'NONE', #4484, .T. ) ;
#14 = CYLINDRICAL_SURFACE ( 'NONE', #11773, 0.2800000000000011924 ) ;
#15 = PLANE ( 'NONE',  #734 ) ;
#16 = CARTESIAN_POINT ( 'NONE',  ( 6.500000000000000888, 0.000000000000000000, -2.000000000000001776 ) ) ;
#17 = VECTOR ( 'NONE', #2264, 1000.000000000000000 ) ;
#18 = ORIENTED_EDGE ( 'NONE', *, *, #4588, .T. ) ;
#19 = EDGE_LOOP ( 'NONE', ( #8354, #5469, #9024, #12182 ) ) ;
#20 = DIRECTION ( 'NONE',  ( 0.000000000000000000, 0.000000000000000000, 1.000000000000000000 ) ) ;
#21 = PLANE ( 'NONE',  #10800 ) ;
#22 = ORIENTED_EDGE ( 'NONE', *, *, #11929, .F. ) ;
#23 = DIRECTION ( 'NONE',  ( 1.000000000000000000, 0.000000000000000000, 0.000000000000000000 ) ) ;
#24 = AXIS2_PLACEMENT_3D ( 'NONE', #307, #4129, #6065 ) ;
#25 = CARTESIAN_POINT ( 'NONE',  ( -5.502858276596624520, -2.453400861598449278, -13.00000000000000000 ) ) ;
#26 = LINE ( 'NONE', #6712, #2573 ) ;
#27 = DIRECTION ( 'NONE',  ( -1.000000000000000000, 0.000000000000000000, 0.000000000000000000 ) ) ;
#28 = DIRECTION ( 'NONE',  ( 1.000000000000000000, 0.000000000000000000, 0.000000000000000000 ) ) ;
#29 = ORIENTED_EDGE ( 'NONE', *, *, #10143, .F. ) ;
#30 = ORIENTED_EDGE ( 'NONE', *, *, #1962, .F. ) ;
#31 = CARTESIAN_POINT ( 'NONE',  ( 20.00000000000000355, 7.800000000000001599, 17.58578643762692550 ) ) ;
#32 = ADVANCED_FACE ( 'NONE', ( #11035 ), #4066, .F. ) ;
#33 = ORIENTED_EDGE ( 'NONE', *, *, #8532, .F. ) ;
#34 = CARTESIAN_POINT ( 'NONE',  ( 3.900000000000319655, 0.5200000000002080736, -870.0000000000000000 ) ) ;
#35 = ORIENTED_EDGE ( 'NONE', *, *, #1268, .T. ) ;
#36 = CARTESIAN_POINT ( 'NONE',  ( 10.00000000000000533, 0.000000000000000000, 0.000000000000000000 ) ) ;
#37 = CARTESIAN_POINT ( 'NONE',  ( 37.60000000000000853, 3.047372055837125338, -0.5500000000000098144 ) ) ;
#38 = CARTESIAN_POINT ( 'NONE',  ( 3.600000000000363798, 9.500000000000000000, -870.0000000000000000 ) ) ;
#39 = CARTESIAN_POINT ( 'NONE',  ( -24.99999999999999645, 0.000000000000000000, -10.00000000000000000 ) ) ;
#40 = LINE ( 'NONE', #3867, #3399 ) ;
#41 = CARTESIAN_POINT ( 'NONE',  ( 15.47157287525381797, 8.000000000000000000, 20.70000000000000284 ) ) ;
#42 = ORIENTED_EDGE ( 'NONE', *, *, #7831, .F. ) ;
#43 = VERTEX_POINT ( 'NONE', #7875 ) ;
#44 = AXIS2_PLACEMENT_3D ( 'NONE', #5204, #6942, #4204 ) ;
#45 = DIRECTION ( 'NONE',  ( 0.000000000000000000, 0.000000000000000000, -1.000000000000000000 ) ) ;
#46 = EDGE_CURVE ( 'NONE', #7342, #11751, #11706, .T. ) ;
#47 = EDGE_CURVE ( 'NONE', #3375, #2775, #11361, .T. ) ;
#48 = FACE_OUTER_BOUND ( 'NONE', #4785, .T. ) ;
#49 = EDGE_CURVE ( 'NONE', #11174, #11174, #2961, .T. ) ;
#50 = ORIENTED_EDGE ( 'NONE', *, *, #7409, .F. ) ;
#51 = DIRECTION ( 'NONE',  ( 0.000000000000000000, 0.000000000000000000, 1.000000000000000000 ) ) ;
#52 = DIRECTION ( 'NONE',  ( 1.000000000000000000, 0.000000000000000000, 0.000000000000000000 ) ) ;
#53 = DIRECTION ( 'NONE',  ( 0.000000000000000000, 0.000000000000000000, 1.000000000000000000 ) ) ;
#54 = CARTESIAN_POINT ( 'NONE',  ( 5.779348217812178667, -3.361804601292472494, -2.000000000000000000 ) ) ;
#55 = ORIENTED_EDGE ( 'NONE', *, *, #10773, .T. ) ;
#56 = EDGE_LOOP ( 'NONE', ( #9114, #1886, #11676, #11965 ) ) ;
#57 = ORIENTED_EDGE ( 'NONE', *, *, #6171, .F. ) ;
#58 = EDGE_CURVE ( 'NONE', #3669, #3274, #4751, .T. ) ;
#59 = CARTESIAN_POINT ( 'NONE',  ( 6.490000000000295088, 5.500000000000284217, -89.99999999999997158 ) ) ;
#60 = ORIENTED_EDGE ( 'NONE', *, *, #8845, .T. ) ;
#61 = DIRECTION ( 'NONE',  ( 0.000000000000000000, 0.000000000000000000, -1.000000000000000000 ) ) ;
#62 = DIRECTION ( 'NONE',  ( 0.000000000000000000, 0.000000000000000000, -1.000000000000000000 ) ) ;
#63 = ORIENTED_EDGE ( 'NONE', *, *, #172, .T. ) ;
#64 = DIRECTION ( 'NONE',  ( -0.7071067811865474617, 0.000000000000000000, -0.7071067811865474617 ) ) ;
#65 = FACE_OUTER_BOUND ( 'NONE', #7280, .T. ) ;
#66 = EDGE_CURVE ( 'NONE', #3665, #11522, #6748, .T. ) ;
#67 = LINE ( 'NONE', #7764, #8366 ) ;
#68 = DIRECTION ( 'NONE',  ( 0.000000000000000000, 0.000000000000000000, 1.000000000000000000 ) ) ;
#69 = CARTESIAN_POINT ( 'NONE',  ( 2.099999999999998312, 24.99999999999999645, 5.000000000000000000 ) ) ;
#70 = EDGE_LOOP ( 'NONE', ( #11809, #8888, #3635, #5478 ) ) ;
#71 = EDGE_CURVE ( 'NONE', #9292, #6284, #5259, .T. ) ;
#72 = ORIENTED_EDGE ( 'NONE', *, *, #8716, .T. ) ;
#73 = AXIS2_PLACEMENT_3D ( 'NONE', #11027, #11083, #11948 ) ;
#74 = DIRECTION ( 'NONE',  ( -0.000000000000000000, -0.000000000000000000, 1.000000000000000000 ) ) ;
#75 = ORIENTED_EDGE ( 'NONE', *, *, #2911, .F. ) ;
#76 = LINE ( 'NONE', #2896, #5995 ) ;
#77 = FACE_OUTER_BOUND ( 'NONE', #3597, .T. ) ;
#78 = DIRECTION ( 'NONE',  ( -0.000000000000000000, -0.000000000000000000, 1.000000000000000000 ) ) ;
#79 = CIRCLE ( 'NONE', #8083, 0.1999999999999987899 ) ;
#80 = LINE ( 'NONE', #2156, #724 ) ;
#81 = CIRCLE ( 'NONE', #10300, 0.1500000000000013822 ) ;
#82 = FACE_OUTER_BOUND ( 'NONE', #8621, .T. ) ;
#83 = ADVANCED_FACE ( 'NONE', ( #9961 ), #8827, .F. ) ;
#84 = ORIENTED_EDGE ( 'NONE', *, *, #12023, .T. ) ;
#85 = EDGE_LOOP ( 'NONE', ( #619, #8954, #10758, #10823 ) ) ;
#86 = PLANE ( 'NONE',  #8179 ) ;
#87 = EDGE_LOOP ( 'NONE', ( #9620, #6608, #9077, #4933 ) ) ;
#88 = CIRCLE ( 'NONE', #9509, 0.1999999999999987899 ) ;
#89 = LINE ( 'NONE', #7538, #11598 ) ;
#90 = CIRCLE ( 'NONE', #7693, 1.000000000000000888 ) ;
#91 = ORIENTED_EDGE ( 'NONE', *, *, #6412, .F. ) ;
#92 = EDGE_CURVE ( 'NONE', #4470, #8103, #6949, .T. ) ;
#93 = CARTESIAN_POINT ( 'NONE',  ( 3.600000000000363798, 9.500000000000000000, -89.99999999999997158 ) ) ;
#94 = CYLINDRICAL_SURFACE ( 'NONE', #906, 0.2799999999999994160 ) ;
#95 = LINE ( 'NONE', #5906, #7346 ) ;
#96 = FACE_OUTER_BOUND ( 'NONE', #6690, .T. ) ;
#97 = FACE_OUTER_BOUND ( 'NONE', #5330, .T. ) ;
#98 = CARTESIAN_POINT ( 'NONE',  ( -4.251801127475944853, 2.984997851321552265, -2.000000000000000000 ) ) ;
#99 = ADVANCED_FACE ( 'NONE', ( #6255 ), #10775, .T. ) ;
#100 = AXIS2_PLACEMENT_3D ( 'NONE', #9288, #5515, #8048 ) ;
#101 = ADVANCED_FACE ( 'NONE', ( #5999 ), #7003, .T. ) ;
#102 = VECTOR ( 'NONE', #4321, 1000.000000000000000 ) ;
#103 = VERTEX_POINT ( 'NONE', #8009 ) ;
#104 = ORIENTED_EDGE ( 'NONE', *, *, #8771, .F. ) ;
#105 = DIRECTION ( 'NONE',  ( 1.000000000000000000, 0.000000000000000000, 0.000000000000000000 ) ) ;
#106 = DIRECTION ( 'NONE',  ( -0.000000000000000000, -0.000000000000000000, 1.000000000000000000 ) ) ;
#107 = EDGE_LOOP ( 'NONE', ( #8097 ) ) ;
#108 = CARTESIAN_POINT ( 'NONE',  ( -3.599999999999454303, -10.00000000000000000, -89.99999999999997158 ) ) ;
#109 = CARTESIAN_POINT ( 'NONE',  ( -24.99999999999999645, 0.000000000000000000, 10.00000000000000000 ) ) ;
#110 = DIRECTION ( 'NONE',  ( -0.000000000000000000, 0.000000000000000000, -1.000000000000000000 ) ) ;
#111 = CARTESIAN_POINT ( 'NONE',  ( -25.00000000000000000, 24.99999999999999645, 5.000000000000000000 ) ) ;
#112 = EDGE_CURVE ( 'NONE', #2951, #232, #8551, .T. ) ;
#113 = UNCERTAINTY_MEASURE_WITH_UNIT (LENGTH_MEASURE( 1.000000000000000082E-05 ), #12210, 'distance_accuracy_value', 'NONE');
#114 = EDGE_CURVE ( 'NONE', #3612, #10651, #5123, .T. ) ;
#115 = EDGE_LOOP ( 'NONE', ( #10668, #6904, #11408, #6090 ) ) ;
#116 = CIRCLE ( 'NONE', #6114, 0.7999999999999986011 ) ;
#117 = ORIENTED_EDGE ( 'NONE', *, *, #1690, .F. ) ;
#118 = VERTEX_POINT ( 'NONE', #5194 ) ;
#119 = CARTESIAN_POINT ( 'NONE',  ( -5.349122049243778321, -2.772637427124941656, -13.00000000000000000 ) ) ;
#120 = VERTEX_POINT ( 'NONE', #9020 ) ;
#121 = DIRECTION ( 'NONE',  ( 0.7071067811865495711, -0.000000000000000000, -0.7071067811865454633 ) ) ;
#122 = CARTESIAN_POINT ( 'NONE',  ( 5.500000000000396128, 6.490000000000264890, -870.0000000000000000 ) ) ;
#123 = ORIENTED_EDGE ( 'NONE', *, *, #8132, .F. ) ;
#124 = EDGE_CURVE ( 'NONE', #10709, #2099, #4763, .T. ) ;
#125 = CARTESIAN_POINT ( 'NONE',  ( 3.452925775991931307E-15, 32.20000000000000284, 20.80000000000000426 ) ) ;
#126 = VERTEX_POINT ( 'NONE', #7058 ) ;
#127 = DIRECTION ( 'NONE',  ( 0.8944271909999159664, 0.4472135954999580387, -0.000000000000000000 ) ) ;
#128 = VECTOR ( 'NONE', #11286, 1000.000000000000000 ) ;
#129 = DIRECTION ( 'NONE',  ( 0.7071067811865475727, 0.000000000000000000, -0.7071067811865475727 ) ) ;
#130 = EDGE_CURVE ( 'NONE', #3151, #10056, #4951, .T. ) ;
#131 = CARTESIAN_POINT ( 'NONE',  ( 0.000000000000000000, 41.80000000000000426, 10.69999999999999929 ) ) ;
#132 = ORIENTED_EDGE ( 'NONE', *, *, #8164, .F. ) ;
#133 = EDGE_LOOP ( 'NONE', ( #104 ) ) ;
#134 = CIRCLE ( 'NONE', #7327, 0.7999999999999986011 ) ;
#135 = ADVANCED_FACE ( 'NONE', ( #2388 ), #6195, .T. ) ;
#136 = CARTESIAN_POINT ( 'NONE',  ( 0.9749999999999818812, 6.614527269578672097, -13.00000000000000000 ) ) ;
#137 = EDGE_LOOP ( 'NONE', ( #5329, #11521, #1120, #9502 ) ) ;
#138 = LINE ( 'NONE', #1968, #8204 ) ;
#139 = CARTESIAN_POINT ( 'NONE',  ( -15.50000000000000178, 35.50000000000000711, 15.50000000000000711 ) ) ;
#140 = DIRECTION ( 'NONE',  ( 0.000000000000000000, -1.000000000000000000, 0.000000000000000000 ) ) ;
#141 = CIRCLE ( 'NONE', #1762, 2.099999999999997868 ) ;
#142 = CARTESIAN_POINT ( 'NONE',  ( 4.251801127475944853, 2.984997851321551821, -2.000000000000000000 ) ) ;
#143 = CIRCLE ( 'NONE', #8147, 0.7999999999999986011 ) ;
#144 = EDGE_CURVE ( 'NONE', #6129, #5734, #4313, .T. ) ;
#145 = CYLINDRICAL_SURFACE ( 'NONE', #1177, 0.2800000000000003042 ) ;
#146 = ORIENTED_EDGE ( 'NONE', *, *, #10086, .F. ) ;
#147 = ORIENTED_EDGE ( 'NONE', *, *, #2822, .T. ) ;
#148 = CARTESIAN_POINT ( 'NONE',  ( -3.899999999999465228, -0.5189999999998344826, -89.99999999999997158 ) ) ;
#149 = ORIENTED_EDGE ( 'NONE', *, *, #4472, .T. ) ;
#150 = VECTOR ( 'NONE', #4051, 1000.000000000000000 ) ;
#151 = AXIS2_PLACEMENT_3D ( 'NONE', #4804, #1823, #5678 ) ;
#152 = AXIS2_PLACEMENT_3D ( 'NONE', #5485, #9505, #4489 ) ;
#153 = DIRECTION ( 'NONE',  ( 0.000000000000000000, 0.000000000000000000, 1.000000000000000000 ) ) ;
#154 = DIRECTION ( 'NONE',  ( 1.000000000000000000, 0.000000000000000000, 0.000000000000000000 ) ) ;
#155 = CARTESIAN_POINT ( 'NONE',  ( -2.535598419378958912, 4.534177505969845257, -2.000000000000000000 ) ) ;
#156 = DIRECTION ( 'NONE',  ( -1.000000000000000000, 0.000000000000000000, -0.000000000000000000 ) ) ;
#157 = DIRECTION ( 'NONE',  ( 0.000000000000000000, 1.000000000000000000, 0.000000000000000000 ) ) ;
#158 = CARTESIAN_POINT ( 'NONE',  ( 9.500000000000000000, 3.599999999999909051, -89.99999999999997158 ) ) ;
#159 = DIRECTION ( 'NONE',  ( 0.000000000000000000, 1.000000000000000000, 0.000000000000000000 ) ) ;
#160 = AXIS2_PLACEMENT_3D ( 'NONE', #9652, #5007, #4873 ) ;
#161 = CARTESIAN_POINT ( 'NONE',  ( 18.29289321881345742, 0.2000000000000000111, 20.70710678118654968 ) ) ;
#162 = VECTOR ( 'NONE', #611, 1000.000000000000000 ) ;
#163 = TOROIDAL_SURFACE ( 'NONE', #7166, 0.8000000000000000444, 0.2000000000000000111 ) ;
#164 = VERTEX_POINT ( 'NONE', #10330 ) ;
#165 = EDGE_LOOP ( 'NONE', ( #1117 ) ) ;
#166 = CYLINDRICAL_SURFACE ( 'NONE', #11771, 0.2800000000000015810 ) ;
#167 = DIRECTION ( 'NONE',  ( -1.000000000000000000, 0.000000000000000000, 0.000000000000000000 ) ) ;
#168 = ORIENTED_EDGE ( 'NONE', *, *, #7643, .T. ) ;
#169 = VECTOR ( 'NONE', #2653, 1000.000000000000000 ) ;
#170 = CIRCLE ( 'NONE', #1178, 0.1500000000000031586 ) ;
#171 = AXIS2_PLACEMENT_3D ( 'NONE', #7901, #461, #11729 ) ;
#172 = EDGE_CURVE ( 'NONE', #6798, #11018, #8968, .T. ) ;
#173 = CARTESIAN_POINT ( 'NONE',  ( 5.349122049243778321, -2.772637427124946541, -2.000000000000000000 ) ) ;
#174 = CARTESIAN_POINT ( 'NONE',  ( -3.599999999999454303, 9.500000000000000000, -870.0000000000000000 ) ) ;
#175 = CARTESIAN_POINT ( 'NONE',  ( 0.000000000000000000, 0.000000000000000000, -0.2000000000000005107 ) ) ;
#176 = DIRECTION ( 'NONE',  ( 0.000000000000000000, 0.000000000000000000, 1.000000000000000000 ) ) ;
#177 =( NAMED_UNIT ( * ) PLANE_ANGLE_UNIT ( ) SI_UNIT ( $, .RADIAN. ) );
#178 = VECTOR ( 'NONE', #1444, 1000.000000000000000 ) ;
#179 = VECTOR ( 'NONE', #4062, 1000.000000000000000 ) ;
#180 = STYLED_ITEM ( 'NONE', ( #2971 ), #738 ) ;
#181 = ORIENTED_EDGE ( 'NONE', *, *, #3925, .F. ) ;
#182 = CARTESIAN_POINT ( 'NONE',  ( -3.599999999999454303, 10.00000000000000000, -870.0000000000000000 ) ) ;
#183 = EDGE_LOOP ( 'NONE', ( #2323 ) ) ;
#184 = DIRECTION ( 'NONE',  ( 1.000000000000000000, 0.000000000000000000, 0.000000000000000000 ) ) ;
#185 = VERTEX_POINT ( 'NONE', #8256 ) ;
#186 = EDGE_CURVE ( 'NONE', #334, #7160, #7372, .T. ) ;
#187 = ADVANCED_FACE ( 'NONE', ( #10148 ), #11325, .T. ) ;
#188 = CARTESIAN_POINT ( 'NONE',  ( -20.99999999999999645, 0.1999999999999987899, 21.00000000000000355 ) ) ;
#189 = EDGE_CURVE ( 'NONE', #10798, #2041, #563, .T. ) ;
#190 = CARTESIAN_POINT ( 'NONE',  ( -5.500000000000000000, 8.000000000000000000, -870.0000000000000000 ) ) ;
#191 = ORIENTED_EDGE ( 'NONE', *, *, #6823, .T. ) ;
#192 = VECTOR ( 'NONE', #2358, 1000.000000000000000 ) ;
#193 = AXIS2_PLACEMENT_3D ( 'NONE', #3302, #4250, #1377 ) ;
#194 = DIRECTION ( 'NONE',  ( 1.000000000000000000, 0.000000000000000000, 0.000000000000000000 ) ) ;
#195 = ORIENTED_EDGE ( 'NONE', *, *, #9989, .F. ) ;
#196 = CYLINDRICAL_SURFACE ( 'NONE', #5097, 0.2000000000000002887 ) ;
#197 = DIRECTION ( 'NONE',  ( -6.650697032498941662E-16, 0.000000000000000000, 1.000000000000000000 ) ) ;
#198 = VERTEX_POINT ( 'NONE', #11663 ) ;
#199 = ORIENTED_EDGE ( 'NONE', *, *, #3709, .F. ) ;
#200 = AXIS2_PLACEMENT_3D ( 'NONE', #2151, #1213, #6956 ) ;
#201 = VECTOR ( 'NONE', #6470, 1000.000000000000000 ) ;
#202 = ORIENTED_EDGE ( 'NONE', *, *, #10179, .T. ) ;
#203 = DIRECTION ( 'NONE',  ( 1.000000000000000000, 0.000000000000000000, 0.000000000000000000 ) ) ;
#204 = VERTEX_POINT ( 'NONE', #4381 ) ;
#205 = ADVANCED_FACE ( 'NONE', ( #5315 ), #11961, .T. ) ;
#206 = EDGE_CURVE ( 'NONE', #5939, #1641, #2567, .T. ) ;
#207 = DIRECTION ( 'NONE',  ( -0.000000000000000000, -0.000000000000000000, -1.000000000000000000 ) ) ;
#208 = FACE_OUTER_BOUND ( 'NONE', #12307, .T. ) ;
#209 = CARTESIAN_POINT ( 'NONE',  ( 5.502858276596627185, -2.453400861598449278, -2.000000000000000000 ) ) ;
#210 = CIRCLE ( 'NONE', #4219, 1.974999999999993205 ) ;
#211 = DIRECTION ( 'NONE',  ( 0.000000000000000000, 0.000000000000000000, 1.000000000000000000 ) ) ;
#212 = LINE ( 'NONE', #7782, #7503 ) ;
#213 = FACE_OUTER_BOUND ( 'NONE', #3997, .T. ) ;
#214 = ORIENTED_EDGE ( 'NONE', *, *, #2102, .T. ) ;
#215 = EDGE_LOOP ( 'NONE', ( #6331 ) ) ;
#216 = ORIENTED_EDGE ( 'NONE', *, *, #2050, .F. ) ;
#217 = CIRCLE ( 'NONE', #24, 0.2000000000000002887 ) ;
#218 = CARTESIAN_POINT ( 'NONE',  ( -24.99999999999999645, 5.000000000000000000, 10.00000000000000000 ) ) ;
#219 = ORIENTED_EDGE ( 'NONE', *, *, #7078, .T. ) ;
#220 = ADVANCED_FACE ( 'NONE', ( #4496, #8198 ), #10273, .F. ) ;
#221 = FACE_OUTER_BOUND ( 'NONE', #10430, .T. ) ;
#222 = DIRECTION ( 'NONE',  ( -0.8661855860482727820, 0.4997224534901451576, 0.000000000000000000 ) ) ;
#223 = DIRECTION ( 'NONE',  ( 0.000000000000000000, 0.000000000000000000, 1.000000000000000000 ) ) ;
#224 = DIRECTION ( 'NONE',  ( 1.000000000000000000, 0.000000000000000000, 0.000000000000000000 ) ) ;
#225 = CARTESIAN_POINT ( 'NONE',  ( 2.659549700202081368, 4.523938932020214132, -13.00000000000000000 ) ) ;
#226 = DIRECTION ( 'NONE',  ( 1.000000000000000000, 0.000000000000000000, 0.000000000000000000 ) ) ;
#227 = PRODUCT_RELATED_PRODUCT_CATEGORY ( 'part', '', ( #3734 ) ) ;
#228 = EDGE_CURVE ( 'NONE', #6399, #6399, #4361, .T. ) ;
#229 = FACE_OUTER_BOUND ( 'NONE', #9051, .T. ) ;
#230 = CIRCLE ( 'NONE', #436, 2.099999999999997868 ) ;
#231 = DIRECTION ( 'NONE',  ( -1.000000000000000000, 0.000000000000000000, 0.000000000000000000 ) ) ;
#232 = VERTEX_POINT ( 'NONE', #5495 ) ;
#233 = VERTEX_POINT ( 'NONE', #9323 ) ;
#234 = ADVANCED_FACE ( 'NONE', ( #9141 ), #811, .T. ) ;
#235 = DIRECTION ( 'NONE',  ( 0.000000000000000000, 0.000000000000000000, 1.000000000000000000 ) ) ;
#236 = LINE ( 'NONE', #5804, #6779 ) ;
#237 = VECTOR ( 'NONE', #1339, 1000.000000000000000 ) ;
#238 = ORIENTED_EDGE ( 'NONE', *, *, #8975, .F. ) ;
#239 = DIRECTION ( 'NONE',  ( 1.000000000000000000, 0.000000000000000000, 0.000000000000000000 ) ) ;
#240 = FACE_OUTER_BOUND ( 'NONE', #3642, .T. ) ;
#241 = FACE_OUTER_BOUND ( 'NONE', #5888, .T. ) ;
#242 = CARTESIAN_POINT ( 'NONE',  ( -6.489999999999496616, 5.500000000000284217, -89.99999999999997158 ) ) ;
#243 = DIRECTION ( 'NONE',  ( -1.000000000000000000, 1.616199264448572863E-16, 1.896621075632125394E-17 ) ) ;
#244 = VECTOR ( 'NONE', #7825, 1000.000000000000000 ) ;
#245 = VERTEX_POINT ( 'NONE', #1755 ) ;
#246 = DIRECTION ( 'NONE',  ( 1.000000000000000000, 0.000000000000000000, 0.000000000000000000 ) ) ;
#247 = EDGE_LOOP ( 'NONE', ( #8780, #8985, #853, #4058 ) ) ;
#248 = DIRECTION ( 'NONE',  ( 0.000000000000000000, 0.000000000000000000, 1.000000000000000000 ) ) ;
#249 = CARTESIAN_POINT ( 'NONE',  ( 0.000000000000000000, 0.000000000000000000, -2.000000000000000000 ) ) ;
#250 = EDGE_LOOP ( 'NONE', ( #2583, #9714, #3345, #3715 ) ) ;
#251 = CARTESIAN_POINT ( 'NONE',  ( -1.790414966635714755, 5.795282521538796416, -13.00000000000000000 ) ) ;
#252 = CARTESIAN_POINT ( 'NONE',  ( 9.500000000000000000, 3.099999999999909051, -89.99999999999997158 ) ) ;
#253 = ORIENTED_EDGE ( 'NONE', *, *, #9716, .T. ) ;
#254 = LINE ( 'NONE', #10786, #10857 ) ;
#255 = EDGE_LOOP ( 'NONE', ( #3462, #7336, #8225, #2740 ) ) ;
#256 = DIRECTION ( 'NONE',  ( -0.000000000000000000, -0.000000000000000000, 1.000000000000000000 ) ) ;
#257 = DIRECTION ( 'NONE',  ( 1.000000000000000000, 0.000000000000000000, 0.000000000000000000 ) ) ;
#258 = VERTEX_POINT ( 'NONE', #6947 ) ;
#259 = EDGE_CURVE ( 'NONE', #4651, #2685, #7312, .T. ) ;
#260 = ORIENTED_EDGE ( 'NONE', *, *, #10311, .T. ) ;
#261 = EDGE_CURVE ( 'NONE', #9588, #9712, #8372, .T. ) ;
#262 = VERTEX_POINT ( 'NONE', #11266 ) ;
#263 = LINE ( 'NONE', #4084, #3183 ) ;
#264 = EDGE_LOOP ( 'NONE', ( #11442, #12302, #7211, #7231 ) ) ;
#265 = DIRECTION ( 'NONE',  ( -1.000000000000000000, 0.000000000000000000, 0.000000000000000000 ) ) ;
#266 = DIRECTION ( 'NONE',  ( 1.000000000000000000, 0.000000000000000000, 0.000000000000000000 ) ) ;
#267 = DIRECTION ( 'NONE',  ( 0.7071067811865474617, -0.7071067811865474617, 0.000000000000000000 ) ) ;
#268 = CARTESIAN_POINT ( 'NONE',  ( -9.500000000000000000, 3.099999999999909051, -870.0000000000000000 ) ) ;
#269 = DIRECTION ( 'NONE',  ( 1.000000000000000000, 0.000000000000000000, 3.325348516249470831E-16 ) ) ;
#270 = DIRECTION ( 'NONE',  ( -1.000000000000000000, -0.000000000000000000, -3.325348516249470831E-16 ) ) ;
#271 = EDGE_CURVE ( 'NONE', #3341, #9528, #772, .T. ) ;
#272 = EDGE_CURVE ( 'NONE', #1722, #1722, #9571, .T. ) ;
#273 = EDGE_CURVE ( 'NONE', #126, #7342, #3758, .T. ) ;
#274 = ORIENTED_EDGE ( 'NONE', *, *, #11328, .T. ) ;
#275 = ORIENTED_EDGE ( 'NONE', *, *, #5812, .T. ) ;
#276 = CARTESIAN_POINT ( 'NONE',  ( 0.000000000000000000, 41.50000000000000000, 0.000000000000000000 ) ) ;
#277 = ORIENTED_EDGE ( 'NONE', *, *, #3135, .F. ) ;
#278 = FACE_OUTER_BOUND ( 'NONE', #2835, .T. ) ;
#279 = FACE_OUTER_BOUND ( 'NONE', #890, .T. ) ;
#280 = FACE_OUTER_BOUND ( 'NONE', #7487, .T. ) ;
#281 = DIRECTION ( 'NONE',  ( -0.000000000000000000, 1.000000000000000000, -0.000000000000000000 ) ) ;
#282 = FACE_OUTER_BOUND ( 'NONE', #4343, .T. ) ;
#283 = CARTESIAN_POINT ( 'NONE',  ( 4.251801127475944853, 2.984997851321551821, -13.00000000000000000 ) ) ;
#284 = FACE_OUTER_BOUND ( 'NONE', #10313, .T. ) ;
#285 = EDGE_CURVE ( 'NONE', #10359, #4604, #2743, .T. ) ;
#286 = CIRCLE ( 'NONE', #9093, 0.7999999999999986011 ) ;
#287 = ORIENTED_EDGE ( 'NONE', *, *, #8844, .F. ) ;
#288 = VERTEX_POINT ( 'NONE', #9214 ) ;
#289 = CIRCLE ( 'NONE', #1900, 1.974999999999998535 ) ;
#290 = DIRECTION ( 'NONE',  ( 0.000000000000000000, 0.000000000000000000, 1.000000000000000000 ) ) ;
#291 = FACE_OUTER_BOUND ( 'NONE', #12049, .T. ) ;
#292 = EDGE_CURVE ( 'NONE', #2778, #5410, #2381, .T. ) ;
#293 = VERTEX_POINT ( 'NONE', #2991 ) ;
#294 = DIRECTION ( 'NONE',  ( 0.000000000000000000, 0.000000000000000000, 1.000000000000000000 ) ) ;
#295 = FACE_OUTER_BOUND ( 'NONE', #9344, .T. ) ;
#296 = DIRECTION ( 'NONE',  ( -1.000000000000000000, 0.000000000000000000, 0.000000000000000000 ) ) ;
#297 = CARTESIAN_POINT ( 'NONE',  ( 10.00000000000000000, -3.599999999999909051, -870.0000000000000000 ) ) ;
#298 = AXIS2_PLACEMENT_3D ( 'NONE', #6392, #5277, #9100 ) ;
#299 = DIRECTION ( 'NONE',  ( 0.000000000000000000, 0.000000000000000000, 1.000000000000000000 ) ) ;
#300 = EDGE_CURVE ( 'NONE', #5493, #11656, #5161, .T. ) ;
#301 = VERTEX_POINT ( 'NONE', #3873 ) ;
#302 = CARTESIAN_POINT ( 'NONE',  ( -21.00000000000000355, 40.00000000000000000, -21.00000000000000000 ) ) ;
#303 = ORIENTED_EDGE ( 'NONE', *, *, #1729, .F. ) ;
#304 = FACE_OUTER_BOUND ( 'NONE', #5153, .T. ) ;
#305 = DIRECTION ( 'NONE',  ( -0.000000000000000000, -1.000000000000000000, -0.000000000000000000 ) ) ;
#306 = ORIENTED_EDGE ( 'NONE', *, *, #8333, .F. ) ;
#307 = CARTESIAN_POINT ( 'NONE',  ( 20.56568542494924401, 32.20000000000000284, -18.15147186257614464 ) ) ;
#308 = LINE ( 'NONE', #11778, #11879 ) ;
#309 = ORIENTED_EDGE ( 'NONE', *, *, #8223, .F. ) ;
#310 = FACE_OUTER_BOUND ( 'NONE', #2121, .T. ) ;
#311 = EDGE_LOOP ( 'NONE', ( #7977, #1243, #306, #2589 ) ) ;
#312 = CARTESIAN_POINT ( 'NONE',  ( -5.002319821024736157, 1.586198120247337862, -13.00000000000000000 ) ) ;
#313 = EDGE_CURVE ( 'NONE', #2440, #1477, #3813, .T. ) ;
#314 = CARTESIAN_POINT ( 'NONE',  ( 1.964042965173692812, -4.809424105956109585, -2.000000000000000000 ) ) ;
#315 =( GEOMETRIC_REPRESENTATION_CONTEXT ( 3 ) GLOBAL_UNCERTAINTY_ASSIGNED_CONTEXT ( ( #6506 ) ) GLOBAL_UNIT_ASSIGNED_CONTEXT ( ( #8719, #1083, #8791 ) ) REPRESENTATION_CONTEXT ( 'NONE', 'WORKASPACE' ) );
#316 = CARTESIAN_POINT ( 'NONE',  ( 37.60000000000000853, 5.602627944162878570, 0.5500000000000170308 ) ) ;
#317 = ORIENTED_EDGE ( 'NONE', *, *, #3135, .T. ) ;
#318 = ORIENTED_EDGE ( 'NONE', *, *, #8438, .F. ) ;
#319 = DIRECTION ( 'NONE',  ( -0.000000000000000000, -1.000000000000000000, -0.000000000000000000 ) ) ;
#320 = EDGE_LOOP ( 'NONE', ( #1331, #8131, #3886, #2920 ) ) ;
#321 = AXIS2_PLACEMENT_3D ( 'NONE', #7645, #3898, #11829 ) ;
#322 = LINE ( 'NONE', #9796, #7792 ) ;
#323 = DIRECTION ( 'NONE',  ( -1.000000000000000000, 0.000000000000000000, 0.000000000000000000 ) ) ;
#324 = ORIENTED_EDGE ( 'NONE', *, *, #10700, .T. ) ;
#325 = EDGE_CURVE ( 'NONE', #1656, #12364, #2757, .T. ) ;
#326 = CARTESIAN_POINT ( 'NONE',  ( 20.80000000000000426, 8.000000000000000000, -17.58578643762690774 ) ) ;
#327 = ADVANCED_FACE ( 'NONE', ( #2921, #4857 ), #568, .T. ) ;
#328 = CARTESIAN_POINT ( 'NONE',  ( 19.35857864376277959, 40.00000000000000000, -19.35857864376258775 ) ) ;
#329 = DIRECTION ( 'NONE',  ( -0.000000000000000000, -1.000000000000000000, -0.000000000000000000 ) ) ;
#330 = VERTEX_POINT ( 'NONE', #9514 ) ;
#331 = AXIS2_PLACEMENT_3D ( 'NONE', #4799, #989, #7670 ) ;
#332 = ORIENTED_EDGE ( 'NONE', *, *, #11701, .T. ) ;
#333 = EDGE_LOOP ( 'NONE', ( #1351, #5721, #6353, #2273 ) ) ;
#334 = VERTEX_POINT ( 'NONE', #3929 ) ;
#335 = LINE ( 'NONE', #10936, #4775 ) ;
#336 = ORIENTED_EDGE ( 'NONE', *, *, #7865, .F. ) ;
#337 = DIRECTION ( 'NONE',  ( 0.000000000000000000, 0.000000000000000000, 1.000000000000000000 ) ) ;
#338 = EDGE_CURVE ( 'NONE', #7439, #9945, #1770, .T. ) ;
#339 = DIRECTION ( 'NONE',  ( 1.000000000000000000, 0.000000000000000000, 0.000000000000000000 ) ) ;
#340 = EDGE_CURVE ( 'NONE', #6405, #5075, #10510, .T. ) ;
#341 = CIRCLE ( 'NONE', #5541, 6.304999999999999716 ) ;
#342 = DIRECTION ( 'NONE',  ( -0.000000000000000000, -0.000000000000000000, 1.000000000000000000 ) ) ;
#343 = FACE_OUTER_BOUND ( 'NONE', #1639, .T. ) ;
#344 = DIRECTION ( 'NONE',  ( 0.000000000000000000, 0.000000000000000000, -1.000000000000000000 ) ) ;
#345 = LINE ( 'NONE', #9190, #6351 ) ;
#346 = CARTESIAN_POINT ( 'NONE',  ( -0.5199999999995270628, -3.900000000000090949, -870.0000000000000000 ) ) ;
#347 = AXIS2_PLACEMENT_3D ( 'NONE', #4265, #10853, #4946 ) ;
#348 = CLOSED_SHELL ( 'NONE', ( #12269, #4123, #6790, #12006, #9299, #2038, #760, #1676 ) ) ;
#349 = ORIENTED_EDGE ( 'NONE', *, *, #6541, .F. ) ;
#350 = CIRCLE ( 'NONE', #1960, 0.2799999999999981393 ) ;
#351 = ORIENTED_EDGE ( 'NONE', *, *, #598, .T. ) ;
#352 = CARTESIAN_POINT ( 'NONE',  ( -5.499999999999999112, -5.000000000000000000, 5.000000000000000000 ) ) ;
#353 = CARTESIAN_POINT ( 'NONE',  ( -3.599999999999282885, 1.710531353811419813E-13, -870.0000000000000000 ) ) ;
#354 = ORIENTED_EDGE ( 'NONE', *, *, #2560, .T. ) ;
#355 = EDGE_CURVE ( 'NONE', #5497, #10694, #931, .T. ) ;
#356 = DIRECTION ( 'NONE',  ( 3.325348516249470831E-16, 0.000000000000000000, -1.000000000000000000 ) ) ;
#357 = DIRECTION ( 'NONE',  ( 0.000000000000000000, 0.000000000000000000, 1.000000000000000000 ) ) ;
#358 = DIRECTION ( 'NONE',  ( 1.000000000000000000, 0.000000000000000000, 0.000000000000000000 ) ) ;
#359 = CIRCLE ( 'NONE', #5160, 0.1999999999999987899 ) ;
#360 = AXIS2_PLACEMENT_3D ( 'NONE', #302, #2259, #2322 ) ;
#361 = CARTESIAN_POINT ( 'NONE',  ( -2.765084621276051675E-13, 3.600000000000085798, -870.0000000000000000 ) ) ;
#362 = AXIS2_PLACEMENT_3D ( 'NONE', #9669, #1081, #6833 ) ;
#363 = SURFACE_SIDE_STYLE ('',( #9890 ) ) ;
#364 = EDGE_CURVE ( 'NONE', #10811, #1724, #5363, .T. ) ;
#365 = DIRECTION ( 'NONE',  ( 0.1814234935424191286, 1.492996912260064619E-16, 0.9834050620120192709 ) ) ;
#366 = EDGE_LOOP ( 'NONE', ( #5609, #3193, #10085, #6736 ) ) ;
#367 = CIRCLE ( 'NONE', #5759, 0.2799999999999998601 ) ;
#368 = CARTESIAN_POINT ( 'NONE',  ( 15.49999999999999289, 35.50000000000000711, -15.49999999999999822 ) ) ;
#369 = VECTOR ( 'NONE', #3106, 1000.000000000000000 ) ;
#370 = ORIENTED_EDGE ( 'NONE', *, *, #10526, .F. ) ;
#371 = AXIS2_PLACEMENT_3D ( 'NONE', #9991, #3270, #10736 ) ;
#372 = CARTESIAN_POINT ( 'NONE',  ( -6.048387499772772458, 0.4559538461277349852, -2.000000000000000000 ) ) ;
#373 = ORIENTED_EDGE ( 'NONE', *, *, #3324, .T. ) ;
#374 = ADVANCED_FACE ( 'NONE', ( #4678 ), #7555, .T. ) ;
#375 = DIRECTION ( 'NONE',  ( 0.000000000000000000, 0.000000000000000000, 1.000000000000000000 ) ) ;
#376 = DIRECTION ( 'NONE',  ( -0.000000000000000000, 1.000000000000000000, -0.000000000000000000 ) ) ;
#377 = EDGE_LOOP ( 'NONE', ( #4635, #8227, #6572, #881 ) ) ;
#378 = CARTESIAN_POINT ( 'NONE',  ( 0.000000000000000000, 0.000000000000000000, -15.00000000000000000 ) ) ;
#379 = ORIENTED_EDGE ( 'NONE', *, *, #1205, .F. ) ;
#380 = LINE ( 'NONE', #11782, #2898 ) ;
#381 = AXIS2_PLACEMENT_3D ( 'NONE', #7129, #2392, #10089 ) ;
#382 = PLANE ( 'NONE',  #11748 ) ;
#383 = VECTOR ( 'NONE', #10648, 1000.000000000000000 ) ;
#384 = AXIS2_PLACEMENT_3D ( 'NONE', #11439, #6535, #10554 ) ;
#385 = PRODUCT_RELATED_PRODUCT_CATEGORY ( 'part', '', ( #2445 ) ) ;
#386 = EDGE_CURVE ( 'NONE', #1602, #1602, #8364, .T. ) ;
#387 = VERTEX_POINT ( 'NONE', #4207 ) ;
#388 = EDGE_LOOP ( 'NONE', ( #6874, #11120, #3292, #9978 ) ) ;
#389 = ORIENTED_EDGE ( 'NONE', *, *, #7454, .T. ) ;
#390 = AXIS2_PLACEMENT_3D ( 'NONE', #3107, #5053, #6921 ) ;
#391 = DIRECTION ( 'NONE',  ( -0.7071067811865479058, 0.000000000000000000, 0.7071067811865470176 ) ) ;
#392 = ORIENTED_EDGE ( 'NONE', *, *, #5835, .T. ) ;
#393 = AXIS2_PLACEMENT_3D ( 'NONE', #4308, #12069, #9015 ) ;
#394 = AXIS2_PLACEMENT_3D ( 'NONE', #4271, #8213, #11975 ) ;
#395 = CARTESIAN_POINT ( 'NONE',  ( 18.15147186257615530, 8.000000000000000000, -20.56568542494923690 ) ) ;
#396 = PLANE ( 'NONE',  #709 ) ;
#397 = ORIENTED_EDGE ( 'NONE', *, *, #8916, .T. ) ;
#398 = DIRECTION ( 'NONE',  ( -0.000000000000000000, -0.000000000000000000, 1.000000000000000000 ) ) ;
#399 = CARTESIAN_POINT ( 'NONE',  ( 17.58578643762691129, 39.80000000000000426, 21.00000000000000000 ) ) ;
#400 = SURFACE_STYLE_FILL_AREA ( #9923 ) ;
#401 = CARTESIAN_POINT ( 'NONE',  ( -24.99999999999999645, 5.000000000000000000, 10.00000000000000000 ) ) ;
#402 = VECTOR ( 'NONE', #12186, 1000.000000000000000 ) ;
#403 = AXIS2_PLACEMENT_3D ( 'NONE', #7465, #1858, #3720 ) ;
#404 = ORIENTED_EDGE ( 'NONE', *, *, #2442, .T. ) ;
#405 = EDGE_LOOP ( 'NONE', ( #149, #3248, #517, #7769 ) ) ;
#406 = ORIENTED_EDGE ( 'NONE', *, *, #2213, .F. ) ;
#407 = ORIENTED_EDGE ( 'NONE', *, *, #806, .F. ) ;
#408 = LINE ( 'NONE', #1350, #1599 ) ;
#409 = ORIENTED_EDGE ( 'NONE', *, *, #6852, .T. ) ;
#410 = CARTESIAN_POINT ( 'NONE',  ( -5.251577878682484268, -3.035097204594767728, -13.00000000000000000 ) ) ;
#411 = CIRCLE ( 'NONE', #6997, 0.1999999999999987899 ) ;
#412 = CARTESIAN_POINT ( 'NONE',  ( 5.779348217812190214, 3.361804601292468941, -2.000000000000000000 ) ) ;
#413 = DIRECTION ( 'NONE',  ( 0.000000000000000000, 0.000000000000000000, -1.000000000000000000 ) ) ;
#414 = LINE ( 'NONE', #4235, #6962 ) ;
#415 = LINE ( 'NONE', #7289, #8392 ) ;
#416 = CARTESIAN_POINT ( 'NONE',  ( -18.00000000000001066, 40.00000000000000000, 21.00000000000000355 ) ) ;
#417 = CARTESIAN_POINT ( 'NONE',  ( -20.00000000000000355, 32.20000000000000284, -17.58578643762691840 ) ) ;
#418 = AXIS2_PLACEMENT_3D ( 'NONE', #9967, #4940, #375 ) ;
#419 = ADVANCED_FACE ( 'NONE', ( #5736 ), #166, .T. ) ;
#420 = ORIENTED_EDGE ( 'NONE', *, *, #271, .T. ) ;
#421 = ORIENTED_EDGE ( 'NONE', *, *, #996, .F. ) ;
#422 = DIRECTION ( 'NONE',  ( -0.000000000000000000, -0.000000000000000000, -1.000000000000000000 ) ) ;
#423 = FACE_OUTER_BOUND ( 'NONE', #7144, .T. ) ;
#424 = EDGE_LOOP ( 'NONE', ( #4331, #5429, #12261, #2357 ) ) ;
#425 = CARTESIAN_POINT ( 'NONE',  ( 17.58578643762691840, 7.800000000000001599, -20.00000000000000355 ) ) ;
#426 = CIRCLE ( 'NONE', #11635, 5.194999999999999396 ) ;
#427 = CARTESIAN_POINT ( 'NONE',  ( -3.899999999999465228, -0.5189999999998344826, -870.0000000000000000 ) ) ;
#428 = LINE ( 'NONE', #4249, #1301 ) ;
#429 = CARTESIAN_POINT ( 'NONE',  ( -0.5199999999995270628, -3.900000000000090949, -870.0000000000000000 ) ) ;
#430 = PLANE ( 'NONE',  #3931 ) ;
#431 = DIRECTION ( 'NONE',  ( 0.000000000000000000, 0.000000000000000000, 1.000000000000000000 ) ) ;
#432 = EDGE_CURVE ( 'NONE', #9287, #1977, #8170, .T. ) ;
#433 = ORIENTED_EDGE ( 'NONE', *, *, #6269, .F. ) ;
#434 = EDGE_CURVE ( 'NONE', #10651, #9472, #6733, .T. ) ;
#435 = EDGE_CURVE ( 'NONE', #10359, #3824, #8559, .T. ) ;
#436 = AXIS2_PLACEMENT_3D ( 'NONE', #3785, #5712, #9612 ) ;
#437 = DIRECTION ( 'NONE',  ( 0.000000000000000000, 0.000000000000000000, -1.000000000000000000 ) ) ;
#438 = EDGE_LOOP ( 'NONE', ( #4466 ) ) ;
#439 = CARTESIAN_POINT ( 'NONE',  ( -5.500000000000000000, -6.490000000000009983, -870.0000000000000000 ) ) ;
#440 = ORIENTED_EDGE ( 'NONE', *, *, #1058, .T. ) ;
#441 = CARTESIAN_POINT ( 'NONE',  ( -4.984719937775328624, -1.463076259784537925, -13.00000000000000000 ) ) ;
#442 = DIRECTION ( 'NONE',  ( -0.000000000000000000, -0.000000000000000000, -1.000000000000000000 ) ) ;
#443 = EDGE_LOOP ( 'NONE', ( #11877 ) ) ;
#444 = DIRECTION ( 'NONE',  ( -0.7071067811865463515, 0.000000000000000000, -0.7071067811865487940 ) ) ;
#445 = LINE ( 'NONE', #2330, #11307 ) ;
#446 = AXIS2_PLACEMENT_3D ( 'NONE', #1534, #5337, #766 ) ;
#447 = DIRECTION ( 'NONE',  ( -0.000000000000000000, -0.000000000000000000, 1.000000000000000000 ) ) ;
#448 = VERTEX_POINT ( 'NONE', #2214 ) ;
#449 = VERTEX_POINT ( 'NONE', #9637 ) ;
#450 = ADVANCED_FACE ( 'NONE', ( #5622 ), #2058, .F. ) ;
#451 = ORIENTED_EDGE ( 'NONE', *, *, #805, .T. ) ;
#452 = VECTOR ( 'NONE', #10278, 1000.000000000000000 ) ;
#453 = CARTESIAN_POINT ( 'NONE',  ( 25.00000000000000355, 5.000000000000000000, -10.00000000000000000 ) ) ;
#454 = ORIENTED_EDGE ( 'NONE', *, *, #8600, .T. ) ;
#455 = CARTESIAN_POINT ( 'NONE',  ( 0.000000000000000000, 0.000000000000000000, -15.00000000000000000 ) ) ;
#456 = EDGE_CURVE ( 'NONE', #2137, #1542, #869, .T. ) ;
#457 = DIRECTION ( 'NONE',  ( 0.000000000000000000, -1.000000000000000000, 0.000000000000000000 ) ) ;
#458 = VERTEX_POINT ( 'NONE', #10951 ) ;
#459 = LINE ( 'NONE', #4276, #10852 ) ;
#460 = DIRECTION ( 'NONE',  ( 1.000000000000000000, 0.000000000000000000, 0.000000000000000000 ) ) ;
#461 = DIRECTION ( 'NONE',  ( -0.7071067811865475727, 0.000000000000000000, 0.7071067811865475727 ) ) ;
#462 = CARTESIAN_POINT ( 'NONE',  ( 20.00000000000000355, 8.000000000000000000, 17.58578643762692550 ) ) ;
#463 = EDGE_CURVE ( 'NONE', #6224, #7124, #6363, .T. ) ;
#464 = DIRECTION ( 'NONE',  ( 1.000000000000000000, 0.000000000000000000, 0.000000000000000000 ) ) ;
#465 = ORIENTED_EDGE ( 'NONE', *, *, #8235, .F. ) ;
#466 = ORIENTED_EDGE ( 'NONE', *, *, #9255, .F. ) ;
#467 = ORIENTED_EDGE ( 'NONE', *, *, #12205, .F. ) ;
#468 = EDGE_LOOP ( 'NONE', ( #2404, #7130, #6825, #1202 ) ) ;
#469 = LINE ( 'NONE', #11004, #11001 ) ;
#470 = EDGE_LOOP ( 'NONE', ( #6841, #7722, #4461, #8838 ) ) ;
#471 = LINE ( 'NONE', #6230, #8389 ) ;
#472 = DIRECTION ( 'NONE',  ( 0.000000000000000000, -1.000000000000000000, 0.000000000000000000 ) ) ;
#473 =( REPRESENTATION_RELATIONSHIP ('NONE','NONE', #2684, #7719 ) REPRESENTATION_RELATIONSHIP_WITH_TRANSFORMATION ( #9512 )SHAPE_REPRESENTATION_RELATIONSHIP( ) );
#474 = CARTESIAN_POINT ( 'NONE',  ( -1.167387816605745865, 5.910823181726930109, -13.00000000000000000 ) ) ;
#475 = DIRECTION ( 'NONE',  ( 0.000000000000000000, 0.000000000000000000, 1.000000000000000000 ) ) ;
#476 = CYLINDRICAL_SURFACE ( 'NONE', #11608, 1.974999999999980771 ) ;
#477 = ADVANCED_FACE ( 'NONE', ( #2372 ), #4764, .T. ) ;
#478 = CARTESIAN_POINT ( 'NONE',  ( -3.599999999999454303, 9.500000000000000000, -870.0000000000000000 ) ) ;
#479 = DIRECTION ( 'NONE',  ( 0.000000000000000000, 0.000000000000000000, -1.000000000000000000 ) ) ;
#480 = EDGE_LOOP ( 'NONE', ( #2232, #7128, #2566, #3591 ) ) ;
#481 = ORIENTED_EDGE ( 'NONE', *, *, #172, .F. ) ;
#482 = DIRECTION ( 'NONE',  ( 1.000000000000000000, 0.000000000000000000, 0.000000000000000000 ) ) ;
#483 = EDGE_CURVE ( 'NONE', #7502, #9372, #1368, .T. ) ;
#484 = VECTOR ( 'NONE', #376, 1000.000000000000000 ) ;
#485 = DIRECTION ( 'NONE',  ( 0.7071067811865474617, 0.000000000000000000, 0.7071067811865474617 ) ) ;
#486 = COLOUR_RGB ( '',0.7921568627450980005, 0.8196078431372548767, 0.9333333333333333481 ) ;
#487 = EDGE_LOOP ( 'NONE', ( #10665, #4988, #275, #1668 ) ) ;
#488 = DIRECTION ( 'NONE',  ( -0.000000000000000000, -1.000000000000000000, -0.000000000000000000 ) ) ;
#489 = CARTESIAN_POINT ( 'NONE',  ( -10.00000000000000000, -8.500000000000000000, -89.99999999999997158 ) ) ;
#490 = EDGE_CURVE ( 'NONE', #9419, #9419, #2967, .T. ) ;
#491 = DIRECTION ( 'NONE',  ( 0.000000000000000000, 0.000000000000000000, 1.000000000000000000 ) ) ;
#492 = FACE_OUTER_BOUND ( 'NONE', #5784, .T. ) ;
#493 = EDGE_CURVE ( 'NONE', #9238, #9238, #2178, .T. ) ;
#494 = DIRECTION ( 'NONE',  ( 0.7071067811865474617, 0.000000000000000000, -0.7071067811865474617 ) ) ;
#495 = CIRCLE ( 'NONE', #7473, 0.2799999999999979172 ) ;
#496 = PRODUCT_CONTEXT ( 'NONE', #8792, 'mechanical' ) ;
#497 = ORIENTED_EDGE ( 'NONE', *, *, #6335, .T. ) ;
#498 = DIRECTION ( 'NONE',  ( 0.7071067811865479058, 0.000000000000000000, -0.7071067811865470176 ) ) ;
#499 = VERTEX_POINT ( 'NONE', #2309 ) ;
#500 = CARTESIAN_POINT ( 'NONE',  ( -8.500000000000000000, -8.500000000000000000, -870.0000000000000000 ) ) ;
#501 = ORIENTED_EDGE ( 'NONE', *, *, #8720, .T. ) ;
#502 = AXIS2_PLACEMENT_3D ( 'NONE', #7728, #8731, #9564 ) ;
#503 = DIRECTION ( 'NONE',  ( -0.000000000000000000, -0.000000000000000000, -1.000000000000000000 ) ) ;
#504 = AXIS2_PLACEMENT_3D ( 'NONE', #6144, #9919, #9982 ) ;
#505 = PLANE ( 'NONE',  #10095 ) ;
#506 = ORIENTED_EDGE ( 'NONE', *, *, #8815, .T. ) ;
#507 = EDGE_CURVE ( 'NONE', #334, #9108, #2183, .T. ) ;
#508 = DIRECTION ( 'NONE',  ( -0.000000000000000000, 1.000000000000000000, -0.000000000000000000 ) ) ;
#509 = DIRECTION ( 'NONE',  ( -1.000000000000000000, -0.000000000000000000, -0.000000000000000000 ) ) ;
#510 = EDGE_CURVE ( 'NONE', #10056, #3679, #9006, .T. ) ;
#511 = DIRECTION ( 'NONE',  ( 0.000000000000000000, 1.000000000000000000, -0.000000000000000000 ) ) ;
#512 = VERTEX_POINT ( 'NONE', #8965 ) ;
#513 = AXIS2_PLACEMENT_3D ( 'NONE', #7001, #8948, #4253 ) ;
#514 = AXIS2_PLACEMENT_3D ( 'NONE', #5645, #2946, #9475 ) ;
#515 = ORIENTED_EDGE ( 'NONE', *, *, #7756, .F. ) ;
#516 = CIRCLE ( 'NONE', #4675, 0.1499999999999990785 ) ;
#517 = ORIENTED_EDGE ( 'NONE', *, *, #6808, .F. ) ;
#518 = DIRECTION ( 'NONE',  ( -0.000000000000000000, -1.000000000000000000, -0.000000000000000000 ) ) ;
#519 = ORIENTED_EDGE ( 'NONE', *, *, #9493, .T. ) ;
#520 = DIRECTION ( 'NONE',  ( 1.000000000000000000, 0.000000000000000000, 0.000000000000000000 ) ) ;
#521 = CARTESIAN_POINT ( 'NONE',  ( 0.000000000000000000, 0.000000000000000000, -2.000000000000000000 ) ) ;
#522 = ORIENTED_EDGE ( 'NONE', *, *, #4211, .T. ) ;
#523 = CARTESIAN_POINT ( 'NONE',  ( 17.58578643762691129, 7.800000000000001599, 20.00000000000000000 ) ) ;
#524 = EDGE_CURVE ( 'NONE', #7992, #5062, #9754, .T. ) ;
#525 = CIRCLE ( 'NONE', #2122, 1.000000000000000888 ) ;
#526 = CARTESIAN_POINT ( 'NONE',  ( 5.128648328663932610, -1.505321002607961312, -13.00000000000000000 ) ) ;
#527 = CARTESIAN_POINT ( 'NONE',  ( -1.583135775599255002, 6.103007956411144797, -13.00000000000000000 ) ) ;
#528 = LINE ( 'NONE', #5089, #8363 ) ;
#529 = EDGE_LOOP ( 'NONE', ( #9157, #10982, #4193, #1263, #7456, #8519, #11555, #11527, #5107, #8128, #10938, #4286, #6490, #11939, #1653, #6589, #11059, #11046, #11803, #9993, #10197, #7359, #7752, #1197, #8045, #12129, #8890, #2968, #2076, #5927, #6788, #1403, #519, #9853, #4758, #958, #7760, #1511, #2130, #10904, #1726, #5210, #10275, #9033, #6648, #10411, #7908, #1439, #8576, #8496, #11457, #12368, #5560, #9768, #2791, #9257, #6553, #2586, #6872, #7416, #8254, #1589, #5003, #11738, #8992, #2970, #1021, #7823, #8242, #6211, #4609, #12142, #12199, #11862, #6871, #8610 ) ) ;
#530 = ORIENTED_EDGE ( 'NONE', *, *, #6504, .F. ) ;
#531 = ADVANCED_FACE ( 'NONE', ( #8056 ), #11752, .T. ) ;
#532 = ORIENTED_EDGE ( 'NONE', *, *, #8789, .F. ) ;
#533 = ORIENTED_EDGE ( 'NONE', *, *, #1393, .T. ) ;
#534 = AXIS2_PLACEMENT_3D ( 'NONE', #7334, #894, #3706 ) ;
#535 = DIRECTION ( 'NONE',  ( -8.260587980841938780E-17, 0.000000000000000000, -1.000000000000000000 ) ) ;
#536 = PRODUCT ( 'AOB02-H2020-L870', 'AOB02-H2020-L870', '', ( #10271 ) ) ;
#537 = ORIENTED_EDGE ( 'NONE', *, *, #12132, .T. ) ;
#538 = CARTESIAN_POINT ( 'NONE',  ( 0.000000000000000000, 0.000000000000000000, -15.00000000000000000 ) ) ;
#539 = CARTESIAN_POINT ( 'NONE',  ( -20.00000000000000355, 40.00000000000000000, -17.58578643762691840 ) ) ;
#540 = EDGE_CURVE ( 'NONE', #9098, #3826, #3771, .T. ) ;
#541 = CARTESIAN_POINT ( 'NONE',  ( 0.3171893472501032263, 5.185307697522977932, -13.00000000000000000 ) ) ;
#542 = DIRECTION ( 'NONE',  ( -0.7071067811865646702, 0.7071067811865303643, 0.000000000000000000 ) ) ;
#543 = DIRECTION ( 'NONE',  ( -1.652117596168387263E-16, 0.000000000000000000, -1.000000000000000000 ) ) ;
#544 = AXIS2_PLACEMENT_3D ( 'NONE', #2449, #7192, #8252 ) ;
#545 = CARTESIAN_POINT ( 'NONE',  ( 21.00000000000000355, 32.20000000000000284, -17.58578643762690774 ) ) ;
#546 = CARTESIAN_POINT ( 'NONE',  ( 17.58578643762691129, 32.00000000000000000, 20.00000000000000000 ) ) ;
#547 = ORIENTED_EDGE ( 'NONE', *, *, #12208, .T. ) ;
#548 = ORIENTED_EDGE ( 'NONE', *, *, #10900, .T. ) ;
#549 = CARTESIAN_POINT ( 'NONE',  ( 20.70710678118654613, 0.1999999999999987899, 18.29289321881347163 ) ) ;
#550 = VECTOR ( 'NONE', #4987, 1000.000000000000000 ) ;
#551 = EDGE_CURVE ( 'NONE', #645, #2673, #9823, .T. ) ;
#552 = DIRECTION ( 'NONE',  ( 0.000000000000000000, -1.000000000000000000, 0.000000000000000000 ) ) ;
#553 = EDGE_LOOP ( 'NONE', ( #9481, #4495, #2215, #9650 ) ) ;
#554 = FACE_OUTER_BOUND ( 'NONE', #10859, .T. ) ;
#555 = DIRECTION ( 'NONE',  ( 0.000000000000000000, 0.000000000000000000, 1.000000000000000000 ) ) ;
#556 = FACE_BOUND ( 'NONE', #11279, .T. ) ;
#557 = LINE ( 'NONE', #5436, #11793 ) ;
#558 = DIRECTION ( 'NONE',  ( 1.000000000000000000, 0.000000000000000000, 0.000000000000000000 ) ) ;
#559 = VECTOR ( 'NONE', #8445, 1000.000000000000000 ) ;
#560 = VECTOR ( 'NONE', #4116, 1000.000000000000000 ) ;
#561 = APPLICATION_PROTOCOL_DEFINITION ( 'draft international standard', 'automotive_design', 1998, #4704 ) ;
#562 = ORIENTED_EDGE ( 'NONE', *, *, #12115, .T. ) ;
#563 = LINE ( 'NONE', #3621, #8156 ) ;
#564 = EDGE_CURVE ( 'NONE', #8920, #7789, #2582, .T. ) ;
#565 = LINE ( 'NONE', #439, #3582 ) ;
#566 = ORIENTED_EDGE ( 'NONE', *, *, #6373, .F. ) ;
#567 = VECTOR ( 'NONE', #9402, 1000.000000000000000 ) ;
#568 = TOROIDAL_SURFACE ( 'NONE', #151, 7.799999999999999822, 0.2999999999999999889 ) ;
#569 = CIRCLE ( 'NONE', #10368, 0.2800000000000024691 ) ;
#570 = CARTESIAN_POINT ( 'NONE',  ( -0.9013707041225506034, -5.998201072901427899, -13.00000000000000000 ) ) ;
#571 = DIRECTION ( 'NONE',  ( 1.000000000000000000, 0.000000000000000000, 0.000000000000000000 ) ) ;
#572 = EDGE_LOOP ( 'NONE', ( #4029 ) ) ;
#573 = FACE_OUTER_BOUND ( 'NONE', #10001, .T. ) ;
#574 = CARTESIAN_POINT ( 'NONE',  ( 0.000000000000000000, 0.000000000000000000, 0.000000000000000000 ) ) ;
#575 =( NAMED_UNIT ( * ) PLANE_ANGLE_UNIT ( ) SI_UNIT ( $, .RADIAN. ) );
#576 = CIRCLE ( 'NONE', #8978, 0.7999999999999986011 ) ;
#577 = VECTOR ( 'NONE', #1786, 1000.000000000000000 ) ;
#578 =( GEOMETRIC_REPRESENTATION_CONTEXT ( 3 ) GLOBAL_UNCERTAINTY_ASSIGNED_CONTEXT ( ( #1381 ) ) GLOBAL_UNIT_ASSIGNED_CONTEXT ( ( #7417, #11076, #6240 ) ) REPRESENTATION_CONTEXT ( 'NONE', 'WORKASPACE' ) );
#579 = ORIENTED_EDGE ( 'NONE', *, *, #10257, .F. ) ;
#580 = AXIS2_PLACEMENT_3D ( 'NONE', #7347, #4599, #5472 ) ;
#581 = EDGE_CURVE ( 'NONE', #1487, #12345, #9771, .T. ) ;
#582 = ORIENTED_EDGE ( 'NONE', *, *, #3908, .T. ) ;
#583 = CARTESIAN_POINT ( 'NONE',  ( 6.022394731077293173, 0.1771629280985722033, -2.000000000000000000 ) ) ;
#584 = ORIENTED_EDGE ( 'NONE', *, *, #1611, .F. ) ;
#585 = LINE ( 'NONE', #1531, #5605 ) ;
#586 = CARTESIAN_POINT ( 'NONE',  ( 17.58578643762691840, 7.800000000000001599, -21.00000000000000355 ) ) ;
#587 = EDGE_LOOP ( 'NONE', ( #5840 ) ) ;
#588 = VECTOR ( 'NONE', #747, 1000.000000000000000 ) ;
#589 = CIRCLE ( 'NONE', #8187, 0.2000000000000002887 ) ;
#590 = CARTESIAN_POINT ( 'NONE',  ( 0.000000000000000000, 0.000000000000000000, -15.00000000000000000 ) ) ;
#591 = AXIS2_PLACEMENT_3D ( 'NONE', #3334, #9863, #7027 ) ;
#592 = DIRECTION ( 'NONE',  ( 0.000000000000000000, 0.000000000000000000, 1.000000000000000000 ) ) ;
#593 = CARTESIAN_POINT ( 'NONE',  ( -12.82917960675006341, -4.341640786499874949, 5.000000000000000000 ) ) ;
#594 = CARTESIAN_POINT ( 'NONE',  ( 6.500000000000000888, 0.000000000000000000, -13.00000000000001066 ) ) ;
#595 = VERTEX_POINT ( 'NONE', #10825 ) ;
#596 = EDGE_LOOP ( 'NONE', ( #10588, #8073, #1457, #6215 ) ) ;
#597 = AXIS2_PLACEMENT_3D ( 'NONE', #1816, #6485, #3807 ) ;
#598 = EDGE_CURVE ( 'NONE', #9291, #9291, #5172, .T. ) ;
#599 = VECTOR ( 'NONE', #4772, 1000.000000000000000 ) ;
#600 = ORIENTED_EDGE ( 'NONE', *, *, #6852, .F. ) ;
#601 = EDGE_CURVE ( 'NONE', #8459, #8459, #2389, .T. ) ;
#602 = ORIENTED_EDGE ( 'NONE', *, *, #9354, .T. ) ;
#603 = CARTESIAN_POINT ( 'NONE',  ( 5.500000000000396128, 8.000000000000000000, -870.0000000000000000 ) ) ;
#604 = EDGE_LOOP ( 'NONE', ( #533 ) ) ;
#605 = DIRECTION ( 'NONE',  ( 0.000000000000000000, 0.000000000000000000, 1.000000000000000000 ) ) ;
#606 = FACE_OUTER_BOUND ( 'NONE', #4687, .T. ) ;
#607 = AXIS2_PLACEMENT_3D ( 'NONE', #9872, #5098, #337 ) ;
#608 = DIRECTION ( 'NONE',  ( 0.000000000000000000, 0.000000000000000000, 1.000000000000000000 ) ) ;
#609 = AXIS2_PLACEMENT_3D ( 'NONE', #9060, #2300, #10010 ) ;
#610 = CARTESIAN_POINT ( 'NONE',  ( -17.58578643762690774, 32.00000000000000000, -20.00000000000000000 ) ) ;
#611 = DIRECTION ( 'NONE',  ( -0.000000000000000000, -0.000000000000000000, 1.000000000000000000 ) ) ;
#612 = DIRECTION ( 'NONE',  ( 1.652117596168387263E-16, 0.000000000000000000, 1.000000000000000000 ) ) ;
#613 = ORIENTED_EDGE ( 'NONE', *, *, #11158, .T. ) ;
#614 = EDGE_CURVE ( 'NONE', #1477, #5038, #8814, .T. ) ;
#615 = ORIENTED_EDGE ( 'NONE', *, *, #728, .T. ) ;
#616 = CIRCLE ( 'NONE', #11216, 2.250000000000000000 ) ;
#617 = DIRECTION ( 'NONE',  ( 0.000000000000000000, 0.000000000000000000, 1.000000000000000000 ) ) ;
#618 = DIRECTION ( 'NONE',  ( 0.000000000000000000, 0.000000000000000000, 1.000000000000000000 ) ) ;
#619 = ORIENTED_EDGE ( 'NONE', *, *, #7643, .F. ) ;
#620 = PRODUCT_RELATED_PRODUCT_CATEGORY ( 'part', '', ( #9246 ) ) ;
#621 = EDGE_CURVE ( 'NONE', #8811, #288, #9581, .T. ) ;
#622 = DIRECTION ( 'NONE',  ( 0.000000000000000000, 0.000000000000000000, 1.000000000000000000 ) ) ;
#623 = DIRECTION ( 'NONE',  ( -1.000000000000000000, 0.000000000000000000, 0.000000000000000000 ) ) ;
#624 = DIRECTION ( 'NONE',  ( 0.000000000000000000, 0.000000000000000000, 1.000000000000000000 ) ) ;
#625 = MANIFOLD_SOLID_BREP ( '\X2\52079664\X0\-\X2\62c94f38\X0\2', #8539 ) ;
#626 = LINE ( 'NONE', #2448, #10203 ) ;
#627 = VECTOR ( 'NONE', #10783, 1000.000000000000000 ) ;
#628 = FACE_OUTER_BOUND ( 'NONE', #10974, .T. ) ;
#629 = EDGE_CURVE ( 'NONE', #12040, #2440, #4606, .T. ) ;
#630 = PRODUCT_CONTEXT ( 'NONE', #1126, 'mechanical' ) ;
#631 = ORIENTED_EDGE ( 'NONE', *, *, #4729, .F. ) ;
#632 = CARTESIAN_POINT ( 'NONE',  ( -3.899999999999464784, -2.909999999999910880, -870.0000000000000000 ) ) ;
#633 = DIRECTION ( 'NONE',  ( -0.000000000000000000, 1.000000000000000000, -0.000000000000000000 ) ) ;
#634 = VECTOR ( 'NONE', #8135, 1000.000000000000000 ) ;
#635 = ORIENTED_EDGE ( 'NONE', *, *, #2374, .F. ) ;
#636 = CYLINDRICAL_SURFACE ( 'NONE', #6478, 5.194999999999999396 ) ;
#637 = ORIENTED_EDGE ( 'NONE', *, *, #9524, .T. ) ;
#638 = DIRECTION ( 'NONE',  ( 0.000000000000000000, 1.000000000000000000, 0.000000000000000000 ) ) ;
#639 = DIRECTION ( 'NONE',  ( 1.000000000000000000, 0.000000000000000000, 0.000000000000000000 ) ) ;
#640 = CIRCLE ( 'NONE', #8426, 0.7999999999999986011 ) ;
#641 = PRODUCT_DEFINITION_SHAPE ( 'NONE', 'NONE',  #12391 ) ;
#642 = ORIENTED_EDGE ( 'NONE', *, *, #71, .F. ) ;
#643 = VERTEX_POINT ( 'NONE', #8937 ) ;
#644 = DIRECTION ( 'NONE',  ( -0.000000000000000000, -0.000000000000000000, -1.000000000000000000 ) ) ;
#645 = VERTEX_POINT ( 'NONE', #3481 ) ;
#646 = CARTESIAN_POINT ( 'NONE',  ( -0.4333079431568606643, 5.229863506334589296, -13.00000000000000000 ) ) ;
#647 = DIRECTION ( 'NONE',  ( 1.000000000000000000, 0.000000000000000000, 0.000000000000000000 ) ) ;
#648 = VERTEX_POINT ( 'NONE', #10199 ) ;
#649 = AXIS2_PLACEMENT_3D ( 'NONE', #5219, #1215, #4217 ) ;
#650 = DIRECTION ( 'NONE',  ( -0.7071067811865356934, -0.7071067811865594521, 0.000000000000000000 ) ) ;
#651 = CARTESIAN_POINT ( 'NONE',  ( 0.000000000000000000, 39.89999999999999858, 0.000000000000000000 ) ) ;
#652 = ADVANCED_FACE ( 'NONE', ( #1738 ), #163, .T. ) ;
#653 = LINE ( 'NONE', #4702, #4718 ) ;
#654 = ADVANCED_FACE ( 'NONE', ( #7357 ), #6417, .T. ) ;
#655 = CARTESIAN_POINT ( 'NONE',  ( 0.000000000000000000, 41.50000000000000000, 7.500000000000000000 ) ) ;
#656 = ORIENTED_EDGE ( 'NONE', *, *, #10642, .F. ) ;
#657 = AXIS2_PLACEMENT_3D ( 'NONE', #8837, #444, #6009 ) ;
#658 = EDGE_LOOP ( 'NONE', ( #11971, #10439, #1006, #30 ) ) ;
#659 = ORIENTED_EDGE ( 'NONE', *, *, #4811, .F. ) ;
#660 = CARTESIAN_POINT ( 'NONE',  ( 0.4333079431568576112, -5.229863506334584855, -13.00000000000000000 ) ) ;
#661 = EDGE_LOOP ( 'NONE', ( #6819 ) ) ;
#662 = DIRECTION ( 'NONE',  ( -0.7071067811865474617, 0.000000000000000000, -0.7071067811865474617 ) ) ;
#663 = FACE_OUTER_BOUND ( 'NONE', #4230, .T. ) ;
#664 = FACE_OUTER_BOUND ( 'NONE', #2726, .T. ) ;
#665 = EDGE_CURVE ( 'NONE', #5680, #11572, #2620, .T. ) ;
#666 = CARTESIAN_POINT ( 'NONE',  ( 5.647239797928352623, 2.213496763471848094, -13.00000000000000000 ) ) ;
#667 = EDGE_CURVE ( 'NONE', #2041, #3431, #3429, .T. ) ;
#668 = LINE ( 'NONE', #9433, #4162 ) ;
#669 = EDGE_CURVE ( 'NONE', #3415, #11226, #8184, .T. ) ;
#670 = ORIENTED_EDGE ( 'NONE', *, *, #5090, .T. ) ;
#671 = ORIENTED_EDGE ( 'NONE', *, *, #11638, .F. ) ;
#672 = CYLINDRICAL_SURFACE ( 'NONE', #1167, 1.000000000000000888 ) ;
#673 = FACE_OUTER_BOUND ( 'NONE', #1681, .T. ) ;
#674 = ORIENTED_EDGE ( 'NONE', *, *, #435, .F. ) ;
#675 = CARTESIAN_POINT ( 'NONE',  ( 0.000000000000000000, 0.000000000000000000, -15.00000000000000000 ) ) ;
#676 = CARTESIAN_POINT ( 'NONE',  ( -5.002319821024736157, 1.586198120247337862, -2.000000000000000000 ) ) ;
#677 = CARTESIAN_POINT ( 'NONE',  ( 0.000000000000000000, 5.000000000000000000, -2.000000000000000000 ) ) ;
#678 = FACE_OUTER_BOUND ( 'NONE', #9216, .T. ) ;
#679 = ADVANCED_FACE ( 'NONE', ( #11133 ), #672, .T. ) ;
#680 = DIRECTION ( 'NONE',  ( 0.000000000000000000, 0.000000000000000000, 1.000000000000000000 ) ) ;
#681 = ORIENTED_EDGE ( 'NONE', *, *, #4707, .F. ) ;
#682 = EDGE_CURVE ( 'NONE', #8608, #103, #5480, .T. ) ;
#683 = CARTESIAN_POINT ( 'NONE',  ( 6.490000000000295977, 5.500000000000284217, -870.0000000000000000 ) ) ;
#684 = DIRECTION ( 'NONE',  ( -0.7071067811865459074, 0.000000000000000000, -0.7071067811865492381 ) ) ;
#685 = VERTEX_POINT ( 'NONE', #11021 ) ;
#686 = CARTESIAN_POINT ( 'NONE',  ( 3.900000000000319655, 0.5200000000002080736, -89.99999999999997158 ) ) ;
#687 = DIRECTION ( 'NONE',  ( 0.000000000000000000, -1.000000000000000000, 0.000000000000000000 ) ) ;
#688 = DIRECTION ( 'NONE',  ( -0.7071067811865475727, 0.000000000000000000, 0.7071067811865475727 ) ) ;
#689 = AXIS2_PLACEMENT_3D ( 'NONE', #4059, #10645, #9641 ) ;
#690 = LINE ( 'NONE', #1644, #5964 ) ;
#691 = EDGE_CURVE ( 'NONE', #5970, #7885, #11369, .T. ) ;
#692 = AXIS2_PLACEMENT_3D ( 'NONE', #10765, #7054, #296 ) ;
#693 = CARTESIAN_POINT ( 'NONE',  ( -4.984719937775328624, -1.463076259784537925, -13.00000000000000000 ) ) ;
#694 = ORIENTED_EDGE ( 'NONE', *, *, #10021, .F. ) ;
#695 = AXIS2_PLACEMENT_3D ( 'NONE', #11824, #3238, #9952 ) ;
#696 = ORIENTED_EDGE ( 'NONE', *, *, #6473, .T. ) ;
#697 = VECTOR ( 'NONE', #1044, 1000.000000000000000 ) ;
#698 = CARTESIAN_POINT ( 'NONE',  ( 1.583135775599258332, 6.103007956411144797, -2.000000000000000000 ) ) ;
#699 = VERTEX_POINT ( 'NONE', #727 ) ;
#700 = DIRECTION ( 'NONE',  ( -0.000000000000000000, -0.000000000000000000, -1.000000000000000000 ) ) ;
#701 = ADVANCED_FACE ( 'NONE', ( #2438 ), #5367, .T. ) ;
#702 = CARTESIAN_POINT ( 'NONE',  ( 17.58578643762691840, 0.000000000000000000, -20.80000000000000426 ) ) ;
#703 = ORIENTED_EDGE ( 'NONE', *, *, #10864, .T. ) ;
#704 = DIRECTION ( 'NONE',  ( 0.000000000000000000, -1.000000000000000000, 0.000000000000000000 ) ) ;
#705 = DIRECTION ( 'NONE',  ( 0.000000000000000000, 0.000000000000000000, 1.000000000000000000 ) ) ;
#706 = DIRECTION ( 'NONE',  ( -0.000000000000000000, -0.000000000000000000, 1.000000000000000000 ) ) ;
#707 = AXIS2_PLACEMENT_3D ( 'NONE', #4882, #12338, #5758 ) ;
#708 = LINE ( 'NONE', #836, #1130 ) ;
#709 = AXIS2_PLACEMENT_3D ( 'NONE', #5217, #9040, #3965 ) ;
#710 = LINE ( 'NONE', #11237, #1166 ) ;
#711 = EDGE_CURVE ( 'NONE', #1063, #11353, #11195, .T. ) ;
#712 = ORIENTED_EDGE ( 'NONE', *, *, #8691, .T. ) ;
#713 = EDGE_LOOP ( 'NONE', ( #6124, #11478, #10745, #11792 ) ) ;
#714 = VERTEX_POINT ( 'NONE', #549 ) ;
#715 = DIRECTION ( 'NONE',  ( -0.7071067811865355823, -0.7071067811865595631, 0.000000000000000000 ) ) ;
#716 = EDGE_CURVE ( 'NONE', #1981, #2146, #9182, .T. ) ;
#717 = ORIENTED_EDGE ( 'NONE', *, *, #6213, .F. ) ;
#718 = DIRECTION ( 'NONE',  ( -0.000000000000000000, -0.000000000000000000, -1.000000000000000000 ) ) ;
#719 = EDGE_CURVE ( 'NONE', #9375, #10443, #6300, .T. ) ;
#720 = DIRECTION ( 'NONE',  ( -0.000000000000000000, -0.000000000000000000, 1.000000000000000000 ) ) ;
#721 = DIRECTION ( 'NONE',  ( -0.000000000000000000, -0.000000000000000000, 1.000000000000000000 ) ) ;
#722 = CARTESIAN_POINT ( 'NONE',  ( 0.000000000000000000, 0.000000000000000000, -500.0000000000000000 ) ) ;
#723 = CARTESIAN_POINT ( 'NONE',  ( -3.599999999999454303, 10.00000000000000000, -89.99999999999997158 ) ) ;
#724 = VECTOR ( 'NONE', #10806, 1000.000000000000000 ) ;
#725 = ORIENTED_EDGE ( 'NONE', *, *, #11413, .T. ) ;
#726 = ORIENTED_EDGE ( 'NONE', *, *, #1635, .T. ) ;
#727 = CARTESIAN_POINT ( 'NONE',  ( -4.359035021885707906, -2.921992769749271801, -2.000000000000000000 ) ) ;
#728 = EDGE_CURVE ( 'NONE', #1267, #7789, #6605, .T. ) ;
#729 = ORIENTED_EDGE ( 'NONE', *, *, #4688, .F. ) ;
#730 = ADVANCED_FACE ( 'NONE', ( #11495 ), #86, .T. ) ;
#731 = LINE ( 'NONE', #5368, #402 ) ;
#732 = AXIS2_PLACEMENT_3D ( 'NONE', #5119, #4189, #9959 ) ;
#733 = ORIENTED_EDGE ( 'NONE', *, *, #9161, .F. ) ;
#734 = AXIS2_PLACEMENT_3D ( 'NONE', #8946, #1248, #6644 ) ;
#735 = LINE ( 'NONE', #7541, #9104 ) ;
#736 = DIRECTION ( 'NONE',  ( 0.000000000000000000, 0.000000000000000000, 1.000000000000000000 ) ) ;
#737 = DIRECTION ( 'NONE',  ( 1.000000000000000000, 0.000000000000000000, 0.000000000000000000 ) ) ;
#738 = MANIFOLD_SOLID_BREP ( '\X2\52079664\X0\-\X2\62c94f38\X0\1', #5933 ) ;
#739 = PLANE ( 'NONE',  #3790 ) ;
#740 = CARTESIAN_POINT ( 'NONE',  ( -18.15147186257615530, 0.000000000000000000, 20.56568542494924046 ) ) ;
#741 = ITEM_DEFINED_TRANSFORMATION ( 'NONE', 'NONE', #2138,  #11368 ) ;
#742 = EDGE_LOOP ( 'NONE', ( #10178, #5154, #8525, #397 ) ) ;
#743 = VECTOR ( 'NONE', #10082, 1000.000000000000000 ) ;
#744 = CARTESIAN_POINT ( 'NONE',  ( 10.00000000000000000, 3.599999999999909051, -870.0000000000000000 ) ) ;
#745 = ADVANCED_FACE ( 'NONE', ( #9496 ), #5842, .T. ) ;
#746 = ADVANCED_FACE ( 'NONE', ( #1980 ), #10378, .T. ) ;
#747 = DIRECTION ( 'NONE',  ( 0.7071067811865495711, -0.000000000000000000, -0.7071067811865454633 ) ) ;
#748 = VERTEX_POINT ( 'NONE', #8476 ) ;
#749 = DIRECTION ( 'NONE',  ( 1.000000000000000000, 0.000000000000000000, 0.000000000000000000 ) ) ;
#750 = DIRECTION ( 'NONE',  ( -0.000000000000000000, -1.000000000000000000, -0.000000000000000000 ) ) ;
#751 = CARTESIAN_POINT ( 'NONE',  ( -24.99999999999998934, -25.00000000000000355, 0.000000000000000000 ) ) ;
#752 = DIRECTION ( 'NONE',  ( 1.000000000000000000, 0.000000000000000000, 0.000000000000000000 ) ) ;
#753 = AXIS2_PLACEMENT_3D ( 'NONE', #816, #4625, #8441 ) ;
#754 = CARTESIAN_POINT ( 'NONE',  ( -3.818708854640333605, -3.599540352876270610, -2.000000000000000000 ) ) ;
#755 = VERTEX_POINT ( 'NONE', #8208 ) ;
#756 = ORIENTED_EDGE ( 'NONE', *, *, #2902, .T. ) ;
#757 = AXIS2_PLACEMENT_3D ( 'NONE', #11220, #4325, #6265 ) ;
#758 = ORIENTED_EDGE ( 'NONE', *, *, #338, .F. ) ;
#759 = AXIS2_PLACEMENT_3D ( 'NONE', #11203, #2556, #7424 ) ;
#760 = ADVANCED_FACE ( 'NONE', ( #12304, #978 ), #6784, .F. ) ;
#761 = CARTESIAN_POINT ( 'NONE',  ( 1.167387816605746309, 5.910823181726929221, -13.00000000000000000 ) ) ;
#762 = ORIENTED_EDGE ( 'NONE', *, *, #3125, .F. ) ;
#763 = CARTESIAN_POINT ( 'NONE',  ( 9.500000000000000000, 3.599999999999909051, -870.0000000000000000 ) ) ;
#764 = DIRECTION ( 'NONE',  ( -0.000000000000000000, -0.000000000000000000, -1.000000000000000000 ) ) ;
#765 = EDGE_LOOP ( 'NONE', ( #939, #420, #10258, #7339 ) ) ;
#766 = DIRECTION ( 'NONE',  ( 0.000000000000000000, 0.000000000000000000, -1.000000000000000000 ) ) ;
#767 = CARTESIAN_POINT ( 'NONE',  ( -21.00000000000000355, 40.00000000000000000, -18.00000000000001421 ) ) ;
#768 = EDGE_CURVE ( 'NONE', #5519, #5519, #5182, .T. ) ;
#769 = VECTOR ( 'NONE', #3577, 1000.000000000000000 ) ;
#770 = DIRECTION ( 'NONE',  ( 0.000000000000000000, 1.000000000000000000, 0.000000000000000000 ) ) ;
#771 = AXIS2_PLACEMENT_3D ( 'NONE', #6044, #7045, #9122 ) ;
#772 = CIRCLE ( 'NONE', #2368, 1.000000000000000888 ) ;
#773 = CARTESIAN_POINT ( 'NONE',  ( -18.29289321881346453, 0.1999999999999987899, 20.70710678118654968 ) ) ;
#774 = AXIS2_PLACEMENT_3D ( 'NONE', #11487, #8718, #10486 ) ;
#775 = CARTESIAN_POINT ( 'NONE',  ( -19.00000000000000000, 16.50000000000000000, 0.000000000000000000 ) ) ;
#776 = VERTEX_POINT ( 'NONE', #2043 ) ;
#777 = ORIENTED_EDGE ( 'NONE', *, *, #820, .T. ) ;
#778 = DIRECTION ( 'NONE',  ( -0.7071067811865474617, 0.000000000000000000, -0.7071067811865474617 ) ) ;
#779 = AXIS2_PLACEMENT_3D ( 'NONE', #2683, #684, #8257 ) ;
#780 = CARTESIAN_POINT ( 'NONE',  ( -10.00000000000000000, -3.599999999999909051, -89.99999999999997158 ) ) ;
#781 = EDGE_LOOP ( 'NONE', ( #57, #10377, #10223, #3266 ) ) ;
#782 = AXIS2_PLACEMENT_3D ( 'NONE', #3914, #9729, #12359 ) ;
#783 = AXIS2_PLACEMENT_3D ( 'NONE', #6048, #6916, #11821 ) ;
#784 = CIRCLE ( 'NONE', #2969, 0.1999999999999987899 ) ;
#785 = CARTESIAN_POINT ( 'NONE',  ( -18.00000000000001066, 32.20000000000000284, 21.00000000000000355 ) ) ;
#786 = FACE_BOUND ( 'NONE', #2042, .T. ) ;
#787 = DIRECTION ( 'NONE',  ( -1.000000000000000000, 0.000000000000000000, 0.000000000000000000 ) ) ;
#788 = DIRECTION ( 'NONE',  ( 0.000000000000000000, 0.000000000000000000, 1.000000000000000000 ) ) ;
#789 = DIRECTION ( 'NONE',  ( 1.000000000000000000, 0.000000000000000000, 0.000000000000000000 ) ) ;
#790 = VECTOR ( 'NONE', #6801, 1000.000000000000000 ) ;
#791 = CIRCLE ( 'NONE', #9393, 1.975000000000027844 ) ;
#792 = VERTEX_POINT ( 'NONE', #7606 ) ;
#793 = ORIENTED_EDGE ( 'NONE', *, *, #5296, .F. ) ;
#794 = EDGE_LOOP ( 'NONE', ( #3011 ) ) ;
#795 = PLANE ( 'NONE',  #7184 ) ;
#796 = ORIENTED_EDGE ( 'NONE', *, *, #12130, .T. ) ;
#797 = AXIS2_PLACEMENT_3D ( 'NONE', #2382, #2501, #10142 ) ;
#798 = VECTOR ( 'NONE', #74, 1000.000000000000000 ) ;
#799 = FACE_OUTER_BOUND ( 'NONE', #3467, .T. ) ;
#800 = CYLINDRICAL_SURFACE ( 'NONE', #11699, 0.2799999999999994160 ) ;
#801 = DIRECTION ( 'NONE',  ( -0.7071067811865594521, 0.7071067811865356934, 0.000000000000000000 ) ) ;
#802 = DIRECTION ( 'NONE',  ( -1.000000000000000000, 0.000000000000000000, 0.000000000000000000 ) ) ;
#803 = PLANE ( 'NONE',  #8795 ) ;
#804 = CARTESIAN_POINT ( 'NONE',  ( -19.35857864376273341, 32.00000000000000000, 19.35857864376266235 ) ) ;
#805 = EDGE_CURVE ( 'NONE', #10118, #5457, #3664, .T. ) ;
#806 = EDGE_CURVE ( 'NONE', #12148, #9705, #1229, .T. ) ;
#807 = VERTEX_POINT ( 'NONE', #4722 ) ;
#808 = AXIS2_PLACEMENT_3D ( 'NONE', #10860, #10922, #7895 ) ;
#809 = VECTOR ( 'NONE', #7411, 1000.000000000000000 ) ;
#810 = VERTEX_POINT ( 'NONE', #11373 ) ;
#811 = PLANE ( 'NONE',  #4163 ) ;
#812 = PLANE ( 'NONE',  #2387 ) ;
#813 = ORIENTED_EDGE ( 'NONE', *, *, #2926, .F. ) ;
#814 = DIRECTION ( 'NONE',  ( 0.000000000000000000, 0.000000000000000000, 1.000000000000000000 ) ) ;
#815 = AXIS2_PLACEMENT_3D ( 'NONE', #9470, #7696, #1888 ) ;
#816 = CARTESIAN_POINT ( 'NONE',  ( -18.15147186257615530, 7.800000000000001599, 20.56568542494924046 ) ) ;
#817 = DIRECTION ( 'NONE',  ( -0.000000000000000000, -0.000000000000000000, 1.000000000000000000 ) ) ;
#818 = DIRECTION ( 'NONE',  ( -0.000000000000000000, -0.000000000000000000, -1.000000000000000000 ) ) ;
#819 = CARTESIAN_POINT ( 'NONE',  ( 19.35857864376278670, 39.80000000000000426, -19.35857864376259485 ) ) ;
#820 = EDGE_CURVE ( 'NONE', #2406, #1349, #7374, .T. ) ;
#821 = ADVANCED_FACE ( 'NONE', ( #9622 ), #1034, .F. ) ;
#822 = VERTEX_POINT ( 'NONE', #6442 ) ;
#823 = EDGE_CURVE ( 'NONE', #4201, #2658, #12375, .T. ) ;
#824 = EDGE_LOOP ( 'NONE', ( #18 ) ) ;
#825 = CIRCLE ( 'NONE', #7809, 0.1499999999999978018 ) ;
#826 = ORIENTED_EDGE ( 'NONE', *, *, #2956, .T. ) ;
#827 = FACE_OUTER_BOUND ( 'NONE', #9351, .T. ) ;
#828 = ORIENTED_EDGE ( 'NONE', *, *, #386, .F. ) ;
#829 = CARTESIAN_POINT ( 'NONE',  ( 2.535598419378960244, -4.534177505969843480, -13.00000000000000000 ) ) ;
#830 = DIRECTION ( 'NONE',  ( -1.000000000000000000, 0.000000000000000000, 0.000000000000000000 ) ) ;
#831 = EDGE_LOOP ( 'NONE', ( #10328, #8593, #8437, #7891 ) ) ;
#832 = DIRECTION ( 'NONE',  ( 0.000000000000000000, 0.000000000000000000, -1.000000000000000000 ) ) ;
#833 = DIRECTION ( 'NONE',  ( 0.7071067811865167085, -0.7071067811865784369, 0.000000000000000000 ) ) ;
#834 = AXIS2_PLACEMENT_3D ( 'NONE', #6316, #1812, #9145 ) ;
#835 = DIRECTION ( 'NONE',  ( -1.000000000000000000, 0.000000000000000000, 0.000000000000000000 ) ) ;
#836 = CARTESIAN_POINT ( 'NONE',  ( 3.600000000000363798, 10.00000000000000000, -870.0000000000000000 ) ) ;
#837 = EDGE_CURVE ( 'NONE', #6497, #2551, #6184, .T. ) ;
#838 = CARTESIAN_POINT ( 'NONE',  ( -3.249999999999999112, -5.000000000000000000, 5.000000000000000000 ) ) ;
#839 = ORIENTED_EDGE ( 'NONE', *, *, #4710, .T. ) ;
#840 = EDGE_LOOP ( 'NONE', ( #5201, #5724, #9696, #11543 ) ) ;
#841 = EDGE_CURVE ( 'NONE', #8872, #2524, #9869, .T. ) ;
#842 = CARTESIAN_POINT ( 'NONE',  ( 0.000000000000000000, 0.000000000000000000, -2.000000000000000000 ) ) ;
#843 = AXIS2_PLACEMENT_3D ( 'NONE', #10485, #1143, #7525 ) ;
#844 = DIRECTION ( 'NONE',  ( 0.000000000000000000, 0.000000000000000000, 1.000000000000000000 ) ) ;
#845 = ORIENTED_EDGE ( 'NONE', *, *, #2065, .T. ) ;
#846 = CARTESIAN_POINT ( 'NONE',  ( 0.3171893472501005617, -5.185307697522977932, -13.00000000000000000 ) ) ;
#847 = DIRECTION ( 'NONE',  ( 1.000000000000000000, 0.000000000000000000, 0.000000000000000000 ) ) ;
#848 = DIRECTION ( 'NONE',  ( 0.7071067811865487940, 0.000000000000000000, -0.7071067811865463515 ) ) ;
#849 = LINE ( 'NONE', #2785, #7206 ) ;
#850 = DIRECTION ( 'NONE',  ( 1.000000000000000000, 0.000000000000000000, 0.000000000000000000 ) ) ;
#851 = AXIS2_PLACEMENT_3D ( 'NONE', #10546, #6832, #10672 ) ;
#852 = EDGE_LOOP ( 'NONE', ( #7894 ) ) ;
#853 = ORIENTED_EDGE ( 'NONE', *, *, #9695, .T. ) ;
#854 = CARTESIAN_POINT ( 'NONE',  ( -2.692307692307692513, 48.80769230769231370, 0.5769230769230769829 ) ) ;
#855 = ORIENTED_EDGE ( 'NONE', *, *, #3984, .T. ) ;
#856 = DIRECTION ( 'NONE',  ( -0.7071067811865474617, 0.000000000000000000, 0.7071067811865474617 ) ) ;
#857 = AXIS2_PLACEMENT_3D ( 'NONE', #8961, #6881, #3130 ) ;
#858 = ORIENTED_EDGE ( 'NONE', *, *, #2, .T. ) ;
#859 = CARTESIAN_POINT ( 'NONE',  ( 17.58578643762691129, 0.1999999999999987899, 20.00000000000000000 ) ) ;
#860 = EDGE_CURVE ( 'NONE', #2668, #11370, #335, .T. ) ;
#861 = FACE_BOUND ( 'NONE', #824, .T. ) ;
#862 = DIRECTION ( 'NONE',  ( -0.000000000000000000, -0.000000000000000000, -1.000000000000000000 ) ) ;
#863 = CARTESIAN_POINT ( 'NONE',  ( 3.100000000000363798, -9.500000000000000000, -870.0000000000000000 ) ) ;
#864 = FACE_OUTER_BOUND ( 'NONE', #10135, .T. ) ;
#865 = DIRECTION ( 'NONE',  ( -0.000000000000000000, -0.000000000000000000, -1.000000000000000000 ) ) ;
#866 = ORIENTED_EDGE ( 'NONE', *, *, #3095, .T. ) ;
#867 = CONTEXT_DEPENDENT_SHAPE_REPRESENTATION ( #9034, #641 ) ;
#868 = ORIENTED_EDGE ( 'NONE', *, *, #3722, .T. ) ;
#869 = LINE ( 'NONE', #8494, #7967 ) ;
#870 = DIRECTION ( 'NONE',  ( -1.000000000000000000, 0.000000000000000000, 0.000000000000000000 ) ) ;
#871 = ORIENTED_EDGE ( 'NONE', *, *, #6026, .F. ) ;
#872 = EDGE_CURVE ( 'NONE', #10716, #10483, #7851, .T. ) ;
#873 = EDGE_CURVE ( 'NONE', #7936, #9108, #7978, .T. ) ;
#874 = CARTESIAN_POINT ( 'NONE',  ( 20.80000000000000426, 32.20000000000000284, -17.58578643762690774 ) ) ;
#875 = CARTESIAN_POINT ( 'NONE',  ( 0.000000000000000000, 0.000000000000000000, -13.00000000000000000 ) ) ;
#876 = FACE_OUTER_BOUND ( 'NONE', #11135, .T. ) ;
#877 = FACE_OUTER_BOUND ( 'NONE', #4974, .T. ) ;
#878 = FACE_OUTER_BOUND ( 'NONE', #1005, .T. ) ;
#879 =( NAMED_UNIT ( * ) PLANE_ANGLE_UNIT ( ) SI_UNIT ( $, .RADIAN. ) );
#880 = EDGE_LOOP ( 'NONE', ( #287, #7340, #8212, #7662 ) ) ;
#881 = ORIENTED_EDGE ( 'NONE', *, *, #1506, .F. ) ;
#882 = LINE ( 'NONE', #12331, #10568 ) ;
#883 = ORIENTED_EDGE ( 'NONE', *, *, #1635, .F. ) ;
#884 = EDGE_CURVE ( 'NONE', #12226, #12226, #3585, .T. ) ;
#885 = AXIS2_PLACEMENT_3D ( 'NONE', #3948, #11596, #10656 ) ;
#886 = EDGE_CURVE ( 'NONE', #9689, #10966, #5095, .T. ) ;
#887 = FACE_OUTER_BOUND ( 'NONE', #1918, .T. ) ;
#888 = CIRCLE ( 'NONE', #692, 6.304999999999999716 ) ;
#889 = DIRECTION ( 'NONE',  ( 1.000000000000000000, 0.000000000000000000, 0.000000000000000000 ) ) ;
#890 = EDGE_LOOP ( 'NONE', ( #2654, #5867, #1367, #4954 ) ) ;
#891 = CARTESIAN_POINT ( 'NONE',  ( 0.000000000000000000, 41.50000000000000000, 0.000000000000000000 ) ) ;
#892 = DIRECTION ( 'NONE',  ( 1.000000000000000000, 0.000000000000000000, 0.000000000000000000 ) ) ;
#893 = DIRECTION ( 'NONE',  ( -0.000000000000000000, 1.000000000000000000, 0.000000000000000000 ) ) ;
#894 = DIRECTION ( 'NONE',  ( -0.7071067811865491270, 0.000000000000000000, 0.7071067811865459074 ) ) ;
#895 = VERTEX_POINT ( 'NONE', #4703 ) ;
#896 = AXIS2_PLACEMENT_3D ( 'NONE', #1878, #5683, #6678 ) ;
#897 = ORIENTED_EDGE ( 'NONE', *, *, #11105, .F. ) ;
#898 = AXIS2_PLACEMENT_3D ( 'NONE', #2734, #6547, #3616 ) ;
#899 = EDGE_LOOP ( 'NONE', ( #9140, #3663, #10047, #5283 ) ) ;
#900 = CARTESIAN_POINT ( 'NONE',  ( -17.58578643762690774, 0.1999999999999987899, -20.00000000000000000 ) ) ;
#901 = DIRECTION ( 'NONE',  ( 1.000000000000000000, 0.000000000000000000, 0.000000000000000000 ) ) ;
#902 = ORIENTED_EDGE ( 'NONE', *, *, #7381, .T. ) ;
#903 = EDGE_CURVE ( 'NONE', #2773, #2773, #6773, .T. ) ;
#904 = FACE_BOUND ( 'NONE', #2161, .T. ) ;
#905 = CARTESIAN_POINT ( 'NONE',  ( 18.15147186257614820, 39.80000000000000426, 20.56568542494924046 ) ) ;
#906 = AXIS2_PLACEMENT_3D ( 'NONE', #1094, #9742, #5973 ) ;
#907 = VECTOR ( 'NONE', #7393, 1000.000000000000000 ) ;
#908 = FACE_OUTER_BOUND ( 'NONE', #115, .T. ) ;
#909 = CARTESIAN_POINT ( 'NONE',  ( 0.000000000000000000, 0.000000000000000000, -13.00000000000000000 ) ) ;
#910 = EDGE_CURVE ( 'NONE', #8404, #10795, #3090, .T. ) ;
#911 = CARTESIAN_POINT ( 'NONE',  ( 20.56568542494923690, 0.000000000000000000, -18.15147186257613754 ) ) ;
#912 = CIRCLE ( 'NONE', #8104, 0.7999999999999986011 ) ;
#913 = ORIENTED_EDGE ( 'NONE', *, *, #10902, .T. ) ;
#914 = ORIENTED_EDGE ( 'NONE', *, *, #7705, .F. ) ;
#915 = CARTESIAN_POINT ( 'NONE',  ( 5.500000000000397904, -8.000000000000000000, -870.0000000000000000 ) ) ;
#916 = ORIENTED_EDGE ( 'NONE', *, *, #10257, .T. ) ;
#917 = ADVANCED_FACE ( 'NONE', ( #4097 ), #11867, .T. ) ;
#918 = DIRECTION ( 'NONE',  ( -1.000000000000000000, -0.000000000000000000, -0.000000000000000000 ) ) ;
#919 = ORIENTED_EDGE ( 'NONE', *, *, #11849, .F. ) ;
#920 = DIRECTION ( 'NONE',  ( 1.000000000000000000, 0.000000000000000000, 0.000000000000000000 ) ) ;
#921 = DIRECTION ( 'NONE',  ( 0.000000000000000000, -0.000000000000000000, 1.000000000000000000 ) ) ;
#922 = CARTESIAN_POINT ( 'NONE',  ( 0.000000000000000000, 0.000000000000000000, -13.00000000000000000 ) ) ;
#923 = CARTESIAN_POINT ( 'NONE',  ( -5.597711953606974156, 2.901490286808761088, -13.00000000000000000 ) ) ;
#924 = AXIS2_PLACEMENT_3D ( 'NONE', #2079, #5880, #5940 ) ;
#925 = DIRECTION ( 'NONE',  ( -1.000000000000000000, 0.000000000000000000, 0.000000000000000000 ) ) ;
#926 = EDGE_CURVE ( 'NONE', #9372, #10019, #4159, .T. ) ;
#927 = DIRECTION ( 'NONE',  ( 0.000000000000000000, 0.000000000000000000, -1.000000000000000000 ) ) ;
#928 = ORIENTED_EDGE ( 'NONE', *, *, #10710, .T. ) ;
#929 = ORIENTED_EDGE ( 'NONE', *, *, #7112, .T. ) ;
#930 = EDGE_CURVE ( 'NONE', #1937, #8783, #6160, .T. ) ;
#931 = LINE ( 'NONE', #8681, #10767 ) ;
#932 = AXIS2_PLACEMENT_3D ( 'NONE', #10423, #2771, #12099 ) ;
#933 = CARTESIAN_POINT ( 'NONE',  ( 1.991491178014999974, -6.382519791421588096, -13.00000000000000000 ) ) ;
#934 = ORIENTED_EDGE ( 'NONE', *, *, #1379, .T. ) ;
#935 = CARTESIAN_POINT ( 'NONE',  ( -20.70710678118653902, 0.2000000000000000111, 18.29289321881346453 ) ) ;
#936 = CARTESIAN_POINT ( 'NONE',  ( -20.99999999999999645, 40.00000000000000000, 21.00000000000000355 ) ) ;
#937 = CARTESIAN_POINT ( 'NONE',  ( 6.665645171607512687, 0.5213160713288601533, -2.000000000000000000 ) ) ;
#938 = AXIS2_PLACEMENT_3D ( 'NONE', #6854, #6107, #3102 ) ;
#939 = ORIENTED_EDGE ( 'NONE', *, *, #4267, .F. ) ;
#940 = ORIENTED_EDGE ( 'NONE', *, *, #3872, .F. ) ;
#941 = EDGE_LOOP ( 'NONE', ( #3544, #4443, #2892, #2491 ) ) ;
#942 = DIRECTION ( 'NONE',  ( -1.000000000000000000, 0.000000000000000000, 0.000000000000000000 ) ) ;
#943 = ORIENTED_EDGE ( 'NONE', *, *, #510, .F. ) ;
#944 = CIRCLE ( 'NONE', #12140, 0.1499999999999982181 ) ;
#945 = DIRECTION ( 'NONE',  ( -1.000000000000000000, 0.000000000000000000, 0.000000000000000000 ) ) ;
#946 = PLANE ( 'NONE',  #5282 ) ;
#947 = ORIENTED_EDGE ( 'NONE', *, *, #1758, .F. ) ;
#948 = DIRECTION ( 'NONE',  ( 0.000000000000000000, -0.000000000000000000, -1.000000000000000000 ) ) ;
#949 = CARTESIAN_POINT ( 'NONE',  ( 8.500000000000000000, 8.500000000000000000, -870.0000000000000000 ) ) ;
#950 = FACE_OUTER_BOUND ( 'NONE', #4175, .T. ) ;
#951 = FACE_OUTER_BOUND ( 'NONE', #7295, .T. ) ;
#952 = CARTESIAN_POINT ( 'NONE',  ( 27.09999999999998721, 0.000000000000000000, 5.000000000000000000 ) ) ;
#953 = EDGE_CURVE ( 'NONE', #792, #6405, #10000, .T. ) ;
#954 = AXIS2_PLACEMENT_3D ( 'NONE', #4505, #7264, #3507 ) ;
#955 = ORIENTED_EDGE ( 'NONE', *, *, #5255, .F. ) ;
#956 = CIRCLE ( 'NONE', #3358, 0.1500000000000042966 ) ;
#957 = ADVANCED_FACE ( 'NONE', ( #2291 ), #9809, .T. ) ;
#958 = ORIENTED_EDGE ( 'NONE', *, *, #2659, .T. ) ;
#959 = CARTESIAN_POINT ( 'NONE',  ( 3.818708854640333605, -3.599540352876277716, -13.00000000000000000 ) ) ;
#960 = DIRECTION ( 'NONE',  ( -0.7071067811865475727, 0.000000000000000000, -0.7071067811865475727 ) ) ;
#961 = ORIENTED_EDGE ( 'NONE', *, *, #11438, .F. ) ;
#962 = FACE_OUTER_BOUND ( 'NONE', #9219, .T. ) ;
#963 = AXIS2_PLACEMENT_3D ( 'NONE', #1295, #3353, #10882 ) ;
#964 = DIRECTION ( 'NONE',  ( -1.000000000000000000, 0.000000000000000000, 0.000000000000000000 ) ) ;
#965 = AXIS2_PLACEMENT_3D ( 'NONE', #12200, #8435, #4445 ) ;
#966 = CIRCLE ( 'NONE', #4375, 5.194999999999999396 ) ;
#967 = LINE ( 'NONE', #10674, #3773 ) ;
#968 = DIRECTION ( 'NONE',  ( -0.000000000000000000, -0.000000000000000000, 1.000000000000000000 ) ) ;
#969 = DIRECTION ( 'NONE',  ( -0.000000000000000000, -0.000000000000000000, 1.000000000000000000 ) ) ;
#970 = EDGE_CURVE ( 'NONE', #1237, #8766, #408, .T. ) ;
#971 = EDGE_CURVE ( 'NONE', #5493, #6463, #8990, .T. ) ;
#972 = VECTOR ( 'NONE', #4636, 1000.000000000000000 ) ;
#973 = VECTOR ( 'NONE', #329, 1000.000000000000000 ) ;
#974 = AXIS2_PLACEMENT_3D ( 'NONE', #352, #290, #4244 ) ;
#975 = VERTEX_POINT ( 'NONE', #4229 ) ;
#976 = VECTOR ( 'NONE', #11918, 1000.000000000000114 ) ;
#977 = ORIENTED_EDGE ( 'NONE', *, *, #12309, .F. ) ;
#978 = FACE_OUTER_BOUND ( 'NONE', #7267, .T. ) ;
#979 = VERTEX_POINT ( 'NONE', #1426 ) ;
#980 = DIRECTION ( 'NONE',  ( 0.000000000000000000, 0.000000000000000000, 1.000000000000000000 ) ) ;
#981 = ORIENTED_EDGE ( 'NONE', *, *, #1625, .F. ) ;
#982 = DIRECTION ( 'NONE',  ( 0.000000000000000000, 0.000000000000000000, -1.000000000000000000 ) ) ;
#983 = DIRECTION ( 'NONE',  ( 1.000000000000000000, 0.000000000000000000, 0.000000000000000000 ) ) ;
#984 = CARTESIAN_POINT ( 'NONE',  ( 3.600000000000137312, 2.263141083024660222E-13, -870.0000000000000000 ) ) ;
#985 = CARTESIAN_POINT ( 'NONE',  ( -25.00000000000000000, 24.99999999999999645, 5.000000000000000000 ) ) ;
#986 = VECTOR ( 'NONE', #8633, 1000.000000000000000 ) ;
#987 = AXIS2_PLACEMENT_3D ( 'NONE', #7229, #10302, #8341 ) ;
#988 = DIRECTION ( 'NONE',  ( 0.000000000000000000, -0.000000000000000000, -1.000000000000000000 ) ) ;
#989 = DIRECTION ( 'NONE',  ( -0.000000000000000000, 1.000000000000000000, 0.000000000000000000 ) ) ;
#990 = ADVANCED_FACE ( 'NONE', ( #10679, #3982 ), #9736, .F. ) ;
#991 = EDGE_LOOP ( 'NONE', ( #1874, #4806, #913, #2975 ) ) ;
#992 = ORIENTED_EDGE ( 'NONE', *, *, #11936, .T. ) ;
#993 = DIRECTION ( 'NONE',  ( -0.000000000000000000, 1.000000000000000000, 0.000000000000000000 ) ) ;
#994 = AXIS2_PLACEMENT_3D ( 'NONE', #7710, #3714, #844 ) ;
#995 = DIRECTION ( 'NONE',  ( -0.000000000000000000, -0.000000000000000000, -1.000000000000000000 ) ) ;
#996 = EDGE_CURVE ( 'NONE', #9173, #9173, #9394, .T. ) ;
#997 = VERTEX_POINT ( 'NONE', #2481 ) ;
#998 = LINE ( 'NONE', #8630, #4481 ) ;
#999 = CARTESIAN_POINT ( 'NONE',  ( -4.074351959469352913, 4.811723299439425894, -13.00000000000000000 ) ) ;
#1000 = CARTESIAN_POINT ( 'NONE',  ( -2.765084621276051675E-13, 3.600000000000085798, -870.0000000000000000 ) ) ;
#1001 = DIRECTION ( 'NONE',  ( -0.000000000000000000, 1.000000000000000000, -0.000000000000000000 ) ) ;
#1002 = EDGE_CURVE ( 'NONE', #1981, #11678, #469, .T. ) ;
#1003 = TOROIDAL_SURFACE ( 'NONE', #4202, 0.8000000000000000444, 0.2000000000000000111 ) ;
#1004 = CIRCLE ( 'NONE', #9607, 5.000000000000000000 ) ;
#1005 = EDGE_LOOP ( 'NONE', ( #1485 ) ) ;
#1006 = ORIENTED_EDGE ( 'NONE', *, *, #10850, .F. ) ;
#1007 = EDGE_LOOP ( 'NONE', ( #6155 ) ) ;
#1008 = AXIS2_PLACEMENT_3D ( 'NONE', #12053, #11125, #662 ) ;
#1009 = CARTESIAN_POINT ( 'NONE',  ( 2.535598419378958912, 4.534177505969844368, -2.000000000000000000 ) ) ;
#1010 = VERTEX_POINT ( 'NONE', #6404 ) ;
#1011 = CARTESIAN_POINT ( 'NONE',  ( -17.58578643762690774, 40.00000000000000000, -21.00000000000000000 ) ) ;
#1012 = CARTESIAN_POINT ( 'NONE',  ( 0.9013707041225496042, -5.998201072901427899, -2.000000000000000000 ) ) ;
#1013 = EDGE_LOOP ( 'NONE', ( #8152, #635, #5508, #2262 ) ) ;
#1014 = CARTESIAN_POINT ( 'NONE',  ( 6.123233995736764507E-15, -24.99999999999999645, 5.000000000000000000 ) ) ;
#1015 = CARTESIAN_POINT ( 'NONE',  ( -7.999999999999781508, 5.500000000000284217, -870.0000000000000000 ) ) ;
#1016 = EDGE_CURVE ( 'NONE', #9126, #8337, #170, .T. ) ;
#1017 = DIRECTION ( 'NONE',  ( -1.000000000000000000, 0.000000000000000000, 0.000000000000000000 ) ) ;
#1018 = DIRECTION ( 'NONE',  ( 0.000000000000000000, 0.000000000000000000, 1.000000000000000000 ) ) ;
#1019 = VERTEX_POINT ( 'NONE', #952 ) ;
#1020 = VERTEX_POINT ( 'NONE', #11180 ) ;
#1021 = ORIENTED_EDGE ( 'NONE', *, *, #6799, .T. ) ;
#1022 = DIRECTION ( 'NONE',  ( 0.000000000000000000, -0.000000000000000000, -1.000000000000000000 ) ) ;
#1023 = EDGE_LOOP ( 'NONE', ( #11976, #10458, #2790, #6722, #9608, #10146, #191, #8564, #796, #2755, #1775, #11840, #6491, #5522, #4299, #3798 ) ) ;
#1024 = CARTESIAN_POINT ( 'NONE',  ( 1.991491178014985319, 6.382519791421613853, -13.00000000000000000 ) ) ;
#1025 = EDGE_CURVE ( 'NONE', #11789, #6225, #10247, .T. ) ;
#1026 = CARTESIAN_POINT ( 'NONE',  ( -9.500000000000000000, -3.099999999999909051, -89.99999999999997158 ) ) ;
#1027 = EDGE_CURVE ( 'NONE', #9751, #5425, #11981, .T. ) ;
#1028 = DIRECTION ( 'NONE',  ( 1.000000000000000000, 0.000000000000000000, 0.000000000000000000 ) ) ;
#1029 = DIRECTION ( 'NONE',  ( 0.000000000000000000, -0.000000000000000000, -1.000000000000000000 ) ) ;
#1030 = CARTESIAN_POINT ( 'NONE',  ( -2.000000000000000888, 49.50000000000000000, 1.499999999999999334 ) ) ;
#1031 = CIRCLE ( 'NONE', #10437, 1.975000000000013189 ) ;
#1032 = ORIENTED_EDGE ( 'NONE', *, *, #2023, .F. ) ;
#1033 = ORIENTED_EDGE ( 'NONE', *, *, #4280, .T. ) ;
#1034 = PLANE ( 'NONE',  #5582 ) ;
#1035 = ORIENTED_EDGE ( 'NONE', *, *, #8024, .T. ) ;
#1036 = CARTESIAN_POINT ( 'NONE',  ( -21.00000000000000355, 40.00000000000000000, -21.00000000000000000 ) ) ;
#1037 = ORIENTED_EDGE ( 'NONE', *, *, #5213, .F. ) ;
#1038 = ADVANCED_FACE ( 'NONE', ( #9296 ), #12105, .F. ) ;
#1039 = CARTESIAN_POINT ( 'NONE',  ( 4.563543104187644417, -4.886375992105156385, -13.00000000000000000 ) ) ;
#1040 = ADVANCED_FACE ( 'NONE', ( #7341 ), #11926, .T. ) ;
#1041 = CYLINDRICAL_SURFACE ( 'NONE', #8904, 1.000000000000000888 ) ;
#1042 = AXIS2_PLACEMENT_3D ( 'NONE', #3267, #1276, #267 ) ;
#1043 = DIRECTION ( 'NONE',  ( 1.000000000000000000, 0.000000000000000000, 0.000000000000000000 ) ) ;
#1044 = DIRECTION ( 'NONE',  ( -0.000000000000000000, 1.000000000000000000, 0.000000000000000000 ) ) ;
#1045 = DIRECTION ( 'NONE',  ( 0.000000000000000000, 0.000000000000000000, 1.000000000000000000 ) ) ;
#1046 = DIRECTION ( 'NONE',  ( 1.000000000000000000, 0.000000000000000000, 0.000000000000000000 ) ) ;
#1047 = ORIENTED_EDGE ( 'NONE', *, *, #3882, .T. ) ;
#1048 = CONTEXT_DEPENDENT_SHAPE_REPRESENTATION ( #3439, #10138 ) ;
#1049 = ORIENTED_EDGE ( 'NONE', *, *, #4320, .F. ) ;
#1050 = DIRECTION ( 'NONE',  ( 1.000000000000000000, 0.000000000000000000, 0.000000000000000000 ) ) ;
#1051 = LINE ( 'NONE', #3814, #1398 ) ;
#1052 = ORIENTED_EDGE ( 'NONE', *, *, #8945, .F. ) ;
#1053 = EDGE_CURVE ( 'NONE', #4673, #2797, #10388, .T. ) ;
#1054 = FACE_OUTER_BOUND ( 'NONE', #5179, .T. ) ;
#1055 = CARTESIAN_POINT ( 'NONE',  ( 5.758592769118958898, -2.567417831100120562, -2.000000000000000000 ) ) ;
#1056 = CARTESIAN_POINT ( 'NONE',  ( -7.999999999999781508, 5.500000000000284217, -870.0000000000000000 ) ) ;
#1057 = DIRECTION ( 'NONE',  ( 0.000000000000000000, 0.000000000000000000, 1.000000000000000000 ) ) ;
#1058 = EDGE_CURVE ( 'NONE', #8322, #7814, #4969, .T. ) ;
#1059 = ORIENTED_EDGE ( 'NONE', *, *, #7106, .T. ) ;
#1060 = ORIENTED_EDGE ( 'NONE', *, *, #3182, .F. ) ;
#1061 = ORIENTED_EDGE ( 'NONE', *, *, #11574, .T. ) ;
#1062 = LINE ( 'NONE', #2133, #7361 ) ;
#1063 = VERTEX_POINT ( 'NONE', #603 ) ;
#1064 = EDGE_CURVE ( 'NONE', #3314, #10713, #7163, .T. ) ;
#1065 = CARTESIAN_POINT ( 'NONE',  ( 3.414628852343120968, -5.013102338667358104, -13.00000000000000000 ) ) ;
#1066 = DIRECTION ( 'NONE',  ( 1.000000000000000000, 0.000000000000000000, 0.000000000000000000 ) ) ;
#1067 = VERTEX_POINT ( 'NONE', #11064 ) ;
#1068 = FACE_OUTER_BOUND ( 'NONE', #4538, .T. ) ;
#1069 = EDGE_LOOP ( 'NONE', ( #2862 ) ) ;
#1070 = LINE ( 'NONE', #9600, #6098 ) ;
#1071 = CYLINDRICAL_SURFACE ( 'NONE', #10186, 0.1499999999999973577 ) ;
#1072 = VERTEX_POINT ( 'NONE', #1957 ) ;
#1073 = EDGE_LOOP ( 'NONE', ( #6222 ) ) ;
#1074 = CIRCLE ( 'NONE', #11280, 0.2800000000000000822 ) ;
#1075 = EDGE_LOOP ( 'NONE', ( #9702, #6196, #6083, #7419 ) ) ;
#1076 =( GEOMETRIC_REPRESENTATION_CONTEXT ( 3 ) GLOBAL_UNCERTAINTY_ASSIGNED_CONTEXT ( ( #11155 ) ) GLOBAL_UNIT_ASSIGNED_CONTEXT ( ( #8500, #1761, #6681 ) ) REPRESENTATION_CONTEXT ( 'NONE', 'WORKASPACE' ) );
#1077 = DIRECTION ( 'NONE',  ( -1.000000000000000000, -0.000000000000000000, 8.260587980841936314E-17 ) ) ;
#1078 = ORIENTED_EDGE ( 'NONE', *, *, #7845, .T. ) ;
#1079 = FACE_BOUND ( 'NONE', #9983, .T. ) ;
#1080 = DIRECTION ( 'NONE',  ( -1.000000000000000000, 0.000000000000000000, 0.000000000000000000 ) ) ;
#1081 = DIRECTION ( 'NONE',  ( 0.7071067811865475727, 0.000000000000000000, -0.7071067811865475727 ) ) ;
#1082 = VECTOR ( 'NONE', #8879, 1000.000000000000000 ) ;
#1083 =( NAMED_UNIT ( * ) PLANE_ANGLE_UNIT ( ) SI_UNIT ( $, .RADIAN. ) );
#1084 = AXIS2_PLACEMENT_3D ( 'NONE', #1630, #8249, #4490 ) ;
#1085 = CARTESIAN_POINT ( 'NONE',  ( 0.000000000000000000, 0.000000000000000000, -13.00000000000000000 ) ) ;
#1086 = ORIENTED_EDGE ( 'NONE', *, *, #2706, .F. ) ;
#1087 = EDGE_LOOP ( 'NONE', ( #4680, #6031, #4603, #11238, #11691, #6376 ) ) ;
#1088 = ADVANCED_FACE ( 'NONE', ( #9245 ), #8229, .F. ) ;
#1089 = EDGE_LOOP ( 'NONE', ( #1737, #10469, #7273, #943 ) ) ;
#1090 = VECTOR ( 'NONE', #6665, 1000.000000000000000 ) ;
#1091 = LINE ( 'NONE', #9500, #6386 ) ;
#1092 = VECTOR ( 'NONE', #3713, 1000.000000000000000 ) ;
#1093 = FACE_OUTER_BOUND ( 'NONE', #8712, .T. ) ;
#1094 = CARTESIAN_POINT ( 'NONE',  ( 3.893413252308146166, -4.598038521668920353, -13.00000000000000000 ) ) ;
#1095 = DIRECTION ( 'NONE',  ( 0.000000000000000000, 0.000000000000000000, 1.000000000000000000 ) ) ;
#1096 = CARTESIAN_POINT ( 'NONE',  ( 6.231729350392682498, 2.422425500083462246, -13.00000000000000000 ) ) ;
#1097 = CARTESIAN_POINT ( 'NONE',  ( -8.500000000000000000, -10.00000000000000000, -870.0000000000000000 ) ) ;
#1098 = PRODUCT_DEFINITION_FORMATION_WITH_SPECIFIED_SOURCE ( 'ä»', '', #12233, .NOT_KNOWN. ) ;
#1099 = CYLINDRICAL_SURFACE ( 'NONE', #7536, 2.499999999999998668 ) ;
#1100 = FACE_BOUND ( 'NONE', #3847, .T. ) ;
#1101 = AXIS2_PLACEMENT_3D ( 'NONE', #1717, #3350, #9057 ) ;
#1102 = VECTOR ( 'NONE', #4941, 1000.000000000000000 ) ;
#1103 = ORIENTED_EDGE ( 'NONE', *, *, #10157, .T. ) ;
#1104 = EDGE_CURVE ( 'NONE', #6302, #2223, #2540, .T. ) ;
#1105 = ORIENTED_EDGE ( 'NONE', *, *, #5257, .F. ) ;
#1106 = EDGE_CURVE ( 'NONE', #11757, #10522, #4347, .T. ) ;
#1107 = EDGE_CURVE ( 'NONE', #12218, #7021, #5192, .T. ) ;
#1108 = CARTESIAN_POINT ( 'NONE',  ( -3.899999999999465228, 0.5200000000001527845, -870.0000000000000000 ) ) ;
#1109 = DIRECTION ( 'NONE',  ( 1.000000000000000000, 0.000000000000000000, 0.000000000000000000 ) ) ;
#1110 = ORIENTED_EDGE ( 'NONE', *, *, #10412, .F. ) ;
#1111 = FACE_BOUND ( 'NONE', #10654, .T. ) ;
#1112 = CARTESIAN_POINT ( 'NONE',  ( 2.910000000000487308, 3.900000000000268141, -89.99999999999997158 ) ) ;
#1113 = CARTESIAN_POINT ( 'NONE',  ( -17.58578643762691485, 8.000000000000000000, 20.80000000000000426 ) ) ;
#1114 = LINE ( 'NONE', #297, #383 ) ;
#1115 =( LENGTH_UNIT ( ) NAMED_UNIT ( * ) SI_UNIT ( .MILLI., .METRE. ) );
#1116 = EDGE_CURVE ( 'NONE', #699, #11226, #1969, .T. ) ;
#1117 = ORIENTED_EDGE ( 'NONE', *, *, #4642, .T. ) ;
#1118 = EDGE_CURVE ( 'NONE', #4604, #6069, #3414, .T. ) ;
#1119 = LINE ( 'NONE', #9770, #10162 ) ;
#1120 = ORIENTED_EDGE ( 'NONE', *, *, #4966, .T. ) ;
#1121 = CYLINDRICAL_SURFACE ( 'NONE', #6359, 0.2800000000000024691 ) ;
#1122 = ORIENTED_EDGE ( 'NONE', *, *, #11988, .F. ) ;
#1123 = DIRECTION ( 'NONE',  ( -0.000000000000000000, -0.000000000000000000, 1.000000000000000000 ) ) ;
#1124 = CARTESIAN_POINT ( 'NONE',  ( -4.359035021885704353, 2.921992769749273133, -2.000000000000000000 ) ) ;
#1125 = VERTEX_POINT ( 'NONE', #6464 ) ;
#1126 = APPLICATION_CONTEXT ( 'automotive_design' ) ;
#1127 = DIRECTION ( 'NONE',  ( -0.000000000000000000, 1.000000000000000000, 0.000000000000000000 ) ) ;
#1128 = ORIENTED_EDGE ( 'NONE', *, *, #8263, .T. ) ;
#1129 = DIRECTION ( 'NONE',  ( 0.000000000000000000, -1.000000000000000000, 0.000000000000000000 ) ) ;
#1130 = VECTOR ( 'NONE', #2652, 1000.000000000000000 ) ;
#1131 = CARTESIAN_POINT ( 'NONE',  ( 20.56568542494923690, 32.20000000000000284, 18.15147186257616241 ) ) ;
#1132 = VERTEX_POINT ( 'NONE', #4949 ) ;
#1133 = ORIENTED_EDGE ( 'NONE', *, *, #9241, .F. ) ;
#1134 = EDGE_CURVE ( 'NONE', #1771, #118, #6341, .T. ) ;
#1135 = VERTEX_POINT ( 'NONE', #780 ) ;
#1136 = AXIS2_PLACEMENT_3D ( 'NONE', #10821, #2303, #2054 ) ;
#1137 = CARTESIAN_POINT ( 'NONE',  ( 20.70710678118654613, 7.800000000000000711, 18.29289321881347163 ) ) ;
#1138 = ORIENTED_EDGE ( 'NONE', *, *, #5573, .T. ) ;
#1139 = PRODUCT_RELATED_PRODUCT_CATEGORY ( 'part', '', ( #12033 ) ) ;
#1140 = CARTESIAN_POINT ( 'NONE',  ( 0.000000000000000000, 0.000000000000000000, -15.00000000000000000 ) ) ;
#1141 = EDGE_CURVE ( 'NONE', #7452, #7452, #8127, .T. ) ;
#1142 = CARTESIAN_POINT ( 'NONE',  ( -5.125882477357501799, -0.8446027636228206070, -2.000000000000000000 ) ) ;
#1143 = DIRECTION ( 'NONE',  ( 0.000000000000000000, 0.000000000000000000, 1.000000000000000000 ) ) ;
#1144 = DIRECTION ( 'NONE',  ( 0.7071067811865463515, -0.000000000000000000, 0.7071067811865487940 ) ) ;
#1145 = VECTOR ( 'NONE', #2816, 1000.000000000000000 ) ;
#1146 = CARTESIAN_POINT ( 'NONE',  ( 3.900000000000319655, -0.5189999999997791935, -89.99999999999997158 ) ) ;
#1147 = ADVANCED_FACE ( 'NONE', ( #9483 ), #11427, .T. ) ;
#1148 = DIRECTION ( 'NONE',  ( -0.000000000000000000, -0.000000000000000000, 1.000000000000000000 ) ) ;
#1149 = ORIENTED_EDGE ( 'NONE', *, *, #551, .F. ) ;
#1150 = ORIENTED_EDGE ( 'NONE', *, *, #6444, .T. ) ;
#1151 = CARTESIAN_POINT ( 'NONE',  ( 0.000000000000000000, 5.000000000000000000, -15.00000000000000000 ) ) ;
#1152 = EDGE_LOOP ( 'NONE', ( #4994, #6900, #1422, #10037 ) ) ;
#1153 = AXIS2_PLACEMENT_3D ( 'NONE', #1085, #6898, #1220 ) ;
#1154 = AXIS2_PLACEMENT_3D ( 'NONE', #3186, #8067, #9078 ) ;
#1155 = VECTOR ( 'NONE', #11934, 1000.000000000000000 ) ;
#1156 = DIRECTION ( 'NONE',  ( -1.000000000000000000, 0.000000000000000000, 0.000000000000000000 ) ) ;
#1157 = FACE_OUTER_BOUND ( 'NONE', #6385, .T. ) ;
#1158 = DIRECTION ( 'NONE',  ( 0.000000000000000000, 0.000000000000000000, 1.000000000000000000 ) ) ;
#1159 = CARTESIAN_POINT ( 'NONE',  ( -10.14589803375031529, 0.000000000000000000, 5.000000000000000000 ) ) ;
#1160 = PLANE ( 'NONE',  #9302 ) ;
#1161 = CARTESIAN_POINT ( 'NONE',  ( 0.000000000000000000, 0.000000000000000000, -2.000000000000000000 ) ) ;
#1162 = EDGE_CURVE ( 'NONE', #1194, #10660, #6981, .T. ) ;
#1163 = LINE ( 'NONE', #7800, #3757 ) ;
#1164 = AXIS2_PLACEMENT_3D ( 'NONE', #1406, #5214, #6210 ) ;
#1165 = DIRECTION ( 'NONE',  ( 1.000000000000000000, 0.000000000000000000, -8.260587980841936314E-17 ) ) ;
#1166 = VECTOR ( 'NONE', #5341, 1000.000000000000000 ) ;
#1167 = AXIS2_PLACEMENT_3D ( 'NONE', #7181, #12245, #3540 ) ;
#1168 = AXIS2_PLACEMENT_3D ( 'NONE', #3419, #11070, #11364 ) ;
#1169 = EDGE_LOOP ( 'NONE', ( #12316, #8200, #8134, #9595 ) ) ;
#1170 = ORIENTED_EDGE ( 'NONE', *, *, #186, .F. ) ;
#1171 = PRODUCT_DEFINITION_CONTEXT ( 'detailed design', #6626, 'design' ) ;
#1172 = DIRECTION ( 'NONE',  ( -0.000000000000000000, -0.000000000000000000, 1.000000000000000000 ) ) ;
#1173 = EDGE_CURVE ( 'NONE', #10327, #5137, #2954, .T. ) ;
#1174 = CARTESIAN_POINT ( 'NONE',  ( 2.608811078263819194, -4.665096971974744378, -13.00000000000000000 ) ) ;
#1175 = VECTOR ( 'NONE', #6063, 1000.000000000000000 ) ;
#1176 = EDGE_LOOP ( 'NONE', ( #9856 ) ) ;
#1177 = AXIS2_PLACEMENT_3D ( 'NONE', #3853, #7783, #2158 ) ;
#1178 = AXIS2_PLACEMENT_3D ( 'NONE', #4528, #5288, #4288 ) ;
#1179 = VECTOR ( 'NONE', #2154, 1000.000000000000000 ) ;
#1180 = CARTESIAN_POINT ( 'NONE',  ( 0.000000000000000000, 0.000000000000000000, -13.00000000000000000 ) ) ;
#1181 = CARTESIAN_POINT ( 'NONE',  ( 3.100000000000363798, -9.500000000000000000, -89.99999999999997158 ) ) ;
#1182 = EDGE_CURVE ( 'NONE', #12101, #12101, #2197, .T. ) ;
#1183 = CARTESIAN_POINT ( 'NONE',  ( 0.000000000000000000, 6.500000000000000888, -13.00000000000000178 ) ) ;
#1184 = LINE ( 'NONE', #5993, #7774 ) ;
#1185 = EDGE_CURVE ( 'NONE', #9129, #9751, #5595, .T. ) ;
#1186 = CARTESIAN_POINT ( 'NONE',  ( 20.67830385246264058, 4.067761670440409816, 1073.500000000000227 ) ) ;
#1187 = CIRCLE ( 'NONE', #390, 0.1499999999999973577 ) ;
#1188 = VECTOR ( 'NONE', #8849, 1000.000000000000000 ) ;
#1189 = VERTEX_POINT ( 'NONE', #2894 ) ;
#1190 = ORIENTED_EDGE ( 'NONE', *, *, #8598, .T. ) ;
#1191 = EDGE_LOOP ( 'NONE', ( #3712, #11788, #3930, #11779 ) ) ;
#1192 = DIRECTION ( 'NONE',  ( 0.000000000000000000, -1.000000000000000000, 0.000000000000000000 ) ) ;
#1193 = DIRECTION ( 'NONE',  ( -0.7071067811865475727, 0.000000000000000000, -0.7071067811865475727 ) ) ;
#1194 = VERTEX_POINT ( 'NONE', #6705 ) ;
#1195 = CARTESIAN_POINT ( 'NONE',  ( 5.128648328663931721, 1.505321002607962200, -2.000000000000000000 ) ) ;
#1196 = CARTESIAN_POINT ( 'NONE',  ( 0.000000000000000000, 0.000000000000000000, -13.00000000000000178 ) ) ;
#1197 = ORIENTED_EDGE ( 'NONE', *, *, #10567, .T. ) ;
#1198 = AXIS2_PLACEMENT_3D ( 'NONE', #4290, #3346, #3093 ) ;
#1199 = VECTOR ( 'NONE', #5309, 1000.000000000000000 ) ;
#1200 = ADVANCED_FACE ( 'NONE', ( #5770 ), #21, .T. ) ;
#1201 = DIRECTION ( 'NONE',  ( 0.000000000000000000, -1.000000000000000000, -0.000000000000000000 ) ) ;
#1202 = ORIENTED_EDGE ( 'NONE', *, *, #4434, .F. ) ;
#1203 = DIRECTION ( 'NONE',  ( -0.000000000000000000, 1.000000000000000000, -0.000000000000000000 ) ) ;
#1204 = ADVANCED_FACE ( 'NONE', ( #8407 ), #10361, .T. ) ;
#1205 = EDGE_CURVE ( 'NONE', #126, #11293, #7986, .T. ) ;
#1206 = DIRECTION ( 'NONE',  ( 1.000000000000000000, 0.000000000000000000, 0.000000000000000000 ) ) ;
#1207 = CARTESIAN_POINT ( 'NONE',  ( 19.00000000000000355, -16.49999999999998934, 5.000000000000000000 ) ) ;
#1208 = VERTEX_POINT ( 'NONE', #4711 ) ;
#1209 = AXIS2_PLACEMENT_3D ( 'NONE', #5832, #11484, #9667 ) ;
#1210 = EDGE_LOOP ( 'NONE', ( #9225 ) ) ;
#1211 = DIRECTION ( 'NONE',  ( -1.000000000000000000, 0.000000000000000000, 0.000000000000000000 ) ) ;
#1212 = EDGE_LOOP ( 'NONE', ( #2082, #3526, #8699, #5369 ) ) ;
#1213 = DIRECTION ( 'NONE',  ( 0.000000000000000000, 1.000000000000000000, 0.000000000000000000 ) ) ;
#1214 = FACE_BOUND ( 'NONE', #10827, .T. ) ;
#1215 = DIRECTION ( 'NONE',  ( 0.000000000000000000, 1.000000000000000000, 0.000000000000000000 ) ) ;
#1216 = ADVANCED_FACE ( 'NONE', ( #8524 ), #12348, .F. ) ;
#1217 = AXIS2_PLACEMENT_3D ( 'NONE', #2408, #3514, #3579 ) ;
#1218 = FACE_OUTER_BOUND ( 'NONE', #12168, .T. ) ;
#1219 = UNCERTAINTY_MEASURE_WITH_UNIT (LENGTH_MEASURE( 1.000000000000000082E-05 ), #1115, 'distance_accuracy_value', 'NONE');
#1220 = DIRECTION ( 'NONE',  ( 1.000000000000000000, 0.000000000000000000, 0.000000000000000000 ) ) ;
#1221 = ORIENTED_EDGE ( 'NONE', *, *, #3342, .F. ) ;
#1222 = ADVANCED_FACE ( 'NONE', ( #4653 ), #3779, .F. ) ;
#1223 = ORIENTED_EDGE ( 'NONE', *, *, #910, .T. ) ;
#1224 = EDGE_LOOP ( 'NONE', ( #2876 ) ) ;
#1225 = AXIS2_PLACEMENT_3D ( 'NONE', #8483, #2798, #5610 ) ;
#1226 = DIRECTION ( 'NONE',  ( -1.000000000000000000, 0.000000000000000000, 0.000000000000000000 ) ) ;
#1227 = ORIENTED_EDGE ( 'NONE', *, *, #4888, .F. ) ;
#1228 = DIRECTION ( 'NONE',  ( -0.000000000000000000, -0.000000000000000000, 1.000000000000000000 ) ) ;
#1229 =( BOUNDED_CURVE ( )  B_SPLINE_CURVE ( 3, ( #5606, #854, #7534, #7661 ),
 .UNSPECIFIED., .F., .F. ) 
 B_SPLINE_CURVE_WITH_KNOTS ( ( 4, 4 ),
 ( 5.639684198386301972, 6.926686415972870492 ),
 .UNSPECIFIED. ) 
 CURVE ( )  GEOMETRIC_REPRESENTATION_ITEM ( )  RATIONAL_B_SPLINE_CURVE ( ( 1.000000000000000000, 0.8666666666666666963, 0.8666666666666666963, 1.000000000000000000 ) ) 
 REPRESENTATION_ITEM ( '' )  );
#1230 = CARTESIAN_POINT ( 'NONE',  ( 0.000000000000000000, 8.000000000000000000, -0.5000000000000000000 ) ) ;
#1231 = FACE_OUTER_BOUND ( 'NONE', #85, .T. ) ;
#1232 = CYLINDRICAL_SURFACE ( 'NONE', #9977, 6.304999999999999716 ) ;
#1233 = DIRECTION ( 'NONE',  ( 1.000000000000000000, 0.000000000000000000, 0.000000000000000000 ) ) ;
#1234 = DIRECTION ( 'NONE',  ( 0.7071067811865459074, 0.000000000000000000, 0.7071067811865492381 ) ) ;
#1235 = AXIS2_PLACEMENT_3D ( 'NONE', #2238, #3224, #1489 ) ;
#1236 = CARTESIAN_POINT ( 'NONE',  ( 20.00000000000000355, 40.00000000000000000, 17.58578643762692550 ) ) ;
#1237 = VERTEX_POINT ( 'NONE', #7522 ) ;
#1238 = ORIENTED_EDGE ( 'NONE', *, *, #3754, .F. ) ;
#1239 = DIRECTION ( 'NONE',  ( -0.000000000000000000, -0.000000000000000000, 1.000000000000000000 ) ) ;
#1240 = ADVANCED_FACE ( 'NONE', ( #10542 ), #1966, .T. ) ;
#1241 = CARTESIAN_POINT ( 'NONE',  ( 0.000000000000000000, 0.000000000000000000, -13.00000000000000000 ) ) ;
#1242 = AXIS2_PLACEMENT_3D ( 'NONE', #6453, #12220, #1658 ) ;
#1243 = ORIENTED_EDGE ( 'NONE', *, *, #9632, .F. ) ;
#1244 = CYLINDRICAL_SURFACE ( 'NONE', #4875, 0.6500000000000010214 ) ;
#1245 = DIRECTION ( 'NONE',  ( -0.000000000000000000, -0.000000000000000000, 1.000000000000000000 ) ) ;
#1246 = DIRECTION ( 'NONE',  ( -0.000000000000000000, -0.000000000000000000, -1.000000000000000000 ) ) ;
#1247 = CARTESIAN_POINT ( 'NONE',  ( -3.099999999999454303, -8.000000000000000000, -870.0000000000000000 ) ) ;
#1248 = DIRECTION ( 'NONE',  ( -0.8657687109978913220, 0.5004443416175766712, 0.000000000000000000 ) ) ;
#1249 = DIRECTION ( 'NONE',  ( -1.504926454291701099E-16, -1.000000000000000000, -2.775557561562901705E-16 ) ) ;
#1250 = AXIS2_PLACEMENT_3D ( 'NONE', #5130, #9780, #2209 ) ;
#1251 = ORIENTED_EDGE ( 'NONE', *, *, #9693, .T. ) ;
#1252 = DIRECTION ( 'NONE',  ( 0.000000000000000000, 0.000000000000000000, 1.000000000000000000 ) ) ;
#1253 = EDGE_CURVE ( 'NONE', #2681, #12270, #7584, .T. ) ;
#1254 = VERTEX_POINT ( 'NONE', #12232 ) ;
#1255 = EDGE_CURVE ( 'NONE', #10919, #4917, #3653, .T. ) ;
#1256 = DIRECTION ( 'NONE',  ( -0.000000000000000000, -0.000000000000000000, 1.000000000000000000 ) ) ;
#1257 = DIRECTION ( 'NONE',  ( 0.000000000000000000, 0.000000000000000000, 1.000000000000000000 ) ) ;
#1258 = VERTEX_POINT ( 'NONE', #11355 ) ;
#1259 = CARTESIAN_POINT ( 'NONE',  ( -5.500000000000000000, 6.490000000000009983, -870.0000000000000000 ) ) ;
#1260 = DIRECTION ( 'NONE',  ( 0.000000000000000000, -0.000000000000000000, -1.000000000000000000 ) ) ;
#1261 = ORIENTED_EDGE ( 'NONE', *, *, #3470, .F. ) ;
#1262 = CARTESIAN_POINT ( 'NONE',  ( 15.47157287525383396, 8.000000000000000000, -20.70000000000000284 ) ) ;
#1263 = ORIENTED_EDGE ( 'NONE', *, *, #5900, .T. ) ;
#1264 = CARTESIAN_POINT ( 'NONE',  ( 1.167387816605746975, -5.910823181726929221, -13.00000000000000000 ) ) ;
#1265 = CARTESIAN_POINT ( 'NONE',  ( -20.69999999999999574, 32.00000000000000000, -15.47157287525383218 ) ) ;
#1266 = VERTEX_POINT ( 'NONE', #10978 ) ;
#1267 = VERTEX_POINT ( 'NONE', #2777 ) ;
#1268 = EDGE_CURVE ( 'NONE', #8043, #9541, #6592, .T. ) ;
#1269 = EDGE_CURVE ( 'NONE', #1861, #3841, #4591, .T. ) ;
#1270 = VERTEX_POINT ( 'NONE', #2219 ) ;
#1271 = CARTESIAN_POINT ( 'NONE',  ( -29.99999999999999289, 20.00000000000000000, -0.5000000000000000000 ) ) ;
#1272 = ORIENTED_EDGE ( 'NONE', *, *, #1185, .F. ) ;
#1273 = CYLINDRICAL_SURFACE ( 'NONE', #6408, 6.304999999999999716 ) ;
#1274 = CARTESIAN_POINT ( 'NONE',  ( 3.100000000000363798, 9.500000000000000000, -870.0000000000000000 ) ) ;
#1275 = ORIENTED_EDGE ( 'NONE', *, *, #5473, .T. ) ;
#1276 = DIRECTION ( 'NONE',  ( -0.7071067811865475727, -0.7071067811865475727, 0.000000000000000000 ) ) ;
#1277 = PRODUCT_DEFINITION_CONTEXT ( 'detailed design', #2563, 'design' ) ;
#1278 = CARTESIAN_POINT ( 'NONE',  ( 10.00000000000000000, -8.500000000000000000, -870.0000000000000000 ) ) ;
#1279 = DIRECTION ( 'NONE',  ( 0.000000000000000000, -1.000000000000000000, 0.000000000000000000 ) ) ;
#1280 =( REPRESENTATION_RELATIONSHIP ('NONE','NONE', #2684, #8209 ) REPRESENTATION_RELATIONSHIP_WITH_TRANSFORMATION ( #7486 )SHAPE_REPRESENTATION_RELATIONSHIP( ) );
#1281 = DIRECTION ( 'NONE',  ( -0.000000000000000000, -0.000000000000000000, -1.000000000000000000 ) ) ;
#1282 = EDGE_LOOP ( 'NONE', ( #4510, #1684, #2386, #9052 ) ) ;
#1283 = ADVANCED_FACE ( 'NONE', ( #5887 ), #6019, .T. ) ;
#1284 = EDGE_LOOP ( 'NONE', ( #216 ) ) ;
#1285 = DIRECTION ( 'NONE',  ( 0.000000000000000000, 0.000000000000000000, 1.000000000000000000 ) ) ;
#1286 = EDGE_LOOP ( 'NONE', ( #2725 ) ) ;
#1287 = DIRECTION ( 'NONE',  ( -0.000000000000000000, -1.000000000000000000, -0.000000000000000000 ) ) ;
#1288 = DIRECTION ( 'NONE',  ( -0.000000000000000000, -0.000000000000000000, -1.000000000000000000 ) ) ;
#1289 = VECTOR ( 'NONE', #9518, 1000.000000000000000 ) ;
#1290 = VECTOR ( 'NONE', #11272, 1000.000000000000114 ) ;
#1291 = EDGE_CURVE ( 'NONE', #10118, #5336, #3020, .T. ) ;
#1292 = CARTESIAN_POINT ( 'NONE',  ( -0.4333079431568622741, -5.229863506334588408, -2.000000000000000000 ) ) ;
#1293 = CARTESIAN_POINT ( 'NONE',  ( -4.127586995253214042, -4.444537192309537588, -2.000000000000000000 ) ) ;
#1294 = DIRECTION ( 'NONE',  ( 1.000000000000000000, 0.000000000000000000, 0.000000000000000000 ) ) ;
#1295 = CARTESIAN_POINT ( 'NONE',  ( 17.58578643762691840, 40.00000000000000000, -20.00000000000000355 ) ) ;
#1296 = CARTESIAN_POINT ( 'NONE',  ( 2.910000000000763976, -3.900000000000090949, -870.0000000000000000 ) ) ;
#1297 = VECTOR ( 'NONE', #11502, 1000.000000000000000 ) ;
#1298 = VERTEX_POINT ( 'NONE', #9665 ) ;
#1299 = EDGE_CURVE ( 'NONE', #3222, #1979, #10667, .T. ) ;
#1300 = ORIENTED_EDGE ( 'NONE', *, *, #9790, .T. ) ;
#1301 = VECTOR ( 'NONE', #8062, 1000.000000000000000 ) ;
#1302 = DIRECTION ( 'NONE',  ( 0.000000000000000000, 0.000000000000000000, 1.000000000000000000 ) ) ;
#1303 = LINE ( 'NONE', #9884, #1604 ) ;
#1304 = ORIENTED_EDGE ( 'NONE', *, *, #46, .F. ) ;
#1305 = EDGE_CURVE ( 'NONE', #1739, #1656, #1606, .T. ) ;
#1306 = DIRECTION ( 'NONE',  ( 9.035018104045171458E-14, -1.000000000000000000, 0.000000000000000000 ) ) ;
#1307 = DIRECTION ( 'NONE',  ( -0.000000000000000000, -0.000000000000000000, -1.000000000000000000 ) ) ;
#1308 = DIRECTION ( 'NONE',  ( 1.000000000000000000, -3.325348516249471324E-16, 3.325348516249436318E-16 ) ) ;
#1309 = AXIS2_PLACEMENT_3D ( 'NONE', #11418, #2021, #7511 ) ;
#1310 = DIRECTION ( 'NONE',  ( -0.000000000000000000, -1.000000000000000000, -0.000000000000000000 ) ) ;
#1311 = CIRCLE ( 'NONE', #12100, 0.7999999999999986011 ) ;
#1312 = PLANE ( 'NONE',  #321 ) ;
#1313 = EDGE_CURVE ( 'NONE', #8420, #4312, #9916, .T. ) ;
#1314 = CARTESIAN_POINT ( 'NONE',  ( 4.178303852462646795, -0.4322383295595858543, 1265.000000000000227 ) ) ;
#1315 = ORIENTED_EDGE ( 'NONE', *, *, #10309, .F. ) ;
#1316 = DIRECTION ( 'NONE',  ( -4.336808689942025625E-15, 0.000000000000000000, -1.000000000000000000 ) ) ;
#1317 = ORIENTED_EDGE ( 'NONE', *, *, #2120, .T. ) ;
#1318 = PLANE ( 'NONE',  #6172 ) ;
#1319 = EDGE_LOOP ( 'NONE', ( #9847, #10181, #10989, #3197 ) ) ;
#1320 = FACE_OUTER_BOUND ( 'NONE', #12095, .T. ) ;
#1321 = LINE ( 'NONE', #7065, #1102 ) ;
#1322 = ORIENTED_EDGE ( 'NONE', *, *, #11910, .F. ) ;
#1323 = DIRECTION ( 'NONE',  ( 0.000000000000000000, 0.000000000000000000, 1.000000000000000000 ) ) ;
#1324 = EDGE_LOOP ( 'NONE', ( #5575, #10611, #6328, #1395 ) ) ;
#1325 = DIRECTION ( 'NONE',  ( 0.000000000000000000, 0.000000000000000000, -1.000000000000000000 ) ) ;
#1326 = DIRECTION ( 'NONE',  ( 1.000000000000000000, 0.000000000000000000, 0.000000000000000000 ) ) ;
#1327 = AXIS2_PLACEMENT_3D ( 'NONE', #2398, #8077, #11042 ) ;
#1328 = MECHANICAL_DESIGN_GEOMETRIC_PRESENTATION_REPRESENTATION (  '', ( #10521 ), #12114 ) ;
#1329 = CARTESIAN_POINT ( 'NONE',  ( 22.89999999999999503, 0.000000000000000000, 0.000000000000000000 ) ) ;
#1330 = VERTEX_POINT ( 'NONE', #3076 ) ;
#1331 = ORIENTED_EDGE ( 'NONE', *, *, #1820, .T. ) ;
#1332 = CARTESIAN_POINT ( 'NONE',  ( 20.00000000000000355, 32.20000000000000284, 17.58578643762692550 ) ) ;
#1333 = AXIS2_PLACEMENT_3D ( 'NONE', #10963, #5997, #8004 ) ;
#1334 = ORIENTED_EDGE ( 'NONE', *, *, #7942, .F. ) ;
#1335 = AXIS2_PLACEMENT_3D ( 'NONE', #1380, #8003, #3179 ) ;
#1336 = CARTESIAN_POINT ( 'NONE',  ( -3.748380470424709454, -5.536446500142367277, -13.00000000000000000 ) ) ;
#1337 = FACE_OUTER_BOUND ( 'NONE', #3019, .T. ) ;
#1338 = ORIENTED_EDGE ( 'NONE', *, *, #11818, .T. ) ;
#1339 = DIRECTION ( 'NONE',  ( -0.000000000000000000, -1.000000000000000000, -0.000000000000000000 ) ) ;
#1340 = CYLINDRICAL_SURFACE ( 'NONE', #4753, 0.6500000000000009104 ) ;
#1341 = EDGE_CURVE ( 'NONE', #3809, #9807, #263, .T. ) ;
#1342 = DIRECTION ( 'NONE',  ( -0.7071067811865475727, -0.000000000000000000, -0.7071067811865475727 ) ) ;
#1343 = EDGE_CURVE ( 'NONE', #5299, #10166, #8782, .T. ) ;
#1344 = DIRECTION ( 'NONE',  ( 0.000000000000000000, 0.000000000000000000, 1.000000000000000000 ) ) ;
#1345 = EDGE_LOOP ( 'NONE', ( #8231, #11094, #9154, #9962, #7973, #9905 ) ) ;
#1346 = VECTOR ( 'NONE', #12059, 1000.000000000000000 ) ;
#1347 = ORIENTED_EDGE ( 'NONE', *, *, #10241, .T. ) ;
#1348 = VERTEX_POINT ( 'NONE', #5079 ) ;
#1349 = VERTEX_POINT ( 'NONE', #1137 ) ;
#1350 = CARTESIAN_POINT ( 'NONE',  ( -3.099999999999454303, -8.000000000000000000, -870.0000000000000000 ) ) ;
#1351 = ORIENTED_EDGE ( 'NONE', *, *, #10834, .T. ) ;
#1352 = CARTESIAN_POINT ( 'NONE',  ( 10.00000000000000000, 8.500000000000000000, -89.99999999999997158 ) ) ;
#1353 = DIRECTION ( 'NONE',  ( -1.000000000000000000, 0.000000000000000000, 0.000000000000000000 ) ) ;
#1354 =( REPRESENTATION_RELATIONSHIP ('NONE','NONE', #2684, #6840 ) REPRESENTATION_RELATIONSHIP_WITH_TRANSFORMATION ( #4736 )SHAPE_REPRESENTATION_RELATIONSHIP( ) );
#1355 = CIRCLE ( 'NONE', #8338, 0.1499999999999978018 ) ;
#1356 = DIRECTION ( 'NONE',  ( 1.000000000000000000, 0.000000000000000000, 0.000000000000000000 ) ) ;
#1357 = LINE ( 'NONE', #6166, #10983 ) ;
#1358 = EDGE_CURVE ( 'NONE', #11868, #12229, #2993, .T. ) ;
#1359 = CARTESIAN_POINT ( 'NONE',  ( 0.9013707041225496042, -5.998201072901427899, -13.00000000000000000 ) ) ;
#1360 = EDGE_CURVE ( 'NONE', #458, #1445, #7187, .T. ) ;
#1361 = LINE ( 'NONE', #3289, #10173 ) ;
#1362 = EDGE_CURVE ( 'NONE', #9165, #1739, #4192, .T. ) ;
#1363 = FACE_OUTER_BOUND ( 'NONE', #11392, .T. ) ;
#1364 = VECTOR ( 'NONE', #8382, 1000.000000000000000 ) ;
#1365 = EDGE_LOOP ( 'NONE', ( #5321, #10153, #11893, #7963 ) ) ;
#1366 = CIRCLE ( 'NONE', #11962, 5.194999999999999396 ) ;
#1367 = ORIENTED_EDGE ( 'NONE', *, *, #12242, .T. ) ;
#1368 = LINE ( 'NONE', #3169, #10992 ) ;
#1369 = DIRECTION ( 'NONE',  ( -0.000000000000000000, -0.000000000000000000, 1.000000000000000000 ) ) ;
#1370 = VERTEX_POINT ( 'NONE', #5949 ) ;
#1371 = LINE ( 'NONE', #7052, #11897 ) ;
#1372 = VECTOR ( 'NONE', #4069, 1000.000000000000000 ) ;
#1373 = CARTESIAN_POINT ( 'NONE',  ( -6.489999999999496616, 5.500000000000284217, -870.0000000000000000 ) ) ;
#1374 = DIRECTION ( 'NONE',  ( 1.000000000000000000, 0.000000000000000000, 0.000000000000000000 ) ) ;
#1375 = AXIS2_PLACEMENT_3D ( 'NONE', #819, #1234, #5047 ) ;
#1376 = AXIS2_PLACEMENT_3D ( 'NONE', #10899, #10965, #6126 ) ;
#1377 = DIRECTION ( 'NONE',  ( -1.000000000000000000, 0.000000000000000000, 0.000000000000000000 ) ) ;
#1378 = VECTOR ( 'NONE', #3719, 1000.000000000000114 ) ;
#1379 = EDGE_CURVE ( 'NONE', #9663, #7158, #11200, .T. ) ;
#1380 = CARTESIAN_POINT ( 'NONE',  ( 6.665645171607512687, 0.5213160713288601533, -13.00000000000000000 ) ) ;
#1381 = UNCERTAINTY_MEASURE_WITH_UNIT (LENGTH_MEASURE( 1.000000000000000082E-05 ), #7417, 'distance_accuracy_value', 'NONE');
#1382 = DIRECTION ( 'NONE',  ( 1.000000000000000000, -1.616199264448572863E-16, -1.896621075632125394E-17 ) ) ;
#1383 = ORIENTED_EDGE ( 'NONE', *, *, #8815, .F. ) ;
#1384 = EDGE_CURVE ( 'NONE', #6154, #8055, #8972, .T. ) ;
#1385 = AXIS2_PLACEMENT_3D ( 'NONE', #8312, #12074, #1637 ) ;
#1386 = DIRECTION ( 'NONE',  ( -0.000000000000000000, -0.000000000000000000, -1.000000000000000000 ) ) ;
#1387 = AXIS2_PLACEMENT_3D ( 'NONE', #11878, #9947, #4111 ) ;
#1388 = ORIENTED_EDGE ( 'NONE', *, *, #4630, .F. ) ;
#1389 = VECTOR ( 'NONE', #1017, 1000.000000000000000 ) ;
#1390 = DIRECTION ( 'NONE',  ( 1.000000000000000000, 0.000000000000000000, 0.000000000000000000 ) ) ;
#1391 = ORIENTED_EDGE ( 'NONE', *, *, #6309, .T. ) ;
#1392 = CARTESIAN_POINT ( 'NONE',  ( -21.00000000000000355, 40.00000000000000000, -18.00000000000001421 ) ) ;
#1393 = EDGE_CURVE ( 'NONE', #4410, #4410, #1803, .T. ) ;
#1394 = DIRECTION ( 'NONE',  ( -0.000000000000000000, -0.000000000000000000, 1.000000000000000000 ) ) ;
#1395 = ORIENTED_EDGE ( 'NONE', *, *, #6618, .T. ) ;
#1396 = CARTESIAN_POINT ( 'NONE',  ( 0.5189999999999562741, 3.900000000000267253, -870.0000000000000000 ) ) ;
#1397 = CYLINDRICAL_SURFACE ( 'NONE', #2904, 0.2800000000000000822 ) ;
#1398 = VECTOR ( 'NONE', #9755, 1000.000000000000000 ) ;
#1399 = CARTESIAN_POINT ( 'NONE',  ( 5.000000000000004441, 5.000000000000000000, 0.000000000000000000 ) ) ;
#1400 = VECTOR ( 'NONE', #6320, 1000.000000000000000 ) ;
#1401 = VECTOR ( 'NONE', #11625, 1000.000000000000000 ) ;
#1402 = VERTEX_POINT ( 'NONE', #9910 ) ;
#1403 = ORIENTED_EDGE ( 'NONE', *, *, #8182, .T. ) ;
#1404 = VERTEX_POINT ( 'NONE', #11851 ) ;
#1405 = VECTOR ( 'NONE', #8802, 1000.000000000000000 ) ;
#1406 = CARTESIAN_POINT ( 'NONE',  ( -1.991491178014995311, 6.382519791421596977, -13.00000000000000000 ) ) ;
#1407 = ORIENTED_EDGE ( 'NONE', *, *, #7990, .T. ) ;
#1408 = CIRCLE ( 'NONE', #2992, 6.304999999999999716 ) ;
#1409 = VECTOR ( 'NONE', #11295, 1000.000000000000000 ) ;
#1410 = CARTESIAN_POINT ( 'NONE',  ( -17.58578643762690774, 40.00000000000000000, -20.00000000000000000 ) ) ;
#1411 = EDGE_CURVE ( 'NONE', #10217, #7506, #7385, .T. ) ;
#1412 = CARTESIAN_POINT ( 'NONE',  ( 6.490000000000684111, -5.500000000000095035, -870.0000000000000000 ) ) ;
#1413 = ORIENTED_EDGE ( 'NONE', *, *, #7323, .T. ) ;
#1414 = LINE ( 'NONE', #2344, #237 ) ;
#1415 = CARTESIAN_POINT ( 'NONE',  ( 25.00000000000000000, 24.99999999999999645, 0.000000000000000000 ) ) ;
#1416 = CARTESIAN_POINT ( 'NONE',  ( -1.964042965173695698, -4.809424105956108697, -13.00000000000000000 ) ) ;
#1417 = DIRECTION ( 'NONE',  ( 1.000000000000000000, 0.000000000000000000, 0.000000000000000000 ) ) ;
#1418 = DIRECTION ( 'NONE',  ( -0.000000000000000000, 1.000000000000000000, -0.000000000000000000 ) ) ;
#1419 = CIRCLE ( 'NONE', #3998, 0.1999999999999987899 ) ;
#1420 = EDGE_CURVE ( 'NONE', #4673, #5195, #7076, .T. ) ;
#1421 = VECTOR ( 'NONE', #10881, 1000.000000000000000 ) ;
#1422 = ORIENTED_EDGE ( 'NONE', *, *, #6906, .F. ) ;
#1423 = ORIENTED_EDGE ( 'NONE', *, *, #3655, .T. ) ;
#1424 = ORIENTED_EDGE ( 'NONE', *, *, #524, .F. ) ;
#1425 = VERTEX_POINT ( 'NONE', #2030 ) ;
#1426 = CARTESIAN_POINT ( 'NONE',  ( 9.500000000000000000, 3.599999999999909051, -870.0000000000000000 ) ) ;
#1427 = EDGE_CURVE ( 'NONE', #10215, #7506, #5830, .T. ) ;
#1428 = ORIENTED_EDGE ( 'NONE', *, *, #1894, .T. ) ;
#1429 = CARTESIAN_POINT ( 'NONE',  ( 0.000000000000000000, 41.80000000000000426, 0.000000000000000000 ) ) ;
#1430 = EDGE_CURVE ( 'NONE', #3261, #11868, #5781, .T. ) ;
#1431 = CIRCLE ( 'NONE', #8402, 0.2000000000000002887 ) ;
#1432 = CYLINDRICAL_SURFACE ( 'NONE', #1235, 0.1500000000000012712 ) ;
#1433 = DIRECTION ( 'NONE',  ( -1.000000000000000000, 0.000000000000000000, 0.000000000000000000 ) ) ;
#1434 = DIRECTION ( 'NONE',  ( 1.000000000000000000, 0.000000000000000000, -8.260587980841936314E-17 ) ) ;
#1435 = FACE_OUTER_BOUND ( 'NONE', #9143, .T. ) ;
#1436 = CARTESIAN_POINT ( 'NONE',  ( 1.790414966635721639, 5.795282521538789311, -13.00000000000000000 ) ) ;
#1437 = LINE ( 'NONE', #6350, #1552 ) ;
#1438 = CIRCLE ( 'NONE', #8410, 1.974999999999981215 ) ;
#1439 = ORIENTED_EDGE ( 'NONE', *, *, #3693, .T. ) ;
#1440 = EDGE_LOOP ( 'NONE', ( #9438, #406, #3357, #3446 ) ) ;
#1441 = CARTESIAN_POINT ( 'NONE',  ( 0.000000000000000000, 0.000000000000000000, -2.000000000000000000 ) ) ;
#1442 = EDGE_CURVE ( 'NONE', #3151, #1533, #10398, .T. ) ;
#1443 = ADVANCED_FACE ( 'NONE', ( #6327 ), #9096, .T. ) ;
#1444 = DIRECTION ( 'NONE',  ( 1.000000000000000000, 0.000000000000000000, -8.260587980841938780E-17 ) ) ;
#1445 = VERTEX_POINT ( 'NONE', #7214 ) ;
#1446 = DIRECTION ( 'NONE',  ( 0.000000000000000000, 0.000000000000000000, 1.000000000000000000 ) ) ;
#1447 = AXIS2_PLACEMENT_3D ( 'NONE', #7477, #11315, #2730 ) ;
#1448 = PRODUCT ( '\X2\540c6b655e268f6e56fa5b9a677f\X0\', '\X2\540c6b655e268f6e56fa5b9a677f\X0\', '', ( #8126 ) ) ;
#1449 = CARTESIAN_POINT ( 'NONE',  ( 20.00000000000000355, 40.00000000000000000, -17.58578643762690774 ) ) ;
#1450 = FACE_OUTER_BOUND ( 'NONE', #6869, .T. ) ;
#1451 = CARTESIAN_POINT ( 'NONE',  ( 5.273886783729710537, 0.8689897539102952040, -13.00000000000000000 ) ) ;
#1452 = DIRECTION ( 'NONE',  ( 0.000000000000000000, 0.000000000000000000, 1.000000000000000000 ) ) ;
#1453 = DIRECTION ( 'NONE',  ( -4.884058771481354010E-18, -1.110223024625146187E-16, -0.9999999999999996669 ) ) ;
#1454 = EDGE_LOOP ( 'NONE', ( #11462, #4607, #9930, #2761 ) ) ;
#1455 = CIRCLE ( 'NONE', #2243, 0.2000000000000002887 ) ;
#1456 = DIRECTION ( 'NONE',  ( 0.7071067811865471286, -0.000000000000000000, 0.7071067811865480168 ) ) ;
#1457 = ORIENTED_EDGE ( 'NONE', *, *, #5926, .F. ) ;
#1458 = EDGE_CURVE ( 'NONE', #10856, #5336, #5273, .T. ) ;
#1459 = DIRECTION ( 'NONE',  ( -1.000000000000000000, 0.000000000000000000, 0.000000000000000000 ) ) ;
#1460 = ORIENTED_EDGE ( 'NONE', *, *, #1945, .T. ) ;
#1461 = LINE ( 'NONE', #9442, #3426 ) ;
#1462 = CARTESIAN_POINT ( 'NONE',  ( 2.608811078263817418, 4.665096971974746154, -13.00000000000000000 ) ) ;
#1463 = ORIENTED_EDGE ( 'NONE', *, *, #1379, .F. ) ;
#1464 = CARTESIAN_POINT ( 'NONE',  ( -9.500000000000000000, -3.599999999999909051, -870.0000000000000000 ) ) ;
#1465 = PLANE ( 'NONE',  #6772 ) ;
#1466 = ADVANCED_FACE ( 'NONE', ( #8086, #1652 ), #11163, .F. ) ;
#1467 = CARTESIAN_POINT ( 'NONE',  ( 15.49999999999999289, 35.50000000000000711, -15.49999999999999822 ) ) ;
#1468 = CARTESIAN_POINT ( 'NONE',  ( 14.00000000000000178, -3.469446951953614189E-15, 5.000000000000000000 ) ) ;
#1469 = ORIENTED_EDGE ( 'NONE', *, *, #8064, .T. ) ;
#1470 = ORIENTED_EDGE ( 'NONE', *, *, #6241, .F. ) ;
#1471 = EDGE_CURVE ( 'NONE', #8640, #10163, #1588, .T. ) ;
#1472 = AXIS2_PLACEMENT_3D ( 'NONE', #1779, #5581, #832 ) ;
#1473 = DIRECTION ( 'NONE',  ( -0.000000000000000000, -0.000000000000000000, -1.000000000000000000 ) ) ;
#1474 = ORIENTED_EDGE ( 'NONE', *, *, #4001, .T. ) ;
#1475 = CARTESIAN_POINT ( 'NONE',  ( -15.47157287525382863, 8.000000000000000000, 20.69999999999999929 ) ) ;
#1476 = DIRECTION ( 'NONE',  ( 0.000000000000000000, -1.000000000000000000, -0.000000000000000000 ) ) ;
#1477 = VERTEX_POINT ( 'NONE', #8148 ) ;
#1478 = CARTESIAN_POINT ( 'NONE',  ( -3.599999999999454303, -9.500000000000000000, -870.0000000000000000 ) ) ;
#1479 = DIRECTION ( 'NONE',  ( -0.000000000000000000, -0.000000000000000000, -1.000000000000000000 ) ) ;
#1480 = CARTESIAN_POINT ( 'NONE',  ( -2.659549700202078260, -4.523938932020213244, -2.000000000000000000 ) ) ;
#1481 = LINE ( 'NONE', #2416, #4372 ) ;
#1482 = VERTEX_POINT ( 'NONE', #4330 ) ;
#1483 = ORIENTED_EDGE ( 'NONE', *, *, #5847, .F. ) ;
#1484 = ORIENTED_EDGE ( 'NONE', *, *, #3511, .T. ) ;
#1485 = ORIENTED_EDGE ( 'NONE', *, *, #8945, .T. ) ;
#1486 = DIRECTION ( 'NONE',  ( -1.000000000000000000, 0.000000000000000000, 0.000000000000000000 ) ) ;
#1487 = VERTEX_POINT ( 'NONE', #698 ) ;
#1488 = DIRECTION ( 'NONE',  ( 0.000000000000000000, 0.000000000000000000, -1.000000000000000000 ) ) ;
#1489 = DIRECTION ( 'NONE',  ( 1.000000000000000000, 0.000000000000000000, 0.000000000000000000 ) ) ;
#1490 = LINE ( 'NONE', #3226, #8552 ) ;
#1491 = DIRECTION ( 'NONE',  ( -1.000000000000000000, 0.000000000000000000, 0.000000000000000000 ) ) ;
#1492 = CARTESIAN_POINT ( 'NONE',  ( -0.9013707041225494931, 5.998201072901427011, -13.00000000000000000 ) ) ;
#1493 = CARTESIAN_POINT ( 'NONE',  ( -3.899999999999465672, 2.910000000000252829, -89.99999999999997158 ) ) ;
#1494 = EDGE_CURVE ( 'NONE', #2328, #3077, #367, .T. ) ;
#1495 = EDGE_LOOP ( 'NONE', ( #5945, #1047, #6661, #4243 ) ) ;
#1496 = EDGE_LOOP ( 'NONE', ( #2490, #8388, #10539, #6161 ) ) ;
#1497 = CARTESIAN_POINT ( 'NONE',  ( -6.489999999999564118, -5.500000000000096811, -870.0000000000000000 ) ) ;
#1498 = VECTOR ( 'NONE', #1066, 1000.000000000000000 ) ;
#1499 = FACE_OUTER_BOUND ( 'NONE', #3833, .T. ) ;
#1500 = VERTEX_POINT ( 'NONE', #3325 ) ;
#1501 = FACE_OUTER_BOUND ( 'NONE', #4819, .T. ) ;
#1502 = CARTESIAN_POINT ( 'NONE',  ( -8.000000000000000000, -3.099999999999909051, -870.0000000000000000 ) ) ;
#1503 = CARTESIAN_POINT ( 'NONE',  ( 0.000000000000000000, 0.000000000000000000, -15.00000000000000000 ) ) ;
#1504 = CARTESIAN_POINT ( 'NONE',  ( -20.80000000000000071, 32.20000000000000284, 1.701681124053438767E-15 ) ) ;
#1505 = DIRECTION ( 'NONE',  ( -0.7071067811865491270, -0.000000000000000000, 0.7071067811865459074 ) ) ;
#1506 = EDGE_CURVE ( 'NONE', #685, #11041, #6958, .T. ) ;
#1507 = AXIS2_PLACEMENT_3D ( 'NONE', #7867, #11696, #3365 ) ;
#1508 = ADVANCED_FACE ( 'NONE', ( #3397 ), #7143, .T. ) ;
#1509 = VECTOR ( 'NONE', #1563, 1000.000000000000000 ) ;
#1510 = DIRECTION ( 'NONE',  ( 0.000000000000000000, 0.000000000000000000, 1.000000000000000000 ) ) ;
#1511 = ORIENTED_EDGE ( 'NONE', *, *, #7155, .T. ) ;
#1512 = DIRECTION ( 'NONE',  ( 0.7071067811865474617, 0.000000000000000000, 0.7071067811865474617 ) ) ;
#1513 = DIRECTION ( 'NONE',  ( 1.000000000000000000, 0.000000000000000000, -0.000000000000000000 ) ) ;
#1514 = ORIENTED_EDGE ( 'NONE', *, *, #7440, .T. ) ;
#1515 = VECTOR ( 'NONE', #6610, 1000.000000000000000 ) ;
#1516 = DIRECTION ( 'NONE',  ( -1.000000000000000000, 0.000000000000000000, 0.000000000000000000 ) ) ;
#1517 = VECTOR ( 'NONE', #2776, 1000.000000000000000 ) ;
#1518 = LINE ( 'NONE', #5320, #4082 ) ;
#1519 = ORIENTED_EDGE ( 'NONE', *, *, #3018, .F. ) ;
#1520 = FILL_AREA_STYLE ('',( #6319 ) ) ;
#1521 = CARTESIAN_POINT ( 'NONE',  ( 5.251577878682487821, 3.035097204594769948, -13.00000000000000000 ) ) ;
#1522 = CARTESIAN_POINT ( 'NONE',  ( 10.00000000000000000, -3.599999999999909051, -870.0000000000000000 ) ) ;
#1523 = EDGE_CURVE ( 'NONE', #9579, #1853, #6159, .T. ) ;
#1524 = EDGE_CURVE ( 'NONE', #12215, #6923, #7964, .T. ) ;
#1525 = CIRCLE ( 'NONE', #2707, 1.000000000000000888 ) ;
#1526 = ORIENTED_EDGE ( 'NONE', *, *, #3950, .T. ) ;
#1527 =( REPRESENTATION_RELATIONSHIP ('NONE','NONE', #2684, #8209 ) REPRESENTATION_RELATIONSHIP_WITH_TRANSFORMATION ( #8369 )SHAPE_REPRESENTATION_RELATIONSHIP( ) );
#1528 = EDGE_LOOP ( 'NONE', ( #4389, #1805, #10160, #6888 ) ) ;
#1529 = DIRECTION ( 'NONE',  ( 0.000000000000000000, 0.000000000000000000, 1.000000000000000000 ) ) ;
#1530 = ORIENTED_EDGE ( 'NONE', *, *, #7958, .F. ) ;
#1531 = CARTESIAN_POINT ( 'NONE',  ( 0.5190000000002328306, -3.900000000000090949, -89.99999999999997158 ) ) ;
#1532 = CARTESIAN_POINT ( 'NONE',  ( -17.58578643762690774, 0.1999999999999987899, -20.80000000000000426 ) ) ;
#1533 = VERTEX_POINT ( 'NONE', #6270 ) ;
#1534 = CARTESIAN_POINT ( 'NONE',  ( 9.500000000000000000, 3.099999999999909051, -870.0000000000000000 ) ) ;
#1535 = DIRECTION ( 'NONE',  ( 1.000000000000000000, 0.000000000000000000, 0.000000000000000000 ) ) ;
#1536 = DIRECTION ( 'NONE',  ( -0.7071067811865475727, 0.000000000000000000, -0.7071067811865475727 ) ) ;
#1537 = EDGE_CURVE ( 'NONE', #4604, #10716, #9037, .T. ) ;
#1538 = CYLINDRICAL_SURFACE ( 'NONE', #9181, 3.125000000000000000 ) ;
#1539 = EDGE_LOOP ( 'NONE', ( #1424, #6677, #3594, #5300 ) ) ;
#1540 = ORIENTED_EDGE ( 'NONE', *, *, #2617, .F. ) ;
#1541 = ORIENTED_EDGE ( 'NONE', *, *, #10949, .T. ) ;
#1542 = VERTEX_POINT ( 'NONE', #10104 ) ;
#1543 = CIRCLE ( 'NONE', #9731, 6.304999999999999716 ) ;
#1544 = EDGE_CURVE ( 'NONE', #232, #1607, #2174, .T. ) ;
#1545 = DIRECTION ( 'NONE',  ( 1.000000000000000000, 0.000000000000000000, 0.000000000000000000 ) ) ;
#1546 = PRODUCT_DEFINITION_SHAPE ( 'NONE', 'NONE',  #6493 ) ;
#1547 = ORIENTED_EDGE ( 'NONE', *, *, #507, .F. ) ;
#1548 = DIRECTION ( 'NONE',  ( -1.000000000000000000, 0.000000000000000000, 0.000000000000000000 ) ) ;
#1549 = CARTESIAN_POINT ( 'NONE',  ( -2.909999999999854481, -3.900000000000090949, -870.0000000000000000 ) ) ;
#1550 = DIRECTION ( 'NONE',  ( -0.000000000000000000, -0.000000000000000000, -1.000000000000000000 ) ) ;
#1551 = DIRECTION ( 'NONE',  ( 0.000000000000000000, 0.000000000000000000, 1.000000000000000000 ) ) ;
#1552 = VECTOR ( 'NONE', #10070, 1000.000000000000114 ) ;
#1553 = FACE_OUTER_BOUND ( 'NONE', #8962, .T. ) ;
#1554 = CARTESIAN_POINT ( 'NONE',  ( -17.58578643762691485, 32.00000000000000000, 20.00000000000000355 ) ) ;
#1555 = VERTEX_POINT ( 'NONE', #453 ) ;
#1556 = ORIENTED_EDGE ( 'NONE', *, *, #3626, .T. ) ;
#1557 = CARTESIAN_POINT ( 'NONE',  ( 1.878755766203751953, 4.899949473152688029, -13.00000000000000000 ) ) ;
#1558 = CIRCLE ( 'NONE', #1764, 6.304999999999999716 ) ;
#1559 = FACE_OUTER_BOUND ( 'NONE', #4, .T. ) ;
#1560 = VERTEX_POINT ( 'NONE', #10046 ) ;
#1561 = DIRECTION ( 'NONE',  ( 1.000000000000000000, 0.000000000000000000, 0.000000000000000000 ) ) ;
#1562 = CARTESIAN_POINT ( 'NONE',  ( -4.374567281301043664, 3.071186432206677974, -2.000000000000000000 ) ) ;
#1563 = DIRECTION ( 'NONE',  ( -0.000000000000000000, -0.000000000000000000, 1.000000000000000000 ) ) ;
#1564 = CARTESIAN_POINT ( 'NONE',  ( -20.79999999999999716, 0.000000000000000000, 17.58578643762692195 ) ) ;
#1565 = DIRECTION ( 'NONE',  ( -0.000000000000000000, -0.000000000000000000, -1.000000000000000000 ) ) ;
#1566 = CIRCLE ( 'NONE', #3355, 1.000000000000000888 ) ;
#1567 = CLOSED_SHELL ( 'NONE', ( #821, #8368, #5183, #5543, #2973, #10421, #9604, #6390, #6167, #4130, #4536, #8991, #2412, #5413, #9526, #9362, #1855, #11687, #2861, #6590 ) ) ;
#1568 = AXIS2_PLACEMENT_3D ( 'NONE', #1629, #5434, #1043 ) ;
#1569 = PRODUCT_CONTEXT ( 'NONE', #4071, 'mechanical' ) ;
#1570 = EDGE_LOOP ( 'NONE', ( #6017, #8370, #3427, #1383 ) ) ;
#1571 = CARTESIAN_POINT ( 'NONE',  ( 37.60000000000000853, 4.000000000000000000, -4.651421356237302795 ) ) ;
#1572 = DIRECTION ( 'NONE',  ( 0.000000000000000000, 0.000000000000000000, 1.000000000000000000 ) ) ;
#1573 = EDGE_LOOP ( 'NONE', ( #3928, #10619, #1317, #10099 ) ) ;
#1574 = EDGE_CURVE ( 'NONE', #1834, #3793, #8966, .T. ) ;
#1575 = VECTOR ( 'NONE', #4535, 1000.000000000000000 ) ;
#1576 = AXIS2_PLACEMENT_3D ( 'NONE', #9897, #2199, #437 ) ;
#1577 = AXIS2_PLACEMENT_3D ( 'NONE', #5044, #11813, #7171 ) ;
#1578 = EDGE_CURVE ( 'NONE', #7861, #5603, #7325, .T. ) ;
#1579 = FACE_OUTER_BOUND ( 'NONE', #1495, .T. ) ;
#1580 = VERTEX_POINT ( 'NONE', #7269 ) ;
#1581 = LINE ( 'NONE', #11903, #6369 ) ;
#1582 = DIRECTION ( 'NONE',  ( -1.652117596168387263E-16, 0.000000000000000000, -1.000000000000000000 ) ) ;
#1583 = CIRCLE ( 'NONE', #9178, 0.2000000000000002887 ) ;
#1584 = VECTOR ( 'NONE', #8356, 1000.000000000000000 ) ;
#1585 = ORIENTED_EDGE ( 'NONE', *, *, #2669, .T. ) ;
#1586 = AXIS2_PLACEMENT_3D ( 'NONE', #2665, #787, #6347 ) ;
#1587 = ORIENTED_EDGE ( 'NONE', *, *, #6228, .F. ) ;
#1588 = LINE ( 'NONE', #11107, #2789 ) ;
#1589 = ORIENTED_EDGE ( 'NONE', *, *, #872, .T. ) ;
#1590 = EDGE_CURVE ( 'NONE', #6018, #499, #12360, .T. ) ;
#1591 = EDGE_CURVE ( 'NONE', #6533, #2821, #6634, .T. ) ;
#1592 = CARTESIAN_POINT ( 'NONE',  ( 4.251801127475944853, -2.984997851321551376, -13.00000000000000000 ) ) ;
#1593 = DIRECTION ( 'NONE',  ( 0.000000000000000000, 0.000000000000000000, 1.000000000000000000 ) ) ;
#1594 = ORIENTED_EDGE ( 'NONE', *, *, #8772, .T. ) ;
#1595 = EDGE_CURVE ( 'NONE', #10592, #11560, #576, .T. ) ;
#1596 = VECTOR ( 'NONE', #9023, 1000.000000000000114 ) ;
#1597 = VECTOR ( 'NONE', #10519, 1000.000000000000000 ) ;
#1598 = FACE_OUTER_BOUND ( 'NONE', #2995, .T. ) ;
#1599 = VECTOR ( 'NONE', #5158, 1000.000000000000000 ) ;
#1600 = FACE_BOUND ( 'NONE', #11175, .T. ) ;
#1601 = CARTESIAN_POINT ( 'NONE',  ( -0.3171893472501035038, 5.185307697522977932, -2.000000000000000000 ) ) ;
#1602 = VERTEX_POINT ( 'NONE', #8401 ) ;
#1603 = ORIENTED_EDGE ( 'NONE', *, *, #5494, .F. ) ;
#1604 = VECTOR ( 'NONE', #2439, 1000.000000000000000 ) ;
#1605 = AXIS2_PLACEMENT_3D ( 'NONE', #4440, #9135, #11028 ) ;
#1606 = CIRCLE ( 'NONE', #6192, 0.1999999999999987899 ) ;
#1607 = VERTEX_POINT ( 'NONE', #1835 ) ;
#1608 = VERTEX_POINT ( 'NONE', #8577 ) ;
#1609 = CARTESIAN_POINT ( 'NONE',  ( -15.47157287525382863, 8.000000000000000000, 20.69999999999999929 ) ) ;
#1610 = ORIENTED_EDGE ( 'NONE', *, *, #1544, .T. ) ;
#1611 = EDGE_CURVE ( 'NONE', #6783, #2276, #1583, .T. ) ;
#1612 = CARTESIAN_POINT ( 'NONE',  ( -0.9749999999999728884, -6.614527269578664992, -2.000000000000000000 ) ) ;
#1613 = CARTESIAN_POINT ( 'NONE',  ( 9.500000000000000000, -3.599999999999909051, -870.0000000000000000 ) ) ;
#1614 = AXIS2_PLACEMENT_3D ( 'NONE', #2727, #5428, #10261 ) ;
#1615 = DIRECTION ( 'NONE',  ( -0.000000000000000000, -0.000000000000000000, 1.000000000000000000 ) ) ;
#1616 = AXIS2_PLACEMENT_3D ( 'NONE', #909, #4601, #8348 ) ;
#1617 = DIRECTION ( 'NONE',  ( 1.000000000000000000, 0.000000000000000000, 0.000000000000000000 ) ) ;
#1618 = EDGE_CURVE ( 'NONE', #9148, #6670, #5692, .T. ) ;
#1619 = DIRECTION ( 'NONE',  ( 0.000000000000000000, 0.000000000000000000, 1.000000000000000000 ) ) ;
#1620 = FACE_OUTER_BOUND ( 'NONE', #6829, .T. ) ;
#1621 = ORIENTED_EDGE ( 'NONE', *, *, #5163, .F. ) ;
#1622 = EDGE_LOOP ( 'NONE', ( #1105, #8266, #11312, #9735 ) ) ;
#1623 = AXIS2_PLACEMENT_3D ( 'NONE', #4776, #2781, #2842 ) ;
#1624 = DIRECTION ( 'NONE',  ( 1.000000000000000000, 0.000000000000000000, 0.000000000000000000 ) ) ;
#1625 = EDGE_CURVE ( 'NONE', #4651, #8801, #9591, .T. ) ;
#1626 = FACE_OUTER_BOUND ( 'NONE', #2269, .T. ) ;
#1627 = ORIENTED_EDGE ( 'NONE', *, *, #8223, .T. ) ;
#1628 = LINE ( 'NONE', #4184, #10905 ) ;
#1629 = CARTESIAN_POINT ( 'NONE',  ( 1.167387816605746309, 5.910823181726929221, -13.00000000000000000 ) ) ;
#1630 = CARTESIAN_POINT ( 'NONE',  ( 5.502858276596625409, 2.453400861598447502, -13.00000000000000000 ) ) ;
#1631 = LINE ( 'NONE', #7191, #11011 ) ;
#1632 = PLANE ( 'NONE',  #7512 ) ;
#1633 = APPLICATION_PROTOCOL_DEFINITION ( 'draft international standard', 'automotive_design', 1998, #7736 ) ;
#1634 = VERTEX_POINT ( 'NONE', #11278 ) ;
#1635 = EDGE_CURVE ( 'NONE', #7021, #3261, #4558, .T. ) ;
#1636 = DIRECTION ( 'NONE',  ( -1.000000000000000000, 0.000000000000000000, 0.000000000000000000 ) ) ;
#1637 = DIRECTION ( 'NONE',  ( 0.000000000000000000, 0.000000000000000000, 1.000000000000000000 ) ) ;
#1638 = AXIS2_PLACEMENT_3D ( 'NONE', #7008, #5010, #10718 ) ;
#1639 = EDGE_LOOP ( 'NONE', ( #4479, #2469, #12164, #3154 ) ) ;
#1640 = CARTESIAN_POINT ( 'NONE',  ( 6.048387499772775122, 0.4559538461277345966, -13.00000000000000000 ) ) ;
#1641 = VERTEX_POINT ( 'NONE', #59 ) ;
#1642 = DIRECTION ( 'NONE',  ( 1.000000000000000000, 0.000000000000000000, 0.000000000000000000 ) ) ;
#1643 =( NAMED_UNIT ( * ) SI_UNIT ( $, .STERADIAN. ) SOLID_ANGLE_UNIT ( ) );
#1644 = CARTESIAN_POINT ( 'NONE',  ( 30.00000000000000711, -20.00000000000000000, 0.000000000000000000 ) ) ;
#1645 = LINE ( 'NONE', #4566, #1364 ) ;
#1646 = CARTESIAN_POINT ( 'NONE',  ( 14.00000000000000178, -3.469446951953614189E-15, 0.000000000000000000 ) ) ;
#1647 = CIRCLE ( 'NONE', #10643, 5.194999999999999396 ) ;
#1648 = EDGE_CURVE ( 'NONE', #330, #8098, #2760, .T. ) ;
#1649 = VERTEX_POINT ( 'NONE', #5638 ) ;
#1650 = EDGE_CURVE ( 'NONE', #4800, #6224, #3571, .T. ) ;
#1651 = EDGE_LOOP ( 'NONE', ( #7010, #7180, #8431, #8482 ) ) ;
#1652 = FACE_OUTER_BOUND ( 'NONE', #8087, .T. ) ;
#1653 = ORIENTED_EDGE ( 'NONE', *, *, #9586, .T. ) ;
#1654 = DIRECTION ( 'NONE',  ( -0.000000000000000000, -0.000000000000000000, 1.000000000000000000 ) ) ;
#1655 = CARTESIAN_POINT ( 'NONE',  ( 0.000000000000000000, 0.000000000000000000, -2.000000000000000000 ) ) ;
#1656 = VERTEX_POINT ( 'NONE', #6574 ) ;
#1657 = CIRCLE ( 'NONE', #3643, 1.000000000000000888 ) ;
#1658 = DIRECTION ( 'NONE',  ( 1.000000000000000000, 0.000000000000000000, 0.000000000000000000 ) ) ;
#1659 = LINE ( 'NONE', #1893, #11707 ) ;
#1660 = DIRECTION ( 'NONE',  ( -0.7071067811865467956, 0.000000000000000000, 0.7071067811865483499 ) ) ;
#1661 = CARTESIAN_POINT ( 'NONE',  ( -5.597711953606974156, 2.901490286808761088, -13.00000000000000000 ) ) ;
#1662 = VERTEX_POINT ( 'NONE', #6701 ) ;
#1663 = EDGE_CURVE ( 'NONE', #9247, #3775, #7389, .T. ) ;
#1664 = VERTEX_POINT ( 'NONE', #4693 ) ;
#1665 = ADVANCED_FACE ( 'NONE', ( #4572 ), #12272, .F. ) ;
#1666 = VECTOR ( 'NONE', #11780, 1000.000000000000114 ) ;
#1667 = ORIENTED_EDGE ( 'NONE', *, *, #1848, .T. ) ;
#1668 = ORIENTED_EDGE ( 'NONE', *, *, #11291, .F. ) ;
#1669 = CARTESIAN_POINT ( 'NONE',  ( 3.893413252308147054, 4.598038521668918577, -2.000000000000000000 ) ) ;
#1670 = VERTEX_POINT ( 'NONE', #10414 ) ;
#1671 = CARTESIAN_POINT ( 'NONE',  ( 4.563543104187650634, 4.886375992105099542, -13.00000000000000000 ) ) ;
#1672 = DIRECTION ( 'NONE',  ( 1.000000000000000000, 0.000000000000000000, 0.000000000000000000 ) ) ;
#1673 = FACE_OUTER_BOUND ( 'NONE', #6578, .T. ) ;
#1674 = DIRECTION ( 'NONE',  ( 0.000000000000000000, 0.000000000000000000, 1.000000000000000000 ) ) ;
#1675 = LINE ( 'NONE', #8473, #11568 ) ;
#1676 = ADVANCED_FACE ( 'NONE', ( #827, #2697 ), #1774, .F. ) ;
#1677 = EDGE_CURVE ( 'NONE', #7111, #4619, #882, .T. ) ;
#1678 = EDGE_LOOP ( 'NONE', ( #10589, #11597, #5004, #4847 ) ) ;
#1679 = VERTEX_POINT ( 'NONE', #1009 ) ;
#1680 = CARTESIAN_POINT ( 'NONE',  ( -4.251801127475943964, -2.984997851321552265, -13.00000000000000000 ) ) ;
#1681 = EDGE_LOOP ( 'NONE', ( #6673, #10090, #451, #4649 ) ) ;
#1682 = DIRECTION ( 'NONE',  ( -1.000000000000000000, 0.000000000000000000, 0.000000000000000000 ) ) ;
#1683 = EDGE_CURVE ( 'NONE', #7535, #1425, #5157, .T. ) ;
#1684 = ORIENTED_EDGE ( 'NONE', *, *, #5695, .F. ) ;
#1685 = CARTESIAN_POINT ( 'NONE',  ( 5.195159997428644871, -0.7413101035399000116, -13.00000000000000000 ) ) ;
#1686 = DIRECTION ( 'NONE',  ( -1.000000000000000000, 0.000000000000000000, 0.000000000000000000 ) ) ;
#1687 = DIRECTION ( 'NONE',  ( -0.000000000000000000, -0.000000000000000000, 1.000000000000000000 ) ) ;
#1688 = DIRECTION ( 'NONE',  ( -0.7071067811865475727, -0.000000000000000000, -0.7071067811865475727 ) ) ;
#1689 = DIRECTION ( 'NONE',  ( -0.000000000000000000, 1.000000000000000000, 0.000000000000000000 ) ) ;
#1690 = EDGE_CURVE ( 'NONE', #10840, #2028, #8166, .T. ) ;
#1691 = APPLICATION_PROTOCOL_DEFINITION ( 'draft international standard', 'automotive_design', 1998, #2563 ) ;
#1692 = VECTOR ( 'NONE', #2826, 1000.000000000000000 ) ;
#1693 = ORIENTED_EDGE ( 'NONE', *, *, #1411, .T. ) ;
#1694 = VECTOR ( 'NONE', #6249, 1000.000000000000000 ) ;
#1695 = CARTESIAN_POINT ( 'NONE',  ( 37.60000000000000853, 3.449999999999994849, 0.9526279441628847655 ) ) ;
#1696 = CARTESIAN_POINT ( 'NONE',  ( -20.80000000000000426, 40.00000000000000000, -17.58578643762691840 ) ) ;
#1697 = EDGE_CURVE ( 'NONE', #233, #11087, #7505, .T. ) ;
#1698 = ORIENTED_EDGE ( 'NONE', *, *, #5873, .T. ) ;
#1699 = DIRECTION ( 'NONE',  ( 0.000000000000000000, 0.000000000000000000, 1.000000000000000000 ) ) ;
#1700 = CARTESIAN_POINT ( 'NONE',  ( 0.000000000000000000, 0.000000000000000000, -13.00000000000000178 ) ) ;
#1701 = SURFACE_STYLE_FILL_AREA ( #1520 ) ;
#1702 = AXIS2_PLACEMENT_3D ( 'NONE', #4681, #11215, #1938 ) ;
#1703 = CARTESIAN_POINT ( 'NONE',  ( -2.000000000000000888, 64.00000000000000000, -0.9165151389911839752 ) ) ;
#1704 = ADVANCED_FACE ( 'NONE', ( #10285, #1711 ), #5509, .T. ) ;
#1705 = CONICAL_SURFACE ( 'NONE', #2691, 2.700000000000000178, 0.7853981633974516097 ) ;
#1706 = CYLINDRICAL_SURFACE ( 'NONE', #2367, 1.000000000000000888 ) ;
#1707 = CARTESIAN_POINT ( 'NONE',  ( 20.00000000000000355, 0.000000000000000000, -2.099999999999997868 ) ) ;
#1708 = ORIENTED_EDGE ( 'NONE', *, *, #6074, .T. ) ;
#1709 = ORIENTED_EDGE ( 'NONE', *, *, #2195, .T. ) ;
#1710 = CIRCLE ( 'NONE', #9510, 6.304999999999999716 ) ;
#1711 = FACE_OUTER_BOUND ( 'NONE', #5036, .T. ) ;
#1712 = ORIENTED_EDGE ( 'NONE', *, *, #5805, .F. ) ;
#1713 = CARTESIAN_POINT ( 'NONE',  ( 25.00000000000000355, 5.000000000000000000, 10.00000000000000000 ) ) ;
#1714 = CARTESIAN_POINT ( 'NONE',  ( 20.00000000000000355, 39.80000000000000426, -17.58578643762690774 ) ) ;
#1715 = ORIENTED_EDGE ( 'NONE', *, *, #259, .T. ) ;
#1716 = CYLINDRICAL_SURFACE ( 'NONE', #4038, 0.2800000000000011924 ) ;
#1717 = CARTESIAN_POINT ( 'NONE',  ( 17.58578643762691840, 7.800000000000000711, -20.80000000000000426 ) ) ;
#1718 = FACE_OUTER_BOUND ( 'NONE', #658, .T. ) ;
#1719 = CIRCLE ( 'NONE', #10514, 1.499999999999999556 ) ;
#1720 = PLANE ( 'NONE',  #3528 ) ;
#1721 = AXIS2_PLACEMENT_3D ( 'NONE', #3313, #3384, #2516 ) ;
#1722 = VERTEX_POINT ( 'NONE', #775 ) ;
#1723 = ORIENTED_EDGE ( 'NONE', *, *, #9139, .F. ) ;
#1724 = VERTEX_POINT ( 'NONE', #11593 ) ;
#1725 = DIRECTION ( 'NONE',  ( -0.000000000000000000, -0.000000000000000000, 1.000000000000000000 ) ) ;
#1726 = ORIENTED_EDGE ( 'NONE', *, *, #886, .T. ) ;
#1727 = CIRCLE ( 'NONE', #4314, 1.975000000000032285 ) ;
#1728 = DIRECTION ( 'NONE',  ( -1.000000000000000000, 0.000000000000000000, 0.000000000000000000 ) ) ;
#1729 = EDGE_CURVE ( 'NONE', #1189, #10811, #4171, .T. ) ;
#1730 = PLANE ( 'NONE',  #10051 ) ;
#1731 = EDGE_CURVE ( 'NONE', #8760, #792, #7938, .T. ) ;
#1732 = FACE_OUTER_BOUND ( 'NONE', #5690, .T. ) ;
#1733 = FILL_AREA_STYLE_COLOUR ( '', #4792 ) ;
#1734 = DIRECTION ( 'NONE',  ( -0.000000000000000000, -0.000000000000000000, 1.000000000000000000 ) ) ;
#1735 = AXIS2_PLACEMENT_3D ( 'NONE', #10737, #7656, #11489 ) ;
#1736 = ORIENTED_EDGE ( 'NONE', *, *, #9030, .F. ) ;
#1737 = ORIENTED_EDGE ( 'NONE', *, *, #7311, .T. ) ;
#1738 = FACE_OUTER_BOUND ( 'NONE', #7504, .T. ) ;
#1739 = VERTEX_POINT ( 'NONE', #3887 ) ;
#1740 = CARTESIAN_POINT ( 'NONE',  ( -0.5199999999995270628, -3.900000000000090949, -870.0000000000000000 ) ) ;
#1741 =( GEOMETRIC_REPRESENTATION_CONTEXT ( 3 ) GLOBAL_UNCERTAINTY_ASSIGNED_CONTEXT ( ( #1219 ) ) GLOBAL_UNIT_ASSIGNED_CONTEXT ( ( #1115, #177, #6122 ) ) REPRESENTATION_CONTEXT ( 'NONE', 'WORKASPACE' ) );
#1742 = ORIENTED_EDGE ( 'NONE', *, *, #11078, .T. ) ;
#1743 = ADVANCED_FACE ( 'NONE', ( #2071 ), #1121, .T. ) ;
#1744 = EDGE_CURVE ( 'NONE', #7748, #2078, #4369, .T. ) ;
#1745 = VECTOR ( 'NONE', #6584, 1000.000000000000114 ) ;
#1746 = CARTESIAN_POINT ( 'NONE',  ( 5.779348217812178667, -3.361804601292472494, -13.00000000000000000 ) ) ;
#1747 = EDGE_CURVE ( 'NONE', #11522, #7324, #6873, .T. ) ;
#1748 = DIRECTION ( 'NONE',  ( 1.000000000000000000, 0.000000000000000000, 0.000000000000000000 ) ) ;
#1749 = LINE ( 'NONE', #3673, #7475 ) ;
#1750 = FACE_OUTER_BOUND ( 'NONE', #6357, .T. ) ;
#1751 = CARTESIAN_POINT ( 'NONE',  ( 1.878755766203751953, 4.899949473152688029, -13.00000000000000000 ) ) ;
#1752 = ORIENTED_EDGE ( 'NONE', *, *, #11454, .F. ) ;
#1753 = ORIENTED_EDGE ( 'NONE', *, *, #9630, .T. ) ;
#1754 = CIRCLE ( 'NONE', #4929, 2.499999999999998668 ) ;
#1755 = CARTESIAN_POINT ( 'NONE',  ( -2.909999999999854481, -3.900000000000090949, -870.0000000000000000 ) ) ;
#1756 = CARTESIAN_POINT ( 'NONE',  ( 0.5190000000002328306, -3.900000000000090949, -870.0000000000000000 ) ) ;
#1757 = ORIENTED_EDGE ( 'NONE', *, *, #6999, .F. ) ;
#1758 = EDGE_CURVE ( 'NONE', #1555, #103, #1062, .T. ) ;
#1759 = CARTESIAN_POINT ( 'NONE',  ( 3.856272480938607750, -3.480975086488782289, -13.00000000000000000 ) ) ;
#1760 = DIRECTION ( 'NONE',  ( 0.000000000000000000, 0.000000000000000000, -1.000000000000000000 ) ) ;
#1761 =( NAMED_UNIT ( * ) PLANE_ANGLE_UNIT ( ) SI_UNIT ( $, .RADIAN. ) );
#1762 = AXIS2_PLACEMENT_3D ( 'NONE', #1956, #2832, #9661 ) ;
#1763 = LINE ( 'NONE', #541, #986 ) ;
#1764 = AXIS2_PLACEMENT_3D ( 'NONE', #2868, #5809, #2929 ) ;
#1765 = LINE ( 'NONE', #5567, #567 ) ;
#1766 = ADVANCED_FACE ( 'NONE', ( #3062 ), #8832, .T. ) ;
#1767 =( NAMED_UNIT ( * ) SI_UNIT ( $, .STERADIAN. ) SOLID_ANGLE_UNIT ( ) );
#1768 = ORIENTED_EDGE ( 'NONE', *, *, #3613, .T. ) ;
#1769 = AXIS2_PLACEMENT_3D ( 'NONE', #5072, #5206, #257 ) ;
#1770 = CIRCLE ( 'NONE', #10367, 0.1499999999999999667 ) ;
#1771 = VERTEX_POINT ( 'NONE', #3944 ) ;
#1772 = AXIS2_PLACEMENT_3D ( 'NONE', #8302, #862, #11260 ) ;
#1773 = EDGE_CURVE ( 'NONE', #9610, #3759, #9708, .T. ) ;
#1774 = CYLINDRICAL_SURFACE ( 'NONE', #3163, 2.099999999999997868 ) ;
#1775 = ORIENTED_EDGE ( 'NONE', *, *, #9602, .T. ) ;
#1776 = PLANE ( 'NONE',  #6604 ) ;
#1777 = CARTESIAN_POINT ( 'NONE',  ( 5.002319821024737934, -1.586198120247338528, -13.00000000000000000 ) ) ;
#1778 = VERTEX_POINT ( 'NONE', #7754 ) ;
#1779 = CARTESIAN_POINT ( 'NONE',  ( 17.58578643762691129, 8.000000000000000000, 20.00000000000000000 ) ) ;
#1780 = CARTESIAN_POINT ( 'NONE',  ( 3.100000000000363798, -8.000000000000000000, -870.0000000000000000 ) ) ;
#1781 = AXIS2_PLACEMENT_3D ( 'NONE', #11908, #6141, #12091 ) ;
#1782 = DIRECTION ( 'NONE',  ( 0.000000000000000000, 0.000000000000000000, 1.000000000000000000 ) ) ;
#1783 = VECTOR ( 'NONE', #4717, 1000.000000000000000 ) ;
#1784 = AXIS2_PLACEMENT_3D ( 'NONE', #4430, #10259, #1624 ) ;
#1785 = DIRECTION ( 'NONE',  ( 8.260587980841936314E-17, -0.000000000000000000, 1.000000000000000000 ) ) ;
#1786 = DIRECTION ( 'NONE',  ( 1.000000000000000000, 0.000000000000000000, 0.000000000000000000 ) ) ;
#1787 = VERTEX_POINT ( 'NONE', #11523 ) ;
#1788 = ORIENTED_EDGE ( 'NONE', *, *, #10270, .T. ) ;
#1789 = ADVANCED_FACE ( 'NONE', ( #5930, #9839 ), #3005, .F. ) ;
#1790 = DIRECTION ( 'NONE',  ( -1.000000000000000000, 0.000000000000000000, 0.000000000000000000 ) ) ;
#1791 = CIRCLE ( 'NONE', #5178, 2.250000000000000000 ) ;
#1792 = CARTESIAN_POINT ( 'NONE',  ( -17.58578643762690774, 40.00000000000000000, -20.00000000000000000 ) ) ;
#1793 = ORIENTED_EDGE ( 'NONE', *, *, #9575, .F. ) ;
#1794 = AXIS2_PLACEMENT_3D ( 'NONE', #3529, #6227, #6285 ) ;
#1795 = AXIS2_PLACEMENT_3D ( 'NONE', #2414, #6219, #10053 ) ;
#1796 = FACE_BOUND ( 'NONE', #587, .T. ) ;
#1797 = CARTESIAN_POINT ( 'NONE',  ( -17.58578643762691485, 0.1999999999999987899, 21.00000000000000355 ) ) ;
#1798 = DIRECTION ( 'NONE',  ( 9.107298248876814772E-14, 1.000000000000000000, 0.000000000000000000 ) ) ;
#1799 = DIRECTION ( 'NONE',  ( 0.000000000000000000, 0.000000000000000000, 1.000000000000000000 ) ) ;
#1800 = LINE ( 'NONE', #7467, #1575 ) ;
#1801 = AXIS2_PLACEMENT_3D ( 'NONE', #6112, #1369, #5177 ) ;
#1802 = AXIS2_PLACEMENT_3D ( 'NONE', #9331, #12139, #3565 ) ;
#1803 = CIRCLE ( 'NONE', #8785, 2.099999999999997868 ) ;
#1804 = EDGE_CURVE ( 'NONE', #2841, #5871, #4960, .T. ) ;
#1805 = ORIENTED_EDGE ( 'NONE', *, *, #7323, .F. ) ;
#1806 = ORIENTED_EDGE ( 'NONE', *, *, #8037, .T. ) ;
#1807 = EDGE_CURVE ( 'NONE', #8507, #9495, #9974, .T. ) ;
#1808 = DIRECTION ( 'NONE',  ( -0.000000000000000000, -1.000000000000000000, -0.000000000000000000 ) ) ;
#1809 = ORIENTED_EDGE ( 'NONE', *, *, #5633, .T. ) ;
#1810 = ORIENTED_EDGE ( 'NONE', *, *, #7545, .F. ) ;
#1811 = AXIS2_PLACEMENT_3D ( 'NONE', #8548, #8618, #8365 ) ;
#1812 = DIRECTION ( 'NONE',  ( 0.000000000000000000, 0.000000000000000000, 1.000000000000000000 ) ) ;
#1813 = CARTESIAN_POINT ( 'NONE',  ( -8.000000000000000000, 3.099999999999909051, -870.0000000000000000 ) ) ;
#1814 = DIRECTION ( 'NONE',  ( -0.7071067811865646702, 0.7071067811865302533, 0.000000000000000000 ) ) ;
#1815 = DIRECTION ( 'NONE',  ( -0.000000000000000000, -0.000000000000000000, 1.000000000000000000 ) ) ;
#1816 = CARTESIAN_POINT ( 'NONE',  ( -5.779348217812170674, -3.361804601292476935, -13.00000000000000000 ) ) ;
#1817 = CARTESIAN_POINT ( 'NONE',  ( 0.000000000000000000, 5.000000000000000000, -14.50000000000000000 ) ) ;
#1818 = ORIENTED_EDGE ( 'NONE', *, *, #2278, .T. ) ;
#1819 = AXIS2_PLACEMENT_3D ( 'NONE', #7044, #11013, #9188 ) ;
#1820 = EDGE_CURVE ( 'NONE', #11560, #9647, #9366, .T. ) ;
#1821 = ORIENTED_EDGE ( 'NONE', *, *, #3031, .F. ) ;
#1822 = EDGE_CURVE ( 'NONE', #714, #6703, #7162, .T. ) ;
#1823 = DIRECTION ( 'NONE',  ( 0.000000000000000000, 1.000000000000000000, 0.000000000000000000 ) ) ;
#1824 = DIRECTION ( 'NONE',  ( -0.000000000000000000, -0.000000000000000000, 1.000000000000000000 ) ) ;
#1825 = ORIENTED_EDGE ( 'NONE', *, *, #9764, .F. ) ;
#1826 = CARTESIAN_POINT ( 'NONE',  ( 3.616390142880778757, -4.818957079542705024, -13.00000000000000000 ) ) ;
#1827 = AXIS2_PLACEMENT_3D ( 'NONE', #11050, #10106, #7271 ) ;
#1828 = LINE ( 'NONE', #4682, #2552 ) ;
#1829 = CARTESIAN_POINT ( 'NONE',  ( 3.856272480938607750, 3.480975086488783621, -13.00000000000000000 ) ) ;
#1830 = CARTESIAN_POINT ( 'NONE',  ( -2.000000000000000444, 63.81276047633943449, 1.312065872767621100 ) ) ;
#1831 =( NAMED_UNIT ( * ) PLANE_ANGLE_UNIT ( ) SI_UNIT ( $, .RADIAN. ) );
#1832 = VERTEX_POINT ( 'NONE', #5064 ) ;
#1833 = EDGE_CURVE ( 'NONE', #4348, #1664, #2966, .T. ) ;
#1834 = VERTEX_POINT ( 'NONE', #372 ) ;
#1835 = CARTESIAN_POINT ( 'NONE',  ( -3.414628852343119192, 5.013102338667356328, -13.00000000000000000 ) ) ;
#1836 = ORIENTED_EDGE ( 'NONE', *, *, #10127, .T. ) ;
#1837 = DIRECTION ( 'NONE',  ( 0.000000000000000000, 1.000000000000000000, 0.000000000000000000 ) ) ;
#1838 = EDGE_CURVE ( 'NONE', #1067, #2114, #10967, .T. ) ;
#1839 = CARTESIAN_POINT ( 'NONE',  ( 3.900000000000319655, 2.910000000000308340, -89.99999999999997158 ) ) ;
#1840 = EDGE_LOOP ( 'NONE', ( #4031, #6814, #11767, #10543 ) ) ;
#1841 = LINE ( 'NONE', #8584, #11061 ) ;
#1842 = DIRECTION ( 'NONE',  ( 0.000000000000000000, -1.000000000000000000, 0.000000000000000000 ) ) ;
#1843 = CIRCLE ( 'NONE', #6821, 1.310500000000000886 ) ;
#1844 = DIRECTION ( 'NONE',  ( 0.000000000000000000, 0.000000000000000000, 1.000000000000000000 ) ) ;
#1845 = CARTESIAN_POINT ( 'NONE',  ( 25.00000000000000000, 24.99999999999999645, 5.000000000000000000 ) ) ;
#1846 = VERTEX_POINT ( 'NONE', #3899 ) ;
#1847 = ORIENTED_EDGE ( 'NONE', *, *, #4335, .F. ) ;
#1848 = EDGE_CURVE ( 'NONE', #1863, #5068, #6128, .T. ) ;
#1849 = ORIENTED_EDGE ( 'NONE', *, *, #8064, .F. ) ;
#1850 = CARTESIAN_POINT ( 'NONE',  ( 1.512829983820068724, 5.831978261281069997, -2.000000000000000000 ) ) ;
#1851 = DIRECTION ( 'NONE',  ( -0.000000000000000000, -0.000000000000000000, 1.000000000000000000 ) ) ;
#1852 = PRODUCT_DEFINITION_SHAPE ( 'NONE', 'NONE',  #5207 ) ;
#1853 = VERTEX_POINT ( 'NONE', #11836 ) ;
#1854 = CARTESIAN_POINT ( 'NONE',  ( -5.499999999999999112, -5.000000000000000000, 0.000000000000000000 ) ) ;
#1855 = ADVANCED_FACE ( 'NONE', ( #11894, #9963 ), #2453, .F. ) ;
#1856 = LINE ( 'NONE', #1026, #4033 ) ;
#1857 = CARTESIAN_POINT ( 'NONE',  ( 16.50000000000000000, -3.469446951953614189E-15, 0.000000000000000000 ) ) ;
#1858 = DIRECTION ( 'NONE',  ( -1.000000000000000000, -0.000000000000000000, -0.000000000000000000 ) ) ;
#1859 = LINE ( 'NONE', #4477, #3968 ) ;
#1860 = ORIENTED_EDGE ( 'NONE', *, *, #47, .F. ) ;
#1861 = VERTEX_POINT ( 'NONE', #11036 ) ;
#1862 = SURFACE_STYLE_USAGE ( .BOTH. , #1917 ) ;
#1863 = VERTEX_POINT ( 'NONE', #2511 ) ;
#1864 = CARTESIAN_POINT ( 'NONE',  ( -15.47157287525382863, 32.00000000000000000, 20.69999999999999929 ) ) ;
#1865 = ORIENTED_EDGE ( 'NONE', *, *, #3070, .F. ) ;
#1866 = CARTESIAN_POINT ( 'NONE',  ( -5.647239797928351734, -2.213496763471850315, -13.00000000000000000 ) ) ;
#1867 = DIRECTION ( 'NONE',  ( 0.000000000000000000, -1.000000000000000000, 0.000000000000000000 ) ) ;
#1868 = FACE_OUTER_BOUND ( 'NONE', #2623, .T. ) ;
#1869 = FACE_OUTER_BOUND ( 'NONE', #10924, .T. ) ;
#1870 = DIRECTION ( 'NONE',  ( -1.000000000000000000, -0.000000000000000000, -0.000000000000000000 ) ) ;
#1871 = ADVANCED_FACE ( 'NONE', ( #5063 ), #4258, .T. ) ;
#1872 = LINE ( 'NONE', #5672, #5923 ) ;
#1873 = ORIENTED_EDGE ( 'NONE', *, *, #1291, .T. ) ;
#1874 = ORIENTED_EDGE ( 'NONE', *, *, #6906, .T. ) ;
#1875 = CARTESIAN_POINT ( 'NONE',  ( 20.00000000000000355, 32.00000000000000000, 17.58578643762692550 ) ) ;
#1876 = CARTESIAN_POINT ( 'NONE',  ( -3.784454747031254396, -5.042908611869997948, -13.00000000000000000 ) ) ;
#1877 = VERTEX_POINT ( 'NONE', #7060 ) ;
#1878 = CARTESIAN_POINT ( 'NONE',  ( -17.58578643762691485, 7.800000000000001599, 20.00000000000000355 ) ) ;
#1879 = DIRECTION ( 'NONE',  ( -0.000000000000000000, -0.000000000000000000, -1.000000000000000000 ) ) ;
#1880 = EDGE_CURVE ( 'NONE', #4081, #9065, #565, .T. ) ;
#1881 = LINE ( 'NONE', #9462, #1597 ) ;
#1882 = EDGE_LOOP ( 'NONE', ( #10637, #7224, #6802, #2541 ) ) ;
#1883 = ORIENTED_EDGE ( 'NONE', *, *, #9241, .T. ) ;
#1884 = ORIENTED_EDGE ( 'NONE', *, *, #8188, .T. ) ;
#1885 = DIRECTION ( 'NONE',  ( -0.000000000000000000, 1.000000000000000000, -0.000000000000000000 ) ) ;
#1886 = ORIENTED_EDGE ( 'NONE', *, *, #10412, .T. ) ;
#1887 = AXIS2_PLACEMENT_3D ( 'NONE', #8440, #4807, #3685 ) ;
#1888 = DIRECTION ( 'NONE',  ( 0.000000000000000000, 0.000000000000000000, 1.000000000000000000 ) ) ;
#1889 = DIRECTION ( 'NONE',  ( -0.000000000000000000, -0.000000000000000000, 1.000000000000000000 ) ) ;
#1890 = ORIENTED_EDGE ( 'NONE', *, *, #2719, .T. ) ;
#1891 = ADVANCED_FACE ( 'NONE', ( #8069 ), #1318, .F. ) ;
#1892 = LINE ( 'NONE', #3702, #3854 ) ;
#1893 = CARTESIAN_POINT ( 'NONE',  ( 3.600000000000363798, 10.00000000000000000, -89.99999999999997158 ) ) ;
#1894 = EDGE_CURVE ( 'NONE', #1662, #1662, #10789, .T. ) ;
#1895 = CARTESIAN_POINT ( 'NONE',  ( -1.878755766203750621, 4.899949473152688029, -13.00000000000000000 ) ) ;
#1896 = LINE ( 'NONE', #6998, #2731 ) ;
#1897 = VERTEX_POINT ( 'NONE', #8589 ) ;
#1898 = VECTOR ( 'NONE', #6052, 1000.000000000000000 ) ;
#1899 = EDGE_LOOP ( 'NONE', ( #11957, #2529, #11623, #2953 ) ) ;
#1900 = AXIS2_PLACEMENT_3D ( 'NONE', #4307, #9265, #10024 ) ;
#1901 = ORIENTED_EDGE ( 'NONE', *, *, #9460, .F. ) ;
#1902 = FACE_OUTER_BOUND ( 'NONE', #11121, .T. ) ;
#1903 = DIRECTION ( 'NONE',  ( 0.000000000000000000, 1.000000000000000000, 0.000000000000000000 ) ) ;
#1904 = EDGE_LOOP ( 'NONE', ( #10013 ) ) ;
#1905 = FACE_BOUND ( 'NONE', #11033, .T. ) ;
#1906 = DIRECTION ( 'NONE',  ( 0.7071067811865474617, 0.000000000000000000, 0.7071067811865474617 ) ) ;
#1907 = CIRCLE ( 'NONE', #12295, 1.974999999999983658 ) ;
#1908 = EDGE_CURVE ( 'NONE', #2834, #2834, #1791, .T. ) ;
#1909 = AXIS2_PLACEMENT_3D ( 'NONE', #3122, #10481, #778 ) ;
#1910 = CYLINDRICAL_SURFACE ( 'NONE', #2772, 1.975000000000032285 ) ;
#1911 = DIRECTION ( 'NONE',  ( 1.000000000000000000, 0.000000000000000000, 0.000000000000000000 ) ) ;
#1912 = CARTESIAN_POINT ( 'NONE',  ( 4.074351959469352913, -4.811723299439425006, -13.00000000000000000 ) ) ;
#1913 = ADVANCED_FACE ( 'NONE', ( #9142 ), #12022, .T. ) ;
#1914 = AXIS2_PLACEMENT_3D ( 'NONE', #7827, #5205, #8770 ) ;
#1915 = ORIENTED_EDGE ( 'NONE', *, *, #5146, .T. ) ;
#1916 = EDGE_LOOP ( 'NONE', ( #5572 ) ) ;
#1917 = SURFACE_SIDE_STYLE ('',( #10624 ) ) ;
#1918 = EDGE_LOOP ( 'NONE', ( #9160, #3701, #2131, #11465 ) ) ;
#1919 = EDGE_CURVE ( 'NONE', #9964, #2150, #9379, .T. ) ;
#1920 = CARTESIAN_POINT ( 'NONE',  ( 0.000000000000000000, 0.000000000000000000, -14.50000000000001243 ) ) ;
#1921 = ORIENTED_EDGE ( 'NONE', *, *, #10294, .T. ) ;
#1922 = DIRECTION ( 'NONE',  ( 1.000000000000000000, 0.000000000000000000, 3.325348516249470831E-16 ) ) ;
#1923 = CYLINDRICAL_SURFACE ( 'NONE', #4493, 6.304999999999999716 ) ;
#1924 = FACE_BOUND ( 'NONE', #8168, .T. ) ;
#1925 = CYLINDRICAL_SURFACE ( 'NONE', #8896, 0.2800000000000007483 ) ;
#1926 = CARTESIAN_POINT ( 'NONE',  ( 8.000000000000000000, 3.099999999999909051, -870.0000000000000000 ) ) ;
#1927 = AXIS2_PLACEMENT_3D ( 'NONE', #3027, #2964, #10675 ) ;
#1928 = DIRECTION ( 'NONE',  ( -0.7071067811865463515, 0.000000000000000000, -0.7071067811865487940 ) ) ;
#1929 = ORIENTED_EDGE ( 'NONE', *, *, #2822, .F. ) ;
#1930 = CONTEXT_DEPENDENT_SHAPE_REPRESENTATION ( #4938, #7423 ) ;
#1931 = EDGE_LOOP ( 'NONE', ( #11080 ) ) ;
#1932 = DIRECTION ( 'NONE',  ( 0.000000000000000000, 0.000000000000000000, 1.000000000000000000 ) ) ;
#1933 = AXIS2_PLACEMENT_3D ( 'NONE', #2256, #6868, #10770 ) ;
#1934 = AXIS2_PLACEMENT_3D ( 'NONE', #7451, #10295, #5518 ) ;
#1935 = ADVANCED_FACE ( 'NONE', ( #2324 ), #3381, .T. ) ;
#1936 = DIRECTION ( 'NONE',  ( -0.000000000000000000, 1.000000000000000000, -0.000000000000000000 ) ) ;
#1937 = VERTEX_POINT ( 'NONE', #4385 ) ;
#1938 = DIRECTION ( 'NONE',  ( 1.000000000000000000, 0.000000000000000000, 0.000000000000000000 ) ) ;
#1939 = DIRECTION ( 'NONE',  ( -0.7071067811865475727, 0.000000000000000000, 0.7071067811865475727 ) ) ;
#1940 = DIRECTION ( 'NONE',  ( -0.000000000000000000, 1.000000000000000000, 0.000000000000000000 ) ) ;
#1941 = LINE ( 'NONE', #9644, #6968 ) ;
#1942 = CIRCLE ( 'NONE', #7530, 0.7999999999999986011 ) ;
#1943 = EDGE_LOOP ( 'NONE', ( #2712, #7197, #3620, #1407 ) ) ;
#1944 = VERTEX_POINT ( 'NONE', #3445 ) ;
#1945 = EDGE_CURVE ( 'NONE', #2099, #7885, #7256, .T. ) ;
#1946 = ORIENTED_EDGE ( 'NONE', *, *, #3082, .T. ) ;
#1947 = ADVANCED_FACE ( 'NONE', ( #304 ), #4126, .F. ) ;
#1948 = DIRECTION ( 'NONE',  ( 0.000000000000000000, 0.000000000000000000, 1.000000000000000000 ) ) ;
#1949 = ORIENTED_EDGE ( 'NONE', *, *, #11970, .T. ) ;
#1950 = AXIS2_PLACEMENT_3D ( 'NONE', #4503, #3686, #4744 ) ;
#1951 = FACE_OUTER_BOUND ( 'NONE', #6817, .T. ) ;
#1952 = CARTESIAN_POINT ( 'NONE',  ( -24.99999999999998934, -25.00000000000000355, 5.000000000000000000 ) ) ;
#1953 = ORIENTED_EDGE ( 'NONE', *, *, #10171, .T. ) ;
#1954 = CARTESIAN_POINT ( 'NONE',  ( -3.599999999999454303, 10.00000000000000000, -870.0000000000000000 ) ) ;
#1955 = DIRECTION ( 'NONE',  ( -0.000000000000000000, -1.000000000000000000, -0.000000000000000000 ) ) ;
#1956 = CARTESIAN_POINT ( 'NONE',  ( -24.99999999999998934, 0.000000000000000000, 0.000000000000000000 ) ) ;
#1957 = CARTESIAN_POINT ( 'NONE',  ( 15.49999999999996447, 40.00000000000000000, 16.81049999999999756 ) ) ;
#1958 = AXIS2_PLACEMENT_3D ( 'NONE', #7438, #9279, #639 ) ;
#1959 = ORIENTED_EDGE ( 'NONE', *, *, #621, .T. ) ;
#1960 = AXIS2_PLACEMENT_3D ( 'NONE', #5669, #3672, #12192 ) ;
#1961 = EDGE_CURVE ( 'NONE', #11907, #5497, #10841, .T. ) ;
#1962 = EDGE_CURVE ( 'NONE', #6988, #9262, #11211, .T. ) ;
#1963 = ORIENTED_EDGE ( 'NONE', *, *, #10339, .T. ) ;
#1964 = CYLINDRICAL_SURFACE ( 'NONE', #5885, 1.974999999999999867 ) ;
#1965 = ADVANCED_FACE ( 'NONE', ( #5496 ), #5558, .T. ) ;
#1966 = CYLINDRICAL_SURFACE ( 'NONE', #2569, 0.2799999999999979172 ) ;
#1967 = ORIENTED_EDGE ( 'NONE', *, *, #1838, .F. ) ;
#1968 = CARTESIAN_POINT ( 'NONE',  ( 18.00000000000001421, 39.80000000000000426, -21.00000000000000355 ) ) ;
#1969 = CIRCLE ( 'NONE', #3593, 0.1500000000000008271 ) ;
#1970 = CIRCLE ( 'NONE', #4560, 2.250000000000000000 ) ;
#1971 = DIRECTION ( 'NONE',  ( 0.000000000000000000, 0.000000000000000000, -1.000000000000000000 ) ) ;
#1972 = AXIS2_PLACEMENT_3D ( 'NONE', #12259, #7488, #3444 ) ;
#1973 = AXIS2_PLACEMENT_3D ( 'NONE', #5530, #1550, #10308 ) ;
#1974 = DIRECTION ( 'NONE',  ( 0.000000000000000000, 0.000000000000000000, 1.000000000000000000 ) ) ;
#1975 = DIRECTION ( 'NONE',  ( 0.000000000000000000, 0.000000000000000000, 1.000000000000000000 ) ) ;
#1976 = AXIS2_PLACEMENT_3D ( 'NONE', #11573, #45, #7805 ) ;
#1977 = VERTEX_POINT ( 'NONE', #1696 ) ;
#1978 = EDGE_CURVE ( 'NONE', #10537, #10537, #8176, .T. ) ;
#1979 = VERTEX_POINT ( 'NONE', #7431 ) ;
#1980 = FACE_OUTER_BOUND ( 'NONE', #2354, .T. ) ;
#1981 = VERTEX_POINT ( 'NONE', #11267 ) ;
#1982 = CARTESIAN_POINT ( 'NONE',  ( -10.00000000000000000, 3.599999999999909051, -89.99999999999997158 ) ) ;
#1983 = ORIENTED_EDGE ( 'NONE', *, *, #6919, .F. ) ;
#1984 = FACE_OUTER_BOUND ( 'NONE', #5733, .T. ) ;
#1985 = PRODUCT_RELATED_PRODUCT_CATEGORY ( 'part', '', ( #12233 ) ) ;
#1986 = DIRECTION ( 'NONE',  ( 0.000000000000000000, 0.000000000000000000, 1.000000000000000000 ) ) ;
#1987 = CIRCLE ( 'NONE', #2185, 5.194999999999999396 ) ;
#1988 = DIRECTION ( 'NONE',  ( 0.000000000000000000, 0.000000000000000000, -1.000000000000000000 ) ) ;
#1989 = CARTESIAN_POINT ( 'NONE',  ( 0.000000000000000000, 0.000000000000000000, -13.00000000000000178 ) ) ;
#1990 = VECTOR ( 'NONE', #6864, 1000.000000000000000 ) ;
#1991 = AXIS2_PLACEMENT_3D ( 'NONE', #4365, #2493, #3609 ) ;
#1992 = DIRECTION ( 'NONE',  ( -0.000000000000000000, -1.000000000000000000, -0.000000000000000000 ) ) ;
#1993 = LINE ( 'NONE', #9634, #550 ) ;
#1994 = EDGE_LOOP ( 'NONE', ( #7523, #5020, #9409, #8160 ) ) ;
#1995 = ORIENTED_EDGE ( 'NONE', *, *, #4900, .F. ) ;
#1996 =( REPRESENTATION_RELATIONSHIP ('NONE','NONE', #2684, #9424 ) REPRESENTATION_RELATIONSHIP_WITH_TRANSFORMATION ( #8555 )SHAPE_REPRESENTATION_RELATIONSHIP( ) );
#1997 = EDGE_CURVE ( 'NONE', #5265, #3756, #7371, .T. ) ;
#1998 = AXIS2_PLACEMENT_3D ( 'NONE', #6420, #7358, #8421 ) ;
#1999 = DIRECTION ( 'NONE',  ( -0.000000000000000000, 1.000000000000000000, 0.000000000000000000 ) ) ;
#2000 = VECTOR ( 'NONE', #12016, 1000.000000000000000 ) ;
#2001 = CARTESIAN_POINT ( 'NONE',  ( 0.000000000000000000, 0.000000000000000000, -2.000000000000000000 ) ) ;
#2002 = ORIENTED_EDGE ( 'NONE', *, *, #6836, .T. ) ;
#2003 = CARTESIAN_POINT ( 'NONE',  ( -6.489999999999563229, -5.500000000000096811, -89.99999999999997158 ) ) ;
#2004 = PLANE ( 'NONE',  #5934 ) ;
#2005 = DIRECTION ( 'NONE',  ( 0.000000000000000000, 0.000000000000000000, 1.000000000000000000 ) ) ;
#2006 = CARTESIAN_POINT ( 'NONE',  ( 8.000000000000216716, -5.500000000000095035, -89.99999999999997158 ) ) ;
#2007 = AXIS2_PLACEMENT_3D ( 'NONE', #12120, #11134, #3668 ) ;
#2008 = CIRCLE ( 'NONE', #9410, 0.1500000000000012712 ) ;
#2009 = UNCERTAINTY_MEASURE_WITH_UNIT (LENGTH_MEASURE( 1.000000000000000082E-05 ), #9832, 'distance_accuracy_value', 'NONE');
#2010 = EDGE_CURVE ( 'NONE', #5142, #5425, #11327, .T. ) ;
#2011 = EDGE_LOOP ( 'NONE', ( #6127, #9084, #10621, #1736 ) ) ;
#2012 = VERTEX_POINT ( 'NONE', #9395 ) ;
#2013 = ORIENTED_EDGE ( 'NONE', *, *, #11845, .T. ) ;
#2014 = DIRECTION ( 'NONE',  ( 0.000000000000000000, 0.000000000000000000, 1.000000000000000000 ) ) ;
#2015 = ORIENTED_EDGE ( 'NONE', *, *, #8830, .T. ) ;
#2016 = DIRECTION ( 'NONE',  ( 0.000000000000000000, 0.000000000000000000, -1.000000000000000000 ) ) ;
#2017 = DIRECTION ( 'NONE',  ( 0.000000000000000000, 1.000000000000000000, 3.502807018799315403E-15 ) ) ;
#2018 = EDGE_LOOP ( 'NONE', ( #3915, #6966, #5226, #11265 ) ) ;
#2019 = CARTESIAN_POINT ( 'NONE',  ( 2.535598419378958912, 4.534177505969844368, -13.00000000000000000 ) ) ;
#2020 = ORIENTED_EDGE ( 'NONE', *, *, #6734, .T. ) ;
#2021 = DIRECTION ( 'NONE',  ( -0.000000000000000000, -0.000000000000000000, -1.000000000000000000 ) ) ;
#2022 = DIRECTION ( 'NONE',  ( -0.000000000000000000, -0.000000000000000000, 1.000000000000000000 ) ) ;
#2023 = EDGE_CURVE ( 'NONE', #3856, #7861, #2590, .T. ) ;
#2024 = CARTESIAN_POINT ( 'NONE',  ( -19.99999999999999645, 0.000000000000000000, 17.58578643762692195 ) ) ;
#2025 = EDGE_CURVE ( 'NONE', #1445, #7992, #1987, .T. ) ;
#2026 = CARTESIAN_POINT ( 'NONE',  ( -2.099999999999991207, -24.99999999999999645, 0.000000000000000000 ) ) ;
#2027 = CIRCLE ( 'NONE', #7605, 1.975000000000040057 ) ;
#2028 = VERTEX_POINT ( 'NONE', #6557 ) ;
#2029 = ORIENTED_EDGE ( 'NONE', *, *, #6389, .T. ) ;
#2030 = CARTESIAN_POINT ( 'NONE',  ( 0.9013707041225502703, 5.998201072901428788, -13.00000000000000000 ) ) ;
#2031 = ORIENTED_EDGE ( 'NONE', *, *, #3018, .T. ) ;
#2032 = CARTESIAN_POINT ( 'NONE',  ( -4.074351959469354689, -4.811723299439425006, -13.00000000000000000 ) ) ;
#2033 = AXIS2_PLACEMENT_3D ( 'NONE', #5199, #3447, #9025 ) ;
#2034 = CARTESIAN_POINT ( 'NONE',  ( -6.231729350392690492, 2.422425500083471572, -2.000000000000000000 ) ) ;
#2035 = CARTESIAN_POINT ( 'NONE',  ( -2.910000000000131148, 3.900000000000266809, -870.0000000000000000 ) ) ;
#2036 = EDGE_CURVE ( 'NONE', #1072, #1072, #9191, .T. ) ;
#2037 = DIRECTION ( 'NONE',  ( 0.000000000000000000, 0.000000000000000000, 1.000000000000000000 ) ) ;
#2038 = ADVANCED_FACE ( 'NONE', ( #6434, #12201, #10332 ), #812, .T. ) ;
#2039 = DIRECTION ( 'NONE',  ( 0.000000000000000000, 0.000000000000000000, 1.000000000000000000 ) ) ;
#2040 = CIRCLE ( 'NONE', #8032, 6.304999999999999716 ) ;
#2041 = VERTEX_POINT ( 'NONE', #1756 ) ;
#2042 = EDGE_LOOP ( 'NONE', ( #11496 ) ) ;
#2043 = CARTESIAN_POINT ( 'NONE',  ( -20.56568542494923690, 8.000000000000000000, -18.15147186257615530 ) ) ;
#2044 = ORIENTED_EDGE ( 'NONE', *, *, #7329, .F. ) ;
#2045 = CARTESIAN_POINT ( 'NONE',  ( 17.58578643762691129, 32.20000000000000284, 21.00000000000000000 ) ) ;
#2046 = DIRECTION ( 'NONE',  ( -1.000000000000000000, 0.000000000000000000, 0.000000000000000000 ) ) ;
#2047 = CARTESIAN_POINT ( 'NONE',  ( 1.167387816605746309, 5.910823181726929221, -2.000000000000000000 ) ) ;
#2048 = FACE_BOUND ( 'NONE', #5054, .T. ) ;
#2049 = DIRECTION ( 'NONE',  ( -0.000000000000000000, -0.000000000000000000, 1.000000000000000000 ) ) ;
#2050 = EDGE_CURVE ( 'NONE', #1846, #1846, #3778, .T. ) ;
#2051 = LINE ( 'NONE', #3993, #10799 ) ;
#2052 = ADVANCED_FACE ( 'NONE', ( #4497 ), #5384, .T. ) ;
#2053 = CARTESIAN_POINT ( 'NONE',  ( -3.599999999999454303, 9.500000000000000000, -870.0000000000000000 ) ) ;
#2054 = DIRECTION ( 'NONE',  ( 1.000000000000000000, 0.000000000000000000, 0.000000000000000000 ) ) ;
#2055 = ORIENTED_EDGE ( 'NONE', *, *, #3342, .T. ) ;
#2056 = ORIENTED_EDGE ( 'NONE', *, *, #12286, .T. ) ;
#2057 = COLOUR_RGB ( '',0.7921568627450980005, 0.8196078431372548767, 0.9333333333333333481 ) ;
#2058 = CYLINDRICAL_SURFACE ( 'NONE', #6762, 0.1499999999999973577 ) ;
#2059 = CARTESIAN_POINT ( 'NONE',  ( -30.00000000000000000, 30.00000000000000711, 5.000000000000000000 ) ) ;
#2060 = ORIENTED_EDGE ( 'NONE', *, *, #996, .T. ) ;
#2061 = FACE_OUTER_BOUND ( 'NONE', #12047, .T. ) ;
#2062 = CARTESIAN_POINT ( 'NONE',  ( -24.99999999999999645, 5.000000000000000000, -10.00000000000000000 ) ) ;
#2063 = FACE_OUTER_BOUND ( 'NONE', #1324, .T. ) ;
#2064 = CARTESIAN_POINT ( 'NONE',  ( 21.00000000000000355, 32.00000000000000000, 17.58578643762692550 ) ) ;
#2065 = EDGE_CURVE ( 'NONE', #5513, #6430, #11190, .T. ) ;
#2066 = VERTEX_POINT ( 'NONE', #10214 ) ;
#2067 = PRODUCT_RELATED_PRODUCT_CATEGORY ( 'part', '', ( #8121 ) ) ;
#2068 = ADVANCED_FACE ( 'NONE', ( #6314 ), #11396, .T. ) ;
#2069 = VERTEX_POINT ( 'NONE', #10149 ) ;
#2070 = ORIENTED_EDGE ( 'NONE', *, *, #4846, .F. ) ;
#2071 = FACE_OUTER_BOUND ( 'NONE', #12213, .T. ) ;
#2072 = EDGE_LOOP ( 'NONE', ( #4074 ) ) ;
#2073 = DIRECTION ( 'NONE',  ( -0.000000000000000000, 1.000000000000000000, -0.000000000000000000 ) ) ;
#2074 = EDGE_CURVE ( 'NONE', #9647, #4559, #6760, .T. ) ;
#2075 = DIRECTION ( 'NONE',  ( -1.000000000000000000, 0.000000000000000000, 0.000000000000000000 ) ) ;
#2076 = ORIENTED_EDGE ( 'NONE', *, *, #4012, .T. ) ;
#2077 = DIRECTION ( 'NONE',  ( -0.7071067811865463515, -0.000000000000000000, -0.7071067811865487940 ) ) ;
#2078 = VERTEX_POINT ( 'NONE', #4446 ) ;
#2079 = CARTESIAN_POINT ( 'NONE',  ( 20.00000000000000355, 32.20000000000000284, -17.58578643762690774 ) ) ;
#2080 = DIRECTION ( 'NONE',  ( 0.000000000000000000, -1.000000000000000000, 0.000000000000000000 ) ) ;
#2081 = VERTEX_POINT ( 'NONE', #8649 ) ;
#2082 = ORIENTED_EDGE ( 'NONE', *, *, #4224, .T. ) ;
#2083 = VECTOR ( 'NONE', #11978, 1000.000000000000000 ) ;
#2084 = ORIENTED_EDGE ( 'NONE', *, *, #970, .F. ) ;
#2085 = CARTESIAN_POINT ( 'NONE',  ( -17.58578643762690774, 32.20000000000000284, -21.00000000000000000 ) ) ;
#2086 = ORIENTED_EDGE ( 'NONE', *, *, #9146, .T. ) ;
#2087 = FACE_OUTER_BOUND ( 'NONE', #11776, .T. ) ;
#2088 = DIRECTION ( 'NONE',  ( -0.7071067811865646702, 0.7071067811865303643, 0.000000000000000000 ) ) ;
#2089 = CARTESIAN_POINT ( 'NONE',  ( -0.9999999999999956701, -28.00000000000000355, 5.000000000000000000 ) ) ;
#2090 = DIRECTION ( 'NONE',  ( -0.7071067811865491270, -0.000000000000000000, 0.7071067811865459074 ) ) ;
#2091 = VECTOR ( 'NONE', #10516, 1000.000000000000000 ) ;
#2092 = CARTESIAN_POINT ( 'NONE',  ( -16.49999999999999289, -16.50000000000000000, 5.000000000000000000 ) ) ;
#2093 = TOROIDAL_SURFACE ( 'NONE', #2891, 0.8000000000000000444, 0.2000000000000000111 ) ;
#2094 = FACE_OUTER_BOUND ( 'NONE', #6315, .T. ) ;
#2095 = ORIENTED_EDGE ( 'NONE', *, *, #11955, .T. ) ;
#2096 = ORIENTED_EDGE ( 'NONE', *, *, #9706, .F. ) ;
#2097 = CARTESIAN_POINT ( 'NONE',  ( 10.00000000000000000, -3.599999999999909051, -89.99999999999997158 ) ) ;
#2098 = EDGE_CURVE ( 'NONE', #6145, #7324, #11576, .T. ) ;
#2099 = VERTEX_POINT ( 'NONE', #7739 ) ;
#2100 = AXIS2_PLACEMENT_3D ( 'NONE', #9627, #7855, #8805 ) ;
#2101 = CARTESIAN_POINT ( 'NONE',  ( -15.50000000000000000, 35.50000000000000711, -15.50000000000000000 ) ) ;
#2102 = EDGE_CURVE ( 'NONE', #3379, #3979, #4782, .T. ) ;
#2103 = VECTOR ( 'NONE', #4087, 1000.000000000000000 ) ;
#2104 = DIRECTION ( 'NONE',  ( 0.000000000000000000, 0.000000000000000000, -1.000000000000000000 ) ) ;
#2105 = DIRECTION ( 'NONE',  ( -0.7071067811865454633, 0.000000000000000000, -0.7071067811865495711 ) ) ;
#2106 = FACE_OUTER_BOUND ( 'NONE', #10942, .T. ) ;
#2107 = CARTESIAN_POINT ( 'NONE',  ( 3.600000000000363798, -10.00000000000000000, -870.0000000000000000 ) ) ;
#2108 = DIRECTION ( 'NONE',  ( 0.000000000000000000, 0.000000000000000000, -1.000000000000000000 ) ) ;
#2109 = AXIS2_PLACEMENT_3D ( 'NONE', #1186, #7056, #11703 ) ;
#2110 = FACE_OUTER_BOUND ( 'NONE', #1176, .T. ) ;
#2111 = CARTESIAN_POINT ( 'NONE',  ( -19.35857864376264104, 32.00000000000000000, -19.35857864376274051 ) ) ;
#2112 = AXIS2_PLACEMENT_3D ( 'NONE', #3953, #6759, #7585 ) ;
#2113 = AXIS2_PLACEMENT_3D ( 'NONE', #7697, #3641, #62 ) ;
#2114 = VERTEX_POINT ( 'NONE', #2059 ) ;
#2115 = EDGE_LOOP ( 'NONE', ( #8070 ) ) ;
#2116 = DIRECTION ( 'NONE',  ( 0.000000000000000000, 0.000000000000000000, 1.000000000000000000 ) ) ;
#2117 = ADVANCED_FACE ( 'NONE', ( #8682 ), #12187, .T. ) ;
#2118 = EDGE_CURVE ( 'NONE', #7789, #8664, #3388, .T. ) ;
#2119 = CARTESIAN_POINT ( 'NONE',  ( 5.125882477357501799, 0.8446027636228201629, -13.00000000000000000 ) ) ;
#2120 = EDGE_CURVE ( 'NONE', #2951, #7124, #236, .T. ) ;
#2121 = EDGE_LOOP ( 'NONE', ( #11131, #3360, #9466, #7689 ) ) ;
#2122 = AXIS2_PLACEMENT_3D ( 'NONE', #9046, #10113, #6087 ) ;
#2123 = CARTESIAN_POINT ( 'NONE',  ( -15.00000000000000000, 0.000000000000000000, 0.000000000000000000 ) ) ;
#2124 = CARTESIAN_POINT ( 'NONE',  ( 20.56568542494924046, 0.2000000000000000111, 18.15147186257616596 ) ) ;
#2125 = DIRECTION ( 'NONE',  ( -0.000000000000000000, 0.000000000000000000, 1.000000000000000000 ) ) ;
#2126 = DIRECTION ( 'NONE',  ( 0.000000000000000000, 1.000000000000000000, -0.000000000000000000 ) ) ;
#2127 = DIRECTION ( 'NONE',  ( -2.456659129719413517E-17, 7.771561172376105644E-16, -1.000000000000000000 ) ) ;
#2128 = ORIENTED_EDGE ( 'NONE', *, *, #716, .F. ) ;
#2129 = AXIS2_PLACEMENT_3D ( 'NONE', #4409, #3271, #1417 ) ;
#2130 = ORIENTED_EDGE ( 'NONE', *, *, #11830, .T. ) ;
#2131 = ORIENTED_EDGE ( 'NONE', *, *, #7062, .F. ) ;
#2132 = EDGE_CURVE ( 'NONE', #11167, #7979, #2924, .T. ) ;
#2133 = CARTESIAN_POINT ( 'NONE',  ( 25.00000000000000355, 5.000000000000000000, -10.00000000000000000 ) ) ;
#2134 = ORIENTED_EDGE ( 'NONE', *, *, #8930, .T. ) ;
#2135 = CARTESIAN_POINT ( 'NONE',  ( 17.58578643762691840, 39.80000000000000426, -21.00000000000000355 ) ) ;
#2136 = CARTESIAN_POINT ( 'NONE',  ( 5.500000000000397904, -8.000000000000000000, -89.99999999999997158 ) ) ;
#2137 = VERTEX_POINT ( 'NONE', #1876 ) ;
#2138 = AXIS2_PLACEMENT_3D ( 'NONE', #4064, #1453, #5001 ) ;
#2139 = LINE ( 'NONE', #7884, #8848 ) ;
#2140 = EDGE_LOOP ( 'NONE', ( #4300, #1825, #10105, #317 ) ) ;
#2141 = DIRECTION ( 'NONE',  ( 1.652117596168387263E-16, -0.000000000000000000, 1.000000000000000000 ) ) ;
#2142 = VECTOR ( 'NONE', #5616, 1000.000000000000000 ) ;
#2143 = EDGE_CURVE ( 'NONE', #12228, #2867, #9694, .T. ) ;
#2144 = DIRECTION ( 'NONE',  ( 0.000000000000000000, 0.000000000000000000, 1.000000000000000000 ) ) ;
#2145 = VERTEX_POINT ( 'NONE', #3259 ) ;
#2146 = VERTEX_POINT ( 'NONE', #11512 ) ;
#2147 = ORIENTED_EDGE ( 'NONE', *, *, #3553, .T. ) ;
#2148 = CIRCLE ( 'NONE', #9151, 0.1499999999999933886 ) ;
#2149 = DIRECTION ( 'NONE',  ( -1.000000000000000000, 0.000000000000000000, 0.000000000000000000 ) ) ;
#2150 = VERTEX_POINT ( 'NONE', #2994 ) ;
#2151 = CARTESIAN_POINT ( 'NONE',  ( 17.58578643762691129, 40.00000000000000000, 20.00000000000000000 ) ) ;
#2152 = FACE_OUTER_BOUND ( 'NONE', #1528, .T. ) ;
#2153 = LINE ( 'NONE', #7332, #7630 ) ;
#2154 = DIRECTION ( 'NONE',  ( 1.000000000000000000, 0.000000000000000000, 0.000000000000000000 ) ) ;
#2155 = AXIS2_PLACEMENT_3D ( 'NONE', #3162, #159, #11688 ) ;
#2156 = CARTESIAN_POINT ( 'NONE',  ( -9.500000000000000000, 3.599999999999909051, -870.0000000000000000 ) ) ;
#2157 = CIRCLE ( 'NONE', #9158, 0.1499999999999982181 ) ;
#2158 = DIRECTION ( 'NONE',  ( 1.000000000000000000, 0.000000000000000000, 0.000000000000000000 ) ) ;
#2159 = ADVANCED_FACE ( 'NONE', ( #48 ), #4993, .F. ) ;
#2160 = EDGE_LOOP ( 'NONE', ( #349, #10478, #11091, #12012 ) ) ;
#2161 = EDGE_LOOP ( 'NONE', ( #1388 ) ) ;
#2162 = ORIENTED_EDGE ( 'NONE', *, *, #11860, .T. ) ;
#2163 = CARTESIAN_POINT ( 'NONE',  ( -3.893413252308144834, 4.598038521668920353, -2.000000000000000000 ) ) ;
#2164 = ORIENTED_EDGE ( 'NONE', *, *, #682, .T. ) ;
#2165 = VECTOR ( 'NONE', #10371, 1000.000000000000000 ) ;
#2166 = VECTOR ( 'NONE', #993, 1000.000000000000000 ) ;
#2167 = CIRCLE ( 'NONE', #2952, 0.2000000000000002887 ) ;
#2168 = DIRECTION ( 'NONE',  ( 0.000000000000000000, 0.000000000000000000, -1.000000000000000000 ) ) ;
#2169 = CARTESIAN_POINT ( 'NONE',  ( -5.500000000000000000, -8.000000000000000000, -870.0000000000000000 ) ) ;
#2170 = DIRECTION ( 'NONE',  ( -0.7071067811865495711, 0.000000000000000000, 0.7071067811865454633 ) ) ;
#2171 = CARTESIAN_POINT ( 'NONE',  ( -9.500000000000000000, -3.099999999999909051, -870.0000000000000000 ) ) ;
#2172 = DIRECTION ( 'NONE',  ( -1.000000000000000000, 0.000000000000000000, 0.000000000000000000 ) ) ;
#2173 = CARTESIAN_POINT ( 'NONE',  ( -2.000000000000000888, 63.70000000000001705, 1.499999999999999334 ) ) ;
#2174 = CIRCLE ( 'NONE', #1164, 1.974999999999993650 ) ;
#2175 = FACE_OUTER_BOUND ( 'NONE', #9868, .T. ) ;
#2176 = EDGE_CURVE ( 'NONE', #1298, #8186, #3874, .T. ) ;
#2177 = AXIS2_PLACEMENT_3D ( 'NONE', #2348, #9047, #464 ) ;
#2178 = CIRCLE ( 'NONE', #974, 2.250000000000000000 ) ;
#2179 = AXIS2_PLACEMENT_3D ( 'NONE', #8413, #1615, #11187 ) ;
#2180 = EDGE_CURVE ( 'NONE', #11343, #2680, #10796, .T. ) ;
#2181 = EDGE_LOOP ( 'NONE', ( #11397, #9092, #9230, #5241 ) ) ;
#2182 = ORIENTED_EDGE ( 'NONE', *, *, #2118, .F. ) ;
#2183 = LINE ( 'NONE', #7921, #7766 ) ;
#2184 = CARTESIAN_POINT ( 'NONE',  ( 18.15147186257614820, 40.00000000000000000, 20.56568542494924046 ) ) ;
#2185 = AXIS2_PLACEMENT_3D ( 'NONE', #3622, #3498, #4557 ) ;
#2186 = ORIENTED_EDGE ( 'NONE', *, *, #8629, .T. ) ;
#2187 = AXIS2_PLACEMENT_3D ( 'NONE', #2637, #3451, #11219 ) ;
#2188 = AXIS2_PLACEMENT_3D ( 'NONE', #3035, #6096, #9933 ) ;
#2189 = VECTOR ( 'NONE', #8035, 1000.000000000000114 ) ;
#2190 = DIRECTION ( 'NONE',  ( 0.000000000000000000, 0.000000000000000000, 1.000000000000000000 ) ) ;
#2191 = CARTESIAN_POINT ( 'NONE',  ( -5.500000000000000000, -8.000000000000000000, -870.0000000000000000 ) ) ;
#2192 = DIRECTION ( 'NONE',  ( 1.000000000000000000, 0.000000000000000000, 0.000000000000000000 ) ) ;
#2193 = CARTESIAN_POINT ( 'NONE',  ( 17.58578643762691840, 7.800000000000001599, -20.00000000000000355 ) ) ;
#2194 = ADVANCED_FACE ( 'NONE', ( #7806, #11641 ), #4392, .T. ) ;
#2195 = EDGE_CURVE ( 'NONE', #1445, #1370, #6859, .T. ) ;
#2196 = AXIS2_PLACEMENT_3D ( 'NONE', #8304, #3548, #7366 ) ;
#2197 = CIRCLE ( 'NONE', #10598, 2.499999999999998668 ) ;
#2198 = EDGE_LOOP ( 'NONE', ( #11979 ) ) ;
#2199 = DIRECTION ( 'NONE',  ( 1.000000000000000000, 0.000000000000000000, 0.000000000000000000 ) ) ;
#2200 = ORIENTED_EDGE ( 'NONE', *, *, #9617, .F. ) ;
#2201 = CARTESIAN_POINT ( 'NONE',  ( 0.000000000000000000, 0.000000000000000000, -15.00000000000000000 ) ) ;
#2202 = DIRECTION ( 'NONE',  ( -0.000000000000000000, 1.000000000000000000, 0.000000000000000000 ) ) ;
#2203 = ORIENTED_EDGE ( 'NONE', *, *, #10100, .T. ) ;
#2204 = FACE_OUTER_BOUND ( 'NONE', #2907, .T. ) ;
#2205 = DIRECTION ( 'NONE',  ( -0.000000000000000000, 1.000000000000000000, -0.000000000000000000 ) ) ;
#2206 = ORIENTED_EDGE ( 'NONE', *, *, #5715, .T. ) ;
#2207 = VECTOR ( 'NONE', #11067, 1000.000000000000000 ) ;
#2208 = CIRCLE ( 'NONE', #5791, 1.975000000000040057 ) ;
#2209 = DIRECTION ( 'NONE',  ( 0.000000000000000000, 0.000000000000000000, -1.000000000000000000 ) ) ;
#2210 = ORIENTED_EDGE ( 'NONE', *, *, #9927, .T. ) ;
#2211 = DIRECTION ( 'NONE',  ( 0.000000000000000000, 0.000000000000000000, 1.000000000000000000 ) ) ;
#2212 = CARTESIAN_POINT ( 'NONE',  ( -5.500000000000000000, -8.000000000000000000, -89.99999999999997158 ) ) ;
#2213 = EDGE_CURVE ( 'NONE', #11907, #7226, #1051, .T. ) ;
#2214 = CARTESIAN_POINT ( 'NONE',  ( 15.49999999999999289, 40.00000000000000000, -16.81049999999999756 ) ) ;
#2215 = ORIENTED_EDGE ( 'NONE', *, *, #432, .T. ) ;
#2216 = CIRCLE ( 'NONE', #11607, 0.2000000000000002887 ) ;
#2217 = ORIENTED_EDGE ( 'NONE', *, *, #1430, .F. ) ;
#2218 = EDGE_CURVE ( 'NONE', #3363, #10443, #12178, .T. ) ;
#2219 = CARTESIAN_POINT ( 'NONE',  ( 30.00000000000000000, 30.00000000000000711, 0.000000000000000000 ) ) ;
#2220 = ORIENTED_EDGE ( 'NONE', *, *, #8878, .T. ) ;
#2221 = DIRECTION ( 'NONE',  ( -0.7071067811865474617, 0.000000000000000000, 0.7071067811865474617 ) ) ;
#2222 = LINE ( 'NONE', #9860, #4301 ) ;
#2223 = VERTEX_POINT ( 'NONE', #2809 ) ;
#2224 = CYLINDRICAL_SURFACE ( 'NONE', #9444, 0.2000000000000002887 ) ;
#2225 = AXIS2_PLACEMENT_3D ( 'NONE', #4404, #3329, #11977 ) ;
#2226 = PLANE ( 'NONE',  #4384 ) ;
#2227 = CARTESIAN_POINT ( 'NONE',  ( 18.15147186257615886, 32.00000000000000000, -20.56568542494924046 ) ) ;
#2228 = ADVANCED_FACE ( 'NONE', ( #6620 ), #9515, .F. ) ;
#2229 = CARTESIAN_POINT ( 'NONE',  ( -3.599999999999454303, -9.500000000000000000, -89.99999999999997158 ) ) ;
#2230 = ORIENTED_EDGE ( 'NONE', *, *, #7833, .T. ) ;
#2231 = EDGE_LOOP ( 'NONE', ( #8395 ) ) ;
#2232 = ORIENTED_EDGE ( 'NONE', *, *, #11845, .F. ) ;
#2233 = EDGE_CURVE ( 'NONE', #301, #6463, #8582, .T. ) ;
#2234 = CIRCLE ( 'NONE', #1447, 1.974999999999980327 ) ;
#2235 = DIRECTION ( 'NONE',  ( 0.000000000000000000, 1.000000000000000000, 0.000000000000000000 ) ) ;
#2236 = EDGE_LOOP ( 'NONE', ( #4269, #3263, #11252, #2619 ) ) ;
#2237 = DIRECTION ( 'NONE',  ( 0.000000000000000000, 0.000000000000000000, 1.000000000000000000 ) ) ;
#2238 = CARTESIAN_POINT ( 'NONE',  ( 2.020752579182559128, -4.948291019506335431, -13.00000000000000000 ) ) ;
#2239 = PLANE ( 'NONE',  #2100 ) ;
#2240 = DIRECTION ( 'NONE',  ( 1.000000000000000000, 0.000000000000000000, 0.000000000000000000 ) ) ;
#2241 = CARTESIAN_POINT ( 'NONE',  ( -10.00000000000000000, -8.500000000000000000, -870.0000000000000000 ) ) ;
#2242 = CARTESIAN_POINT ( 'NONE',  ( -4.359035021885707906, -2.921992769749271801, -13.00000000000000000 ) ) ;
#2243 = AXIS2_PLACEMENT_3D ( 'NONE', #9118, #2428, #10064 ) ;
#2244 = CARTESIAN_POINT ( 'NONE',  ( 1.734723475976807094E-15, 32.00000000000000000, -1.734723475976807094E-15 ) ) ;
#2245 = EDGE_LOOP ( 'NONE', ( #8606 ) ) ;
#2246 = EDGE_LOOP ( 'NONE', ( #9635 ) ) ;
#2247 = DIRECTION ( 'NONE',  ( -1.000000000000000000, 0.000000000000000000, 0.000000000000000000 ) ) ;
#2248 = DIRECTION ( 'NONE',  ( 1.000000000000000000, 0.000000000000000000, 0.000000000000000000 ) ) ;
#2249 = CIRCLE ( 'NONE', #2460, 2.500000000000002220 ) ;
#2250 = ORIENTED_EDGE ( 'NONE', *, *, #10281, .F. ) ;
#2251 = LINE ( 'NONE', #10763, #1898 ) ;
#2252 = CARTESIAN_POINT ( 'NONE',  ( 0.000000000000000000, 0.000000000000000000, -13.00000000000000178 ) ) ;
#2253 = LINE ( 'NONE', #4005, #7279 ) ;
#2254 = DIRECTION ( 'NONE',  ( 0.000000000000000000, 0.000000000000000000, 1.000000000000000000 ) ) ;
#2255 = LINE ( 'NONE', #9536, #12319 ) ;
#2256 = CARTESIAN_POINT ( 'NONE',  ( 20.67830385246264058, 4.067761670440412480, 1090.000000000000000 ) ) ;
#2257 = VECTOR ( 'NONE', #2329, 1000.000000000000000 ) ;
#2258 = EDGE_LOOP ( 'NONE', ( #7618, #354, #7218, #532 ) ) ;
#2259 = DIRECTION ( 'NONE',  ( 8.260587980841936314E-17, -0.000000000000000000, 1.000000000000000000 ) ) ;
#2260 = ORIENTED_EDGE ( 'NONE', *, *, #2873, .F. ) ;
#2261 = CARTESIAN_POINT ( 'NONE',  ( 3.600000000000363798, -9.500000000000000000, -870.0000000000000000 ) ) ;
#2262 = ORIENTED_EDGE ( 'NONE', *, *, #1255, .F. ) ;
#2263 = EDGE_CURVE ( 'NONE', #6156, #10919, #6676, .T. ) ;
#2264 = DIRECTION ( 'NONE',  ( 9.035018104045170196E-14, -1.000000000000000000, 0.000000000000000000 ) ) ;
#2265 = EDGE_CURVE ( 'NONE', #4113, #7748, #8997, .T. ) ;
#2266 = DIRECTION ( 'NONE',  ( 1.000000000000000000, 0.000000000000000000, 0.000000000000000000 ) ) ;
#2267 = EDGE_LOOP ( 'NONE', ( #7659, #11835, #4450, #11643 ) ) ;
#2268 = CARTESIAN_POINT ( 'NONE',  ( -4.984719937775328624, -1.463076259784537925, -2.000000000000000000 ) ) ;
#2269 = EDGE_LOOP ( 'NONE', ( #8265 ) ) ;
#2270 = CYLINDRICAL_SURFACE ( 'NONE', #8914, 1.310499999999999110 ) ;
#2271 = DIRECTION ( 'NONE',  ( 0.000000000000000000, 0.000000000000000000, 1.000000000000000000 ) ) ;
#2272 = VERTEX_POINT ( 'NONE', #9851 ) ;
#2273 = ORIENTED_EDGE ( 'NONE', *, *, #1255, .T. ) ;
#2274 = ORIENTED_EDGE ( 'NONE', *, *, #292, .F. ) ;
#2275 = DIRECTION ( 'NONE',  ( 0.000000000000000000, 0.000000000000000000, 1.000000000000000000 ) ) ;
#2276 = VERTEX_POINT ( 'NONE', #8117 ) ;
#2277 = ADVANCED_FACE ( 'NONE', ( #4366 ), #5110, .F. ) ;
#2278 = EDGE_CURVE ( 'NONE', #10392, #6384, #2978, .T. ) ;
#2279 = FACE_OUTER_BOUND ( 'NONE', #3003, .T. ) ;
#2280 = CARTESIAN_POINT ( 'NONE',  ( -6.665645171607513575, 0.5213160713288503834, -13.00000000000000000 ) ) ;
#2281 = ORIENTED_EDGE ( 'NONE', *, *, #1908, .T. ) ;
#2282 = ADVANCED_FACE ( 'NONE', ( #1499 ), #5302, .T. ) ;
#2283 = FACE_OUTER_BOUND ( 'NONE', #11724, .T. ) ;
#2284 = CARTESIAN_POINT ( 'NONE',  ( -4.359035021885707906, -2.921992769749271801, -13.00000000000000000 ) ) ;
#2285 = DIRECTION ( 'NONE',  ( -0.000000000000000000, -0.000000000000000000, 1.000000000000000000 ) ) ;
#2286 = ORIENTED_EDGE ( 'NONE', *, *, #9857, .T. ) ;
#2287 = ORIENTED_EDGE ( 'NONE', *, *, #10140, .T. ) ;
#2288 = AXIS2_PLACEMENT_3D ( 'NONE', #6806, #2125, #1374 ) ;
#2289 = ORIENTED_EDGE ( 'NONE', *, *, #7019, .F. ) ;
#2290 = EDGE_LOOP ( 'NONE', ( #3075 ) ) ;
#2291 = FACE_OUTER_BOUND ( 'NONE', #388, .T. ) ;
#2292 = ORIENTED_EDGE ( 'NONE', *, *, #10189, .F. ) ;
#2293 = EDGE_CURVE ( 'NONE', #3327, #11789, #9128, .T. ) ;
#2294 = CARTESIAN_POINT ( 'NONE',  ( 10.00000000000000000, -3.599999999999909051, -870.0000000000000000 ) ) ;
#2295 = DIRECTION ( 'NONE',  ( 0.000000000000000000, 0.000000000000000000, 1.000000000000000000 ) ) ;
#2296 = CIRCLE ( 'NONE', #6289, 1.974999999999998535 ) ;
#2297 = CONICAL_SURFACE ( 'NONE', #10097, 2.500000000000000000, 0.7853981633974472798 ) ;
#2298 = DIRECTION ( 'NONE',  ( -0.000000000000000000, 1.000000000000000000, 0.000000000000000000 ) ) ;
#2299 = CARTESIAN_POINT ( 'NONE',  ( -1.878755766203750621, 4.899949473152688029, -13.00000000000000000 ) ) ;
#2300 = DIRECTION ( 'NONE',  ( -0.000000000000000000, -0.000000000000000000, 1.000000000000000000 ) ) ;
#2301 = EDGE_CURVE ( 'NONE', #11041, #1679, #1187, .T. ) ;
#2302 = DIRECTION ( 'NONE',  ( -0.000000000000000000, -0.000000000000000000, 1.000000000000000000 ) ) ;
#2303 = DIRECTION ( 'NONE',  ( -0.000000000000000000, -0.000000000000000000, 1.000000000000000000 ) ) ;
#2304 = VECTOR ( 'NONE', #622, 1000.000000000000000 ) ;
#2305 = EDGE_LOOP ( 'NONE', ( #7818, #7491, #12300, #5129 ) ) ;
#2306 = ORIENTED_EDGE ( 'NONE', *, *, #1360, .F. ) ;
#2307 = EDGE_CURVE ( 'NONE', #4458, #1832, #11944, .T. ) ;
#2308 = AXIS2_PLACEMENT_3D ( 'NONE', #1096, #5795, #7797 ) ;
#2309 = CARTESIAN_POINT ( 'NONE',  ( 18.15147186257615886, 0.000000000000000000, -20.56568542494924046 ) ) ;
#2310 = CYLINDRICAL_SURFACE ( 'NONE', #1801, 1.975000000000037392 ) ;
#2311 = ORIENTED_EDGE ( 'NONE', *, *, #10349, .T. ) ;
#2312 = LINE ( 'NONE', #9012, #9700 ) ;
#2313 = CYLINDRICAL_SURFACE ( 'NONE', #4939, 5.194999999999999396 ) ;
#2314 = CARTESIAN_POINT ( 'NONE',  ( 6.231729350392683386, -2.422425500083455141, -13.00000000000000000 ) ) ;
#2315 = AXIS2_PLACEMENT_3D ( 'NONE', #2361, #1356, #10292 ) ;
#2316 = CARTESIAN_POINT ( 'NONE',  ( -2.000000000000000888, 64.00000000000000000, 0.9165151389911839752 ) ) ;
#2317 = VECTOR ( 'NONE', #9164, 1000.000000000000000 ) ;
#2318 = CARTESIAN_POINT ( 'NONE',  ( 0.000000000000000000, 0.000000000000000000, -13.00000000000000178 ) ) ;
#2319 = CARTESIAN_POINT ( 'NONE',  ( -12.32169614753735942, 4.067761670440408039, 1073.500000000000227 ) ) ;
#2320 = VERTEX_POINT ( 'NONE', #353 ) ;
#2321 = EDGE_CURVE ( 'NONE', #11571, #12152, #9596, .T. ) ;
#2322 = DIRECTION ( 'NONE',  ( 1.000000000000000000, 0.000000000000000000, -8.260587980841936314E-17 ) ) ;
#2323 = ORIENTED_EDGE ( 'NONE', *, *, #1908, .F. ) ;
#2324 = FACE_OUTER_BOUND ( 'NONE', #5174, .T. ) ;
#2325 = VERTEX_POINT ( 'NONE', #2184 ) ;
#2326 = CYLINDRICAL_SURFACE ( 'NONE', #2426, 5.194999999999999396 ) ;
#2327 = FACE_OUTER_BOUND ( 'NONE', #8817, .T. ) ;
#2328 = VERTEX_POINT ( 'NONE', #2373 ) ;
#2329 = DIRECTION ( 'NONE',  ( -0.8657687109979865792, -0.5004443416174119141, 0.000000000000000000 ) ) ;
#2330 = CARTESIAN_POINT ( 'NONE',  ( -3.599999999999282885, 1.710531353811419813E-13, -870.0000000000000000 ) ) ;
#2331 = DIRECTION ( 'NONE',  ( -0.000000000000000000, -0.000000000000000000, 1.000000000000000000 ) ) ;
#2332 = CIRCLE ( 'NONE', #1927, 17.50000000000000355 ) ;
#2333 = CARTESIAN_POINT ( 'NONE',  ( -22.90000000000000213, 24.99999999999999645, 5.000000000000000000 ) ) ;
#2334 = EDGE_CURVE ( 'NONE', #2524, #1555, #9949, .T. ) ;
#2335 = ORIENTED_EDGE ( 'NONE', *, *, #11454, .T. ) ;
#2336 = EDGE_CURVE ( 'NONE', #9705, #12148, #10888, .T. ) ;
#2337 = VERTEX_POINT ( 'NONE', #9824 ) ;
#2338 = DIRECTION ( 'NONE',  ( -0.000000000000000000, -0.000000000000000000, -1.000000000000000000 ) ) ;
#2339 =( GEOMETRIC_REPRESENTATION_CONTEXT ( 3 ) GLOBAL_UNCERTAINTY_ASSIGNED_CONTEXT ( ( #8558 ) ) GLOBAL_UNIT_ASSIGNED_CONTEXT ( ( #9767, #6252, #5313 ) ) REPRESENTATION_CONTEXT ( 'NONE', 'WORKASPACE' ) );
#2340 = ORIENTED_EDGE ( 'NONE', *, *, #4412, .T. ) ;
#2341 = FACE_OUTER_BOUND ( 'NONE', #4362, .T. ) ;
#2342 = LINE ( 'NONE', #7962, #6489 ) ;
#2343 = EDGE_LOOP ( 'NONE', ( #2905 ) ) ;
#2344 = CARTESIAN_POINT ( 'NONE',  ( -20.69999999999999574, 32.00000000000000000, -15.47157287525383218 ) ) ;
#2345 = CARTESIAN_POINT ( 'NONE',  ( 3.100000000000363798, 8.000000000000000000, -89.99999999999997158 ) ) ;
#2346 = CARTESIAN_POINT ( 'NONE',  ( 9.500000000000000000, -3.599999999999909051, -89.99999999999997158 ) ) ;
#2347 = SURFACE_SIDE_STYLE ('',( #400 ) ) ;
#2348 = CARTESIAN_POINT ( 'NONE',  ( -10.14589803375031529, -3.000000000000000444, 0.000000000000000000 ) ) ;
#2349 = ADVANCED_FACE ( 'NONE', ( #291 ), #7114, .T. ) ;
#2350 = ORIENTED_EDGE ( 'NONE', *, *, #11574, .F. ) ;
#2351 = ADVANCED_FACE ( 'NONE', ( #4112 ), #10826, .F. ) ;
#2352 = VECTOR ( 'NONE', #10012, 1000.000000000000000 ) ;
#2353 = EDGE_LOOP ( 'NONE', ( #8307, #11164, #6229, #5937 ) ) ;
#2354 = EDGE_LOOP ( 'NONE', ( #4043, #8921, #7550, #8581 ) ) ;
#2355 = ORIENTED_EDGE ( 'NONE', *, *, #2293, .F. ) ;
#2356 = CARTESIAN_POINT ( 'NONE',  ( 3.100000000000363798, 9.500000000000000000, -89.99999999999997158 ) ) ;
#2357 = ORIENTED_EDGE ( 'NONE', *, *, #4748, .F. ) ;
#2358 = DIRECTION ( 'NONE',  ( -0.000000000000000000, -0.000000000000000000, 1.000000000000000000 ) ) ;
#2359 = CARTESIAN_POINT ( 'NONE',  ( 15.47157287525381797, 32.00000000000000000, 20.70000000000000284 ) ) ;
#2360 = VECTOR ( 'NONE', #11515, 1000.000000000000000 ) ;
#2361 = CARTESIAN_POINT ( 'NONE',  ( -5.500000000000000000, 6.490000000000009983, -870.0000000000000000 ) ) ;
#2362 = DIRECTION ( 'NONE',  ( -1.000000000000000000, 0.000000000000000000, 0.000000000000000000 ) ) ;
#2363 = FACE_OUTER_BOUND ( 'NONE', #2875, .T. ) ;
#2364 = DIRECTION ( 'NONE',  ( 0.7071067811865474617, 0.000000000000000000, 0.7071067811865474617 ) ) ;
#2365 = FACE_OUTER_BOUND ( 'NONE', #12202, .T. ) ;
#2366 = EDGE_CURVE ( 'NONE', #2522, #8537, #1303, .T. ) ;
#2367 = AXIS2_PLACEMENT_3D ( 'NONE', #3566, #3631, #3389 ) ;
#2368 = AXIS2_PLACEMENT_3D ( 'NONE', #2682, #5555, #9392 ) ;
#2369 = EDGE_LOOP ( 'NONE', ( #12243 ) ) ;
#2370 = AXIS2_PLACEMENT_3D ( 'NONE', #922, #12311, #1748 ) ;
#2371 = ORIENTED_EDGE ( 'NONE', *, *, #10066, .F. ) ;
#2372 = FACE_OUTER_BOUND ( 'NONE', #9307, .T. ) ;
#2373 = CARTESIAN_POINT ( 'NONE',  ( 6.302273656338973851, 0.1853962260019083597, -2.000000000000000000 ) ) ;
#2374 = EDGE_CURVE ( 'NONE', #4887, #5228, #9067, .T. ) ;
#2375 = ORIENTED_EDGE ( 'NONE', *, *, #1343, .F. ) ;
#2376 = LINE ( 'NONE', #9204, #8478 ) ;
#2377 = AXIS2_PLACEMENT_3D ( 'NONE', #6752, #1193, #10781 ) ;
#2378 = FACE_OUTER_BOUND ( 'NONE', #6073, .T. ) ;
#2379 = CARTESIAN_POINT ( 'NONE',  ( -7.999999999999781508, 5.500000000000284217, -89.99999999999997158 ) ) ;
#2380 = CIRCLE ( 'NONE', #3369, 0.2799999999999998601 ) ;
#2381 = CIRCLE ( 'NONE', #7151, 3.000000000000000000 ) ;
#2382 = CARTESIAN_POINT ( 'NONE',  ( -17.58578643762691485, 0.1999999999999987899, 20.00000000000000355 ) ) ;
#2383 = DIRECTION ( 'NONE',  ( -0.000000000000000000, -0.000000000000000000, 1.000000000000000000 ) ) ;
#2384 = ADVANCED_FACE ( 'NONE', ( #423 ), #2310, .F. ) ;
#2385 = DIRECTION ( 'NONE',  ( 1.000000000000000000, -2.994759583081996579E-16, -1.022052091328170278E-16 ) ) ;
#2386 = ORIENTED_EDGE ( 'NONE', *, *, #5805, .T. ) ;
#2387 = AXIS2_PLACEMENT_3D ( 'NONE', #12320, #4621, #9456 ) ;
#2388 = FACE_OUTER_BOUND ( 'NONE', #6753, .T. ) ;
#2389 = CIRCLE ( 'NONE', #6561, 0.6500000000000012434 ) ;
#2390 = ORIENTED_EDGE ( 'NONE', *, *, #1683, .F. ) ;
#2391 = AXIS2_PLACEMENT_3D ( 'NONE', #10236, #835, #11169 ) ;
#2392 = DIRECTION ( 'NONE',  ( 0.000000000000000000, 1.000000000000000000, 0.000000000000000000 ) ) ;
#2393 = ORIENTED_EDGE ( 'NONE', *, *, #112, .F. ) ;
#2394 = CARTESIAN_POINT ( 'NONE',  ( -3.856272480938608638, 3.480975086488782289, -13.00000000000000000 ) ) ;
#2395 = CARTESIAN_POINT ( 'NONE',  ( 5.195159997428648424, 0.7413101035398969030, -2.000000000000000000 ) ) ;
#2396 = EDGE_LOOP ( 'NONE', ( #4972 ) ) ;
#2397 = DIRECTION ( 'NONE',  ( 0.4472135954999578167, 0.8944271909999158554, 0.000000000000000000 ) ) ;
#2398 = CARTESIAN_POINT ( 'NONE',  ( -20.00000000000000355, 39.80000000000000426, -17.58578643762691840 ) ) ;
#2399 = CARTESIAN_POINT ( 'NONE',  ( 22.20000000000000284, 4.550000000000005151, -0.9526279441628802136 ) ) ;
#2400 = AXIS2_PLACEMENT_3D ( 'NONE', #6741, #818, #10585 ) ;
#2401 = VECTOR ( 'NONE', #8861, 1000.000000000000000 ) ;
#2402 = VERTEX_POINT ( 'NONE', #316 ) ;
#2403 = ORIENTED_EDGE ( 'NONE', *, *, #1253, .T. ) ;
#2404 = ORIENTED_EDGE ( 'NONE', *, *, #2860, .F. ) ;
#2405 = DIRECTION ( 'NONE',  ( -1.000000000000000000, 0.000000000000000000, 0.000000000000000000 ) ) ;
#2406 = VERTEX_POINT ( 'NONE', #9010 ) ;
#2407 = AXIS2_PLACEMENT_3D ( 'NONE', #1451, #3370, #7251 ) ;
#2408 = CARTESIAN_POINT ( 'NONE',  ( -20.99999999999999645, 0.000000000000000000, 21.00000000000000355 ) ) ;
#2409 = DIRECTION ( 'NONE',  ( -0.4472135954999577612, -0.8944271909999158554, 0.000000000000000000 ) ) ;
#2410 = VERTEX_POINT ( 'NONE', #4245 ) ;
#2411 = DIRECTION ( 'NONE',  ( 0.000000000000000000, 0.000000000000000000, 1.000000000000000000 ) ) ;
#2412 = ADVANCED_FACE ( 'NONE', ( #8057, #11880 ), #10952, .F. ) ;
#2413 = DIRECTION ( 'NONE',  ( 0.000000000000000000, 0.000000000000000000, 1.000000000000000000 ) ) ;
#2414 = CARTESIAN_POINT ( 'NONE',  ( 2.910000000000487308, 3.900000000000267697, -870.0000000000000000 ) ) ;
#2415 = FILL_AREA_STYLE_COLOUR ( '', #11925 ) ;
#2416 = CARTESIAN_POINT ( 'NONE',  ( -20.99999999999999645, 8.000000000000000000, 17.58578643762692195 ) ) ;
#2417 = VECTOR ( 'NONE', #11795, 1000.000000000000000 ) ;
#2418 = CIRCLE ( 'NONE', #7391, 0.2800000000000029132 ) ;
#2419 = ORIENTED_EDGE ( 'NONE', *, *, #1611, .T. ) ;
#2420 = ORIENTED_EDGE ( 'NONE', *, *, #11452, .T. ) ;
#2421 = ORIENTED_EDGE ( 'NONE', *, *, #5528, .F. ) ;
#2422 = EDGE_LOOP ( 'NONE', ( #9852, #5314, #3725, #8675 ) ) ;
#2423 = DIRECTION ( 'NONE',  ( 0.000000000000000000, 0.000000000000000000, 1.000000000000000000 ) ) ;
#2424 = ORIENTED_EDGE ( 'NONE', *, *, #1358, .F. ) ;
#2425 = DIRECTION ( 'NONE',  ( -1.000000000000000000, 0.000000000000000000, 0.000000000000000000 ) ) ;
#2426 = AXIS2_PLACEMENT_3D ( 'NONE', #9902, #6815, #4876 ) ;
#2427 = ADVANCED_FACE ( 'NONE', ( #11256 ), #11313, .T. ) ;
#2428 = DIRECTION ( 'NONE',  ( 0.7071067811865475727, 0.000000000000000000, -0.7071067811865475727 ) ) ;
#2429 = ADVANCED_FACE ( 'NONE', ( #1626 ), #795, .T. ) ;
#2430 = ADVANCED_FACE ( 'NONE', ( #8244 ), #10200, .T. ) ;
#2431 = DIRECTION ( 'NONE',  ( 3.469446951953611033E-15, 0.000000000000000000, -1.000000000000000000 ) ) ;
#2432 = CYLINDRICAL_SURFACE ( 'NONE', #609, 1.974999999999976330 ) ;
#2433 = LINE ( 'NONE', #4424, #6948 ) ;
#2434 = LINE ( 'NONE', #3425, #12327 ) ;
#2435 = CIRCLE ( 'NONE', #9429, 1.975000000000013189 ) ;
#2436 = ORIENTED_EDGE ( 'NONE', *, *, #841, .T. ) ;
#2437 = ORIENTED_EDGE ( 'NONE', *, *, #4978, .F. ) ;
#2438 = FACE_OUTER_BOUND ( 'NONE', #1191, .T. ) ;
#2439 = DIRECTION ( 'NONE',  ( 0.000000000000000000, 0.000000000000000000, 1.000000000000000000 ) ) ;
#2440 = VERTEX_POINT ( 'NONE', #6539 ) ;
#2441 = ADVANCED_FACE ( 'NONE', ( #10134 ), #8358, .T. ) ;
#2442 = EDGE_CURVE ( 'NONE', #9885, #499, #10201, .T. ) ;
#2443 = PLANE ( 'NONE',  #10306 ) ;
#2444 = VECTOR ( 'NONE', #3158, 999.9999999999998863 ) ;
#2445 = PRODUCT ( '42\X2\7cfb52174e2476f86df754085f0f6b658fdb7535673a\X0\[42HS04A]_42HS04A', '42\X2\7cfb52174e2476f86df754085f0f6b658fdb7535673a\X0\[42HS04A]_42HS04A', '', ( #7194 ) ) ;
#2446 = DIRECTION ( 'NONE',  ( -0.000000000000000000, -0.000000000000000000, -1.000000000000000000 ) ) ;
#2447 = DIRECTION ( 'NONE',  ( 0.000000000000000000, 0.000000000000000000, 1.000000000000000000 ) ) ;
#2448 = CARTESIAN_POINT ( 'NONE',  ( -5.002319821024733493, -1.586198120247331422, -13.00000000000000000 ) ) ;
#2449 = CARTESIAN_POINT ( 'NONE',  ( 17.58578643762691840, 39.80000000000000426, -20.00000000000000355 ) ) ;
#2450 = APPLICATION_PROTOCOL_DEFINITION ( 'draft international standard', 'automotive_design', 1998, #7102 ) ;
#2451 = ORIENTED_EDGE ( 'NONE', *, *, #7292, .F. ) ;
#2452 = CARTESIAN_POINT ( 'NONE',  ( 4.563543104187644417, -4.886375992105156385, -2.000000000000000000 ) ) ;
#2453 = CYLINDRICAL_SURFACE ( 'NONE', #12166, 2.500000000000002220 ) ;
#2454 = ORIENTED_EDGE ( 'NONE', *, *, #4615, .T. ) ;
#2455 = ADVANCED_FACE ( 'NONE', ( #11197 ), #5190, .T. ) ;
#2456 = PLANE ( 'NONE',  #6016 ) ;
#2457 = CARTESIAN_POINT ( 'NONE',  ( 3.100000000000363798, 8.000000000000000000, -870.0000000000000000 ) ) ;
#2458 = ORIENTED_EDGE ( 'NONE', *, *, #12247, .T. ) ;
#2459 = LINE ( 'NONE', #9150, #1400 ) ;
#2460 = AXIS2_PLACEMENT_3D ( 'NONE', #8273, #10352, #9167 ) ;
#2461 = CARTESIAN_POINT ( 'NONE',  ( 3.100000000000363798, -8.000000000000000000, -89.99999999999997158 ) ) ;
#2462 = EDGE_CURVE ( 'NONE', #2078, #6018, #9199, .T. ) ;
#2463 = CARTESIAN_POINT ( 'NONE',  ( 13.99999999999999822, 16.49999999999999645, 0.000000000000000000 ) ) ;
#2464 = VERTEX_POINT ( 'NONE', #7474 ) ;
#2465 = ORIENTED_EDGE ( 'NONE', *, *, #11610, .T. ) ;
#2466 = ADVANCED_FACE ( 'NONE', ( #6479 ), #10319, .F. ) ;
#2467 = STYLED_ITEM ( 'NONE', ( #10975 ), #4947 ) ;
#2468 = CARTESIAN_POINT ( 'NONE',  ( -6.022394731077293173, 0.1771629280985721477, -13.00000000000000000 ) ) ;
#2469 = ORIENTED_EDGE ( 'NONE', *, *, #338, .T. ) ;
#2470 = FACE_OUTER_BOUND ( 'NONE', #553, .T. ) ;
#2471 = FACE_OUTER_BOUND ( 'NONE', #9177, .T. ) ;
#2472 = ORIENTED_EDGE ( 'NONE', *, *, #10399, .F. ) ;
#2473 = LINE ( 'NONE', #7396, #9050 ) ;
#2474 = FACE_OUTER_BOUND ( 'NONE', #1282, .T. ) ;
#2475 = CARTESIAN_POINT ( 'NONE',  ( -18.15147186257615530, 32.20000000000000284, 20.56568542494924046 ) ) ;
#2476 = CARTESIAN_POINT ( 'NONE',  ( 6.665645171607498476, -0.5213160713288672587, -13.00000000000000000 ) ) ;
#2477 = ORIENTED_EDGE ( 'NONE', *, *, #3550, .T. ) ;
#2478 = ORIENTED_EDGE ( 'NONE', *, *, #2120, .F. ) ;
#2479 = EDGE_LOOP ( 'NONE', ( #6415, #4448, #3320, #1884 ) ) ;
#2480 = EDGE_LOOP ( 'NONE', ( #5663, #2454, #1272, #4577 ) ) ;
#2481 = CARTESIAN_POINT ( 'NONE',  ( 3.900000000000319655, -0.5189999999997791935, -870.0000000000000000 ) ) ;
#2482 = ORIENTED_EDGE ( 'NONE', *, *, #3884, .F. ) ;
#2483 = DIRECTION ( 'NONE',  ( 1.000000000000000000, 0.000000000000000000, 0.000000000000000000 ) ) ;
#2484 = CARTESIAN_POINT ( 'NONE',  ( 0.000000000000000000, 0.000000000000000000, -90.00000000000000000 ) ) ;
#2485 = CARTESIAN_POINT ( 'NONE',  ( 0.000000000000000000, 0.000000000000000000, 0.000000000000000000 ) ) ;
#2486 = CARTESIAN_POINT ( 'NONE',  ( -6.665645171607513575, 0.5213160713288503834, -13.00000000000000000 ) ) ;
#2487 = FACE_OUTER_BOUND ( 'NONE', #781, .T. ) ;
#2488 = LINE ( 'NONE', #11130, #1346 ) ;
#2489 = ADVANCED_FACE ( 'NONE', ( #673 ), #3611, .T. ) ;
#2490 = ORIENTED_EDGE ( 'NONE', *, *, #8600, .F. ) ;
#2491 = ORIENTED_EDGE ( 'NONE', *, *, #11753, .F. ) ;
#2492 = ADVANCED_FACE ( 'NONE', ( #1559 ), #1003, .T. ) ;
#2493 = DIRECTION ( 'NONE',  ( -0.000000000000000000, -0.000000000000000000, -1.000000000000000000 ) ) ;
#2494 = CIRCLE ( 'NONE', #3273, 0.1499999999999973577 ) ;
#2495 = DIRECTION ( 'NONE',  ( 0.8661855860482726710, 0.4997224534901451576, 0.000000000000000000 ) ) ;
#2496 = AXIS2_PLACEMENT_3D ( 'NONE', #11646, #1246, #9699 ) ;
#2497 = ORIENTED_EDGE ( 'NONE', *, *, #11227, .F. ) ;
#2498 = LINE ( 'NONE', #11883, #3291 ) ;
#2499 = DIRECTION ( 'NONE',  ( -1.000000000000000000, 0.000000000000000000, 0.000000000000000000 ) ) ;
#2500 = CARTESIAN_POINT ( 'NONE',  ( 3.600000000000363798, -10.00000000000000000, -870.0000000000000000 ) ) ;
#2501 = DIRECTION ( 'NONE',  ( -0.000000000000000000, 1.000000000000000000, 0.000000000000000000 ) ) ;
#2502 = DIRECTION ( 'NONE',  ( 1.000000000000000000, 0.000000000000000000, 0.000000000000000000 ) ) ;
#2503 = VECTOR ( 'NONE', #9274, 1000.000000000000000 ) ;
#2504 = UNCERTAINTY_MEASURE_WITH_UNIT (LENGTH_MEASURE( 1.000000000000000082E-05 ), #6719, 'distance_accuracy_value', 'NONE');
#2505 = VECTOR ( 'NONE', #8191, 1000.000000000000000 ) ;
#2506 = EDGE_CURVE ( 'NONE', #11243, #5348, #11009, .T. ) ;
#2507 = ORIENTED_EDGE ( 'NONE', *, *, #6213, .T. ) ;
#2508 = EDGE_CURVE ( 'NONE', #9676, #1477, #731, .T. ) ;
#2509 = EDGE_CURVE ( 'NONE', #11923, #2778, #8299, .T. ) ;
#2510 = CARTESIAN_POINT ( 'NONE',  ( -16.50000000000000000, 16.50000000000000000, 0.000000000000000000 ) ) ;
#2511 = CARTESIAN_POINT ( 'NONE',  ( 20.70710678118655323, 32.20000000000000284, -18.29289321881345387 ) ) ;
#2512 = ORIENTED_EDGE ( 'NONE', *, *, #3116, .T. ) ;
#2513 = CIRCLE ( 'NONE', #12087, 1.975000000000004530 ) ;
#2514 = CYLINDRICAL_SURFACE ( 'NONE', #1225, 0.2799999999999990274 ) ;
#2515 = AXIS2_PLACEMENT_3D ( 'NONE', #842, #6704, #12347 ) ;
#2516 = DIRECTION ( 'NONE',  ( 0.000000000000000000, 0.000000000000000000, 1.000000000000000000 ) ) ;
#2517 = VERTEX_POINT ( 'NONE', #6356 ) ;
#2518 = DIRECTION ( 'NONE',  ( 0.000000000000000000, 0.000000000000000000, -1.000000000000000000 ) ) ;
#2519 = DIRECTION ( 'NONE',  ( 1.000000000000000000, 0.000000000000000000, 0.000000000000000000 ) ) ;
#2520 = CARTESIAN_POINT ( 'NONE',  ( -21.00000000000000355, 40.00000000000000000, -21.00000000000000000 ) ) ;
#2521 = AXIS2_PLACEMENT_3D ( 'NONE', #8332, #8397, #7982 ) ;
#2522 = VERTEX_POINT ( 'NONE', #4608 ) ;
#2523 = EDGE_CURVE ( 'NONE', #8783, #10919, #4790, .T. ) ;
#2524 = VERTEX_POINT ( 'NONE', #5608 ) ;
#2525 = CARTESIAN_POINT ( 'NONE',  ( 17.58578643762691840, 0.000000000000000000, -20.00000000000000355 ) ) ;
#2526 = ORIENTED_EDGE ( 'NONE', *, *, #3858, .T. ) ;
#2527 = EDGE_CURVE ( 'NONE', #204, #3431, #1091, .T. ) ;
#2528 = CARTESIAN_POINT ( 'NONE',  ( -6.302273656338973851, -0.1853962260019047792, -2.000000000000000000 ) ) ;
#2529 = ORIENTED_EDGE ( 'NONE', *, *, #7900, .T. ) ;
#2530 = DIRECTION ( 'NONE',  ( -1.000000000000000000, 0.000000000000000000, 0.000000000000000000 ) ) ;
#2531 = MECHANICAL_DESIGN_GEOMETRIC_PRESENTATION_REPRESENTATION (  '', ( #2613 ), #315 ) ;
#2532 = DIRECTION ( 'NONE',  ( 0.000000000000000000, 0.000000000000000000, 1.000000000000000000 ) ) ;
#2533 = DIRECTION ( 'NONE',  ( -1.000000000000000000, 0.000000000000000000, 0.000000000000000000 ) ) ;
#2534 = CARTESIAN_POINT ( 'NONE',  ( -10.00000000000000000, 8.500000000000000000, -90.00000000000018474 ) ) ;
#2535 = ORIENTED_EDGE ( 'NONE', *, *, #6459, .F. ) ;
#2536 = EDGE_CURVE ( 'NONE', #9165, #1937, #89, .T. ) ;
#2537 = ORIENTED_EDGE ( 'NONE', *, *, #5618, .T. ) ;
#2538 = EDGE_LOOP ( 'NONE', ( #4329, #7057, #9353, #9913 ) ) ;
#2539 = VECTOR ( 'NONE', #4521, 1000.000000000000000 ) ;
#2540 = LINE ( 'NONE', #12051, #5965 ) ;
#2541 = ORIENTED_EDGE ( 'NONE', *, *, #1731, .T. ) ;
#2542 = FACE_OUTER_BOUND ( 'NONE', #470, .T. ) ;
#2543 = CARTESIAN_POINT ( 'NONE',  ( 0.000000000000000000, 0.000000000000000000, -89.99999999999997158 ) ) ;
#2544 = LINE ( 'NONE', #10369, #11764 ) ;
#2545 = FACE_OUTER_BOUND ( 'NONE', #5553, .T. ) ;
#2546 = VECTOR ( 'NONE', #6190, 1000.000000000000000 ) ;
#2547 = EDGE_CURVE ( 'NONE', #5704, #5704, #9005, .T. ) ;
#2548 = CARTESIAN_POINT ( 'NONE',  ( -24.99999999999999645, 5.000000000000000000, 10.00000000000000000 ) ) ;
#2549 = CARTESIAN_POINT ( 'NONE',  ( -1.583135775599255002, 6.103007956411144797, -2.000000000000000000 ) ) ;
#2550 = ORIENTED_EDGE ( 'NONE', *, *, #10807, .F. ) ;
#2551 = VERTEX_POINT ( 'NONE', #7609 ) ;
#2552 = VECTOR ( 'NONE', #8499, 1000.000000000000000 ) ;
#2553 = DIRECTION ( 'NONE',  ( -0.000000000000000000, -0.000000000000000000, 1.000000000000000000 ) ) ;
#2554 = ORIENTED_EDGE ( 'NONE', *, *, #11438, .T. ) ;
#2555 = LINE ( 'NONE', #7188, #3084 ) ;
#2556 = DIRECTION ( 'NONE',  ( -0.000000000000000000, -0.000000000000000000, -1.000000000000000000 ) ) ;
#2557 = EDGE_CURVE ( 'NONE', #7226, #9228, #6786, .T. ) ;
#2558 = CARTESIAN_POINT ( 'NONE',  ( -20.56568542494923690, 8.000000000000000000, 18.15147186257616241 ) ) ;
#2559 = DIRECTION ( 'NONE',  ( -0.000000000000000000, -0.000000000000000000, -1.000000000000000000 ) ) ;
#2560 = EDGE_CURVE ( 'NONE', #4721, #3742, #9401, .T. ) ;
#2561 = DIRECTION ( 'NONE',  ( 1.000000000000000000, 0.000000000000000000, 0.000000000000000000 ) ) ;
#2562 = CIRCLE ( 'NONE', #757, 0.7999999999999986011 ) ;
#2563 = APPLICATION_CONTEXT ( 'automotive_design' ) ;
#2564 = AXIS2_PLACEMENT_3D ( 'NONE', #6909, #1988, #156 ) ;
#2565 = APPLICATION_PROTOCOL_DEFINITION ( 'draft international standard', 'automotive_design', 1998, #12227 ) ;
#2566 = ORIENTED_EDGE ( 'NONE', *, *, #9030, .T. ) ;
#2567 = LINE ( 'NONE', #683, #11569 ) ;
#2568 = DIRECTION ( 'NONE',  ( 1.000000000000000000, 0.000000000000000000, 0.000000000000000000 ) ) ;
#2569 = AXIS2_PLACEMENT_3D ( 'NONE', #2840, #6770, #5524 ) ;
#2570 = ORIENTED_EDGE ( 'NONE', *, *, #11973, .T. ) ;
#2571 = CIRCLE ( 'NONE', #12351, 1.499999999999999556 ) ;
#2572 = AXIS2_PLACEMENT_3D ( 'NONE', #7198, #11834, #4124 ) ;
#2573 = VECTOR ( 'NONE', #3912, 1000.000000000000000 ) ;
#2574 = CARTESIAN_POINT ( 'NONE',  ( 1.221639864514395324, 6.185517039134984962, -13.00000000000000000 ) ) ;
#2575 = EDGE_LOOP ( 'NONE', ( #12284 ) ) ;
#2576 = EDGE_CURVE ( 'NONE', #10166, #11, #1419, .T. ) ;
#2577 = FACE_BOUND ( 'NONE', #6093, .T. ) ;
#2578 = EDGE_CURVE ( 'NONE', #1254, #9881, #3194, .T. ) ;
#2579 = CARTESIAN_POINT ( 'NONE',  ( -18.15147186257615530, 0.2000000000000000111, 20.56568542494924046 ) ) ;
#2580 = VECTOR ( 'NONE', #3512, 1000.000000000000000 ) ;
#2581 = VECTOR ( 'NONE', #10491, 1000.000000000000000 ) ;
#2582 = CIRCLE ( 'NONE', #2770, 0.1499999999999908629 ) ;
#2583 = ORIENTED_EDGE ( 'NONE', *, *, #10140, .F. ) ;
#2584 = ORIENTED_EDGE ( 'NONE', *, *, #6653, .T. ) ;
#2585 = DIRECTION ( 'NONE',  ( 1.000000000000000000, 0.000000000000000000, 0.000000000000000000 ) ) ;
#2586 = ORIENTED_EDGE ( 'NONE', *, *, #11201, .T. ) ;
#2587 = FACE_BOUND ( 'NONE', #183, .T. ) ;
#2588 = CARTESIAN_POINT ( 'NONE',  ( -5.125882477357501799, 0.8446027636228203850, -13.00000000000000000 ) ) ;
#2589 = ORIENTED_EDGE ( 'NONE', *, *, #1848, .F. ) ;
#2590 = CIRCLE ( 'NONE', #7568, 0.2800000000000015810 ) ;
#2591 = CIRCLE ( 'NONE', #11785, 5.195000000000000284 ) ;
#2592 = CARTESIAN_POINT ( 'NONE',  ( -3.967618173362244871, -3.581484473009151070, -13.00000000000000000 ) ) ;
#2593 = AXIS2_PLACEMENT_3D ( 'NONE', #10120, #3344, #5349 ) ;
#2594 = CARTESIAN_POINT ( 'NONE',  ( 17.58578643762691840, 32.20000000000000284, -20.00000000000000355 ) ) ;
#2595 = ADVANCED_FACE ( 'NONE', ( #4906 ), #3918, .F. ) ;
#2596 = FACE_OUTER_BOUND ( 'NONE', #10824, .T. ) ;
#2597 = DIRECTION ( 'NONE',  ( -0.000000000000000000, 1.000000000000000000, -0.000000000000000000 ) ) ;
#2598 = UNCERTAINTY_MEASURE_WITH_UNIT (LENGTH_MEASURE( 1.000000000000000082E-05 ), #3454, 'distance_accuracy_value', 'NONE');
#2599 = CARTESIAN_POINT ( 'NONE',  ( -5.000000000000000000, 0.000000000000000000, -0.5000000000000004441 ) ) ;
#2600 = EDGE_LOOP ( 'NONE', ( #10756 ) ) ;
#2601 = AXIS2_PLACEMENT_3D ( 'NONE', #8561, #995, #9638 ) ;
#2602 = AXIS2_PLACEMENT_3D ( 'NONE', #11262, #12255, #11448 ) ;
#2603 = AXIS2_PLACEMENT_3D ( 'NONE', #4030, #6889, #10858 ) ;
#2604 = ORIENTED_EDGE ( 'NONE', *, *, #4915, .F. ) ;
#2605 = EDGE_LOOP ( 'NONE', ( #2472, #7215, #6177, #3306 ) ) ;
#2606 = DIRECTION ( 'NONE',  ( -0.7071067811865474617, 0.000000000000000000, -0.7071067811865474617 ) ) ;
#2607 = EDGE_LOOP ( 'NONE', ( #2645 ) ) ;
#2608 = DIRECTION ( 'NONE',  ( 1.000000000000000000, 0.000000000000000000, 0.000000000000000000 ) ) ;
#2609 = CARTESIAN_POINT ( 'NONE',  ( -5.500000000000000000, 6.490000000000009983, -870.0000000000000000 ) ) ;
#2610 = ADVANCED_FACE ( 'NONE', ( #12367 ), #7723, .F. ) ;
#2611 = AXIS2_PLACEMENT_3D ( 'NONE', #11627, #7663, #4724 ) ;
#2612 = CYLINDRICAL_SURFACE ( 'NONE', #2179, 0.1499999999999969136 ) ;
#2613 = STYLED_ITEM ( 'NONE', ( #6835 ), #8758 ) ;
#2614 = SURFACE_STYLE_FILL_AREA ( #5531 ) ;
#2615 = DIRECTION ( 'NONE',  ( -1.000000000000000000, 0.000000000000000000, -0.000000000000000000 ) ) ;
#2616 = PRODUCT_RELATED_PRODUCT_CATEGORY ( 'part', '', ( #4437 ) ) ;
#2617 = EDGE_CURVE ( 'NONE', #7862, #8984, #3796, .T. ) ;
#2618 = ORIENTED_EDGE ( 'NONE', *, *, #7887, .T. ) ;
#2619 = ORIENTED_EDGE ( 'NONE', *, *, #10851, .F. ) ;
#2620 = LINE ( 'NONE', #10075, #8759 ) ;
#2621 = EDGE_LOOP ( 'NONE', ( #9907, #10472, #4085, #4181 ) ) ;
#2622 = CARTESIAN_POINT ( 'NONE',  ( 0.000000000000000000, 64.00000000000000000, 0.000000000000000000 ) ) ;
#2623 = EDGE_LOOP ( 'NONE', ( #6765, #6970, #12278, #11196 ) ) ;
#2624 = FACE_OUTER_BOUND ( 'NONE', #4225, .T. ) ;
#2625 = CYLINDRICAL_SURFACE ( 'NONE', #152, 0.2799999999999981393 ) ;
#2626 = CARTESIAN_POINT ( 'NONE',  ( -29.99999999999999289, 20.00000000000000000, 0.000000000000000000 ) ) ;
#2627 = LINE ( 'NONE', #429, #4783 ) ;
#2628 = AXIS2_PLACEMENT_3D ( 'NONE', #5640, #2880, #4695 ) ;
#2629 = DIRECTION ( 'NONE',  ( 0.000000000000000000, 0.000000000000000000, 1.000000000000000000 ) ) ;
#2630 = DIRECTION ( 'NONE',  ( 1.000000000000000000, 0.000000000000000000, 0.000000000000000000 ) ) ;
#2631 = ORIENTED_EDGE ( 'NONE', *, *, #3422, .F. ) ;
#2632 = DIRECTION ( 'NONE',  ( -0.000000000000000000, -0.000000000000000000, 1.000000000000000000 ) ) ;
#2633 = DIRECTION ( 'NONE',  ( 1.000000000000000000, 0.000000000000000000, 0.000000000000000000 ) ) ;
#2634 = ORIENTED_EDGE ( 'NONE', *, *, #2442, .F. ) ;
#2635 = CARTESIAN_POINT ( 'NONE',  ( 1.790414966635721639, 5.795282521538789311, -13.00000000000000000 ) ) ;
#2636 = CARTESIAN_POINT ( 'NONE',  ( 5.500000000000396128, 6.490000000000264890, -89.99999999999997158 ) ) ;
#2637 = CARTESIAN_POINT ( 'NONE',  ( -20.80000000000000071, 39.80000000000000426, 21.00000000000000355 ) ) ;
#2638 = DIRECTION ( 'NONE',  ( 0.000000000000000000, 0.000000000000000000, 1.000000000000000000 ) ) ;
#2639 = VERTEX_POINT ( 'NONE', #7210 ) ;
#2640 = VECTOR ( 'NONE', #10613, 1000.000000000000000 ) ;
#2641 = ORIENTED_EDGE ( 'NONE', *, *, #2265, .F. ) ;
#2642 = ADVANCED_FACE ( 'NONE', ( #2974, #5723 ), #6662, .F. ) ;
#2643 = ORIENTED_EDGE ( 'NONE', *, *, #8771, .T. ) ;
#2644 = DIRECTION ( 'NONE',  ( 1.000000000000000000, 0.000000000000000000, 0.000000000000000000 ) ) ;
#2645 = ORIENTED_EDGE ( 'NONE', *, *, #8078, .F. ) ;
#2646 = CARTESIAN_POINT ( 'NONE',  ( 20.70710678118655323, 7.800000000000001599, -18.29289321881345387 ) ) ;
#2647 = FACE_OUTER_BOUND ( 'NONE', #7002, .T. ) ;
#2648 = ORIENTED_EDGE ( 'NONE', *, *, #1838, .T. ) ;
#2649 = FACE_OUTER_BOUND ( 'NONE', #6534, .T. ) ;
#2650 = DIRECTION ( 'NONE',  ( 1.000000000000000000, 0.000000000000000000, 0.000000000000000000 ) ) ;
#2651 = CYLINDRICAL_SURFACE ( 'NONE', #7367, 0.2000000000000002887 ) ;
#2652 = DIRECTION ( 'NONE',  ( 0.000000000000000000, 0.000000000000000000, 1.000000000000000000 ) ) ;
#2653 = DIRECTION ( 'NONE',  ( 1.000000000000000000, -0.000000000000000000, -8.260587980841936314E-17 ) ) ;
#2654 = ORIENTED_EDGE ( 'NONE', *, *, #11516, .F. ) ;
#2655 = PRESENTATION_LAYER_ASSIGNMENT (  '', '', ( #8644 ) ) ;
#2656 = EDGE_CURVE ( 'NONE', #3538, #3068, #11375, .T. ) ;
#2657 = EDGE_CURVE ( 'NONE', #10603, #10603, #11208, .T. ) ;
#2658 = VERTEX_POINT ( 'NONE', #6721 ) ;
#2659 = EDGE_CURVE ( 'NONE', #10019, #7226, #10559, .T. ) ;
#2660 = CARTESIAN_POINT ( 'NONE',  ( 3.100000000000363798, 9.500000000000000000, -870.0000000000000000 ) ) ;
#2661 = ORIENTED_EDGE ( 'NONE', *, *, #5556, .F. ) ;
#2662 = DIRECTION ( 'NONE',  ( -0.000000000000000000, -0.000000000000000000, -1.000000000000000000 ) ) ;
#2663 = DIRECTION ( 'NONE',  ( 0.000000000000000000, 1.000000000000000000, 0.000000000000000000 ) ) ;
#2664 = ADVANCED_BREP_SHAPE_REPRESENTATION ( '', ( #8871, #11368 ), #6123 ) ;
#2665 = CARTESIAN_POINT ( 'NONE',  ( -9.500000000000000000, -3.099999999999909051, -870.0000000000000000 ) ) ;
#2666 = LINE ( 'NONE', #8529, #201 ) ;
#2667 = CARTESIAN_POINT ( 'NONE',  ( 20.70710678118655323, 32.00000000000000000, -18.29289321881345387 ) ) ;
#2668 = VERTEX_POINT ( 'NONE', #3037 ) ;
#2669 = EDGE_CURVE ( 'NONE', #7257, #3314, #4789, .T. ) ;
#2670 = ORIENTED_EDGE ( 'NONE', *, *, #10743, .F. ) ;
#2671 = ORIENTED_EDGE ( 'NONE', *, *, #8789, .T. ) ;
#2672 = CARTESIAN_POINT ( 'NONE',  ( 9.000000000000000000, 0.000000000000000000, 0.000000000000000000 ) ) ;
#2673 = VERTEX_POINT ( 'NONE', #1982 ) ;
#2674 = EDGE_CURVE ( 'NONE', #9308, #6156, #11498, .T. ) ;
#2675 = DIRECTION ( 'NONE',  ( -0.000000000000000000, -0.000000000000000000, 1.000000000000000000 ) ) ;
#2676 = DIRECTION ( 'NONE',  ( 1.000000000000000000, 0.000000000000000000, 0.000000000000000000 ) ) ;
#2677 = FACE_OUTER_BOUND ( 'NONE', #1943, .T. ) ;
#2678 = DIRECTION ( 'NONE',  ( -0.000000000000000000, -0.000000000000000000, 1.000000000000000000 ) ) ;
#2679 = ADVANCED_FACE ( 'NONE', ( #6845 ), #10681, .T. ) ;
#2680 = VERTEX_POINT ( 'NONE', #5040 ) ;
#2681 = VERTEX_POINT ( 'NONE', #7909 ) ;
#2682 = CARTESIAN_POINT ( 'NONE',  ( 20.00000000000000355, 7.800000000000001599, -17.58578643762690774 ) ) ;
#2683 = CARTESIAN_POINT ( 'NONE',  ( 19.35857864376274051, 7.800000000000000711, -19.35857864376264814 ) ) ;
#2684 = SHAPE_REPRESENTATION ( '\X2\79fb52a86a217ec4\X0\', ( #3525, #6715, #2138, #3729, #1333, #10145, #8319, #7490, #12325, #6917, #513, #1933, #2109, #8520, #11528, #732, #3129 ), #2339 ) ;
#2685 = VERTEX_POINT ( 'NONE', #8924 ) ;
#2686 = CARTESIAN_POINT ( 'NONE',  ( 30.00000000000000000, -29.99999999999999289, 0.000000000000000000 ) ) ;
#2687 = CARTESIAN_POINT ( 'NONE',  ( -5.500000000000000000, -8.000000000000000000, -870.0000000000000000 ) ) ;
#2688 = CARTESIAN_POINT ( 'NONE',  ( 20.56568542494924401, 7.800000000000000711, -18.15147186257614464 ) ) ;
#2689 = VECTOR ( 'NONE', #10152, 1000.000000000000000 ) ;
#2690 = DIRECTION ( 'NONE',  ( -1.000000000000000000, 0.000000000000000000, 0.000000000000000000 ) ) ;
#2691 = AXIS2_PLACEMENT_3D ( 'NONE', #2201, #5005, #5653 ) ;
#2692 = DIRECTION ( 'NONE',  ( 0.000000000000000000, 1.000000000000000000, 0.000000000000000000 ) ) ;
#2693 = ADVANCED_FACE ( 'NONE', ( #10939 ), #8046, .T. ) ;
#2694 = EDGE_LOOP ( 'NONE', ( #8989 ) ) ;
#2695 = ORIENTED_EDGE ( 'NONE', *, *, #9540, .F. ) ;
#2696 = CIRCLE ( 'NONE', #10507, 2.500000000000000000 ) ;
#2697 = FACE_OUTER_BOUND ( 'NONE', #3649, .T. ) ;
#2698 = ORIENTED_EDGE ( 'NONE', *, *, #667, .T. ) ;
#2699 = DIRECTION ( 'NONE',  ( -0.000000000000000000, -1.000000000000000000, -0.000000000000000000 ) ) ;
#2700 = CARTESIAN_POINT ( 'NONE',  ( 4.359035021885709682, 2.921992769749272689, -2.000000000000000000 ) ) ;
#2701 = ORIENTED_EDGE ( 'NONE', *, *, #8983, .T. ) ;
#2702 = DIRECTION ( 'NONE',  ( 0.000000000000000000, 0.000000000000000000, 1.000000000000000000 ) ) ;
#2703 = CARTESIAN_POINT ( 'NONE',  ( -19.35857864376264814, 7.800000000000000711, -19.35857864376274051 ) ) ;
#2704 = AXIS2_PLACEMENT_3D ( 'NONE', #4121, #431, #5189 ) ;
#2705 = CARTESIAN_POINT ( 'NONE',  ( -10.00000000000000000, -3.599999999999909051, -870.0000000000000000 ) ) ;
#2706 = EDGE_CURVE ( 'NONE', #7755, #12218, #11403, .T. ) ;
#2707 = AXIS2_PLACEMENT_3D ( 'NONE', #6041, #5101, #4234 ) ;
#2708 = FACE_OUTER_BOUND ( 'NONE', #3412, .T. ) ;
#2709 = ADVANCED_FACE ( 'NONE', ( #11869 ), #7099, .T. ) ;
#2710 = CARTESIAN_POINT ( 'NONE',  ( 37.60000000000000853, 3.449999999999994849, 1.602627944162885898 ) ) ;
#2711 = ORIENTED_EDGE ( 'NONE', *, *, #9826, .T. ) ;
#2712 = ORIENTED_EDGE ( 'NONE', *, *, #9766, .F. ) ;
#2713 = LINE ( 'NONE', #7521, #1517 ) ;
#2714 = CARTESIAN_POINT ( 'NONE',  ( 22.20000000000000284, 3.449999999999994849, 0.9526279441628796585 ) ) ;
#2715 = ORIENTED_EDGE ( 'NONE', *, *, #7672, .F. ) ;
#2716 = FACE_OUTER_BOUND ( 'NONE', #12063, .T. ) ;
#2717 = FACE_OUTER_BOUND ( 'NONE', #6449, .T. ) ;
#2718 = CARTESIAN_POINT ( 'NONE',  ( 2.659549700202081368, 4.523938932020214132, -13.00000000000000000 ) ) ;
#2719 = EDGE_CURVE ( 'NONE', #2028, #8543, #11739, .T. ) ;
#2720 = FACE_OUTER_BOUND ( 'NONE', #2343, .T. ) ;
#2721 = EDGE_CURVE ( 'NONE', #1425, #6342, #471, .T. ) ;
#2722 = LINE ( 'NONE', #6532, #2165 ) ;
#2723 = AXIS2_PLACEMENT_3D ( 'NONE', #4151, #7970, #9171 ) ;
#2724 = ORIENTED_EDGE ( 'NONE', *, *, #6766, .F. ) ;
#2725 = ORIENTED_EDGE ( 'NONE', *, *, #4178, .F. ) ;
#2726 = EDGE_LOOP ( 'NONE', ( #6339, #1541, #11924, #7608 ) ) ;
#2727 = CARTESIAN_POINT ( 'NONE',  ( 2.020752579182564013, 4.948291019506339872, -13.00000000000000000 ) ) ;
#2728 = DIRECTION ( 'NONE',  ( -0.000000000000000000, -0.000000000000000000, -1.000000000000000000 ) ) ;
#2729 = ORIENTED_EDGE ( 'NONE', *, *, #2176, .T. ) ;
#2730 = DIRECTION ( 'NONE',  ( -1.000000000000000000, 0.000000000000000000, 0.000000000000000000 ) ) ;
#2731 = VECTOR ( 'NONE', #5703, 1000.000000000000000 ) ;
#2732 = LINE ( 'NONE', #5611, #6086 ) ;
#2733 = DIRECTION ( 'NONE',  ( 9.107298248876816034E-14, 1.000000000000000000, 0.000000000000000000 ) ) ;
#2734 = CARTESIAN_POINT ( 'NONE',  ( -20.69999999999999574, 32.00000000000000000, 15.47157287525383218 ) ) ;
#2735 = FACE_OUTER_BOUND ( 'NONE', #8010, .T. ) ;
#2736 = EDGE_CURVE ( 'NONE', #12332, #2673, #9055, .T. ) ;
#2737 = DIRECTION ( 'NONE',  ( -1.000000000000000000, 0.000000000000000000, 0.000000000000000000 ) ) ;
#2738 = ORIENTED_EDGE ( 'NONE', *, *, #3802, .T. ) ;
#2739 = ITEM_DEFINED_TRANSFORMATION ( 'NONE', 'NONE', #10145,  #11368 ) ;
#2740 = ORIENTED_EDGE ( 'NONE', *, *, #7268, .T. ) ;
#2741 = VECTOR ( 'NONE', #5170, 1000.000000000000000 ) ;
#2742 = ADVANCED_FACE ( 'NONE', ( #278 ), #10007, .T. ) ;
#2743 = LINE ( 'NONE', #7255, #10571 ) ;
#2744 = DIRECTION ( 'NONE',  ( 1.000000000000000000, 0.000000000000000000, 0.000000000000000000 ) ) ;
#2745 = ORIENTED_EDGE ( 'NONE', *, *, #11255, .T. ) ;
#2746 = CARTESIAN_POINT ( 'NONE',  ( 0.000000000000000000, 0.000000000000000000, -15.00000000000000000 ) ) ;
#2747 = DIRECTION ( 'NONE',  ( -0.000000000000000000, -0.000000000000000000, 1.000000000000000000 ) ) ;
#2748 = PRESENTATION_STYLE_ASSIGNMENT (( #7564 ) ) ;
#2749 = VECTOR ( 'NONE', #6853, 1000.000000000000000 ) ;
#2750 = DIRECTION ( 'NONE',  ( -1.000000000000000000, -0.000000000000000000, -3.325348516249471817E-16 ) ) ;
#2751 = VECTOR ( 'NONE', #9887, 1000.000000000000000 ) ;
#2752 = EDGE_CURVE ( 'NONE', #11468, #10651, #6905, .T. ) ;
#2753 = LINE ( 'NONE', #6568, #559 ) ;
#2754 = SHAPE_REPRESENTATION_RELATIONSHIP ( 'NONE' , 'NONE' ,  #9896, #4890 ) ;
#2755 = ORIENTED_EDGE ( 'NONE', *, *, #10084, .T. ) ;
#2756 = AXIS2_PLACEMENT_3D ( 'NONE', #11492, #1148, #10676 ) ;
#2757 = CIRCLE ( 'NONE', #10970, 0.7999999999999986011 ) ;
#2758 = ORIENTED_EDGE ( 'NONE', *, *, #10707, .F. ) ;
#2759 = VECTOR ( 'NONE', #5974, 1000.000000000000000 ) ;
#2760 = LINE ( 'NONE', #11467, #8756 ) ;
#2761 = ORIENTED_EDGE ( 'NONE', *, *, #9390, .F. ) ;
#2762 = CARTESIAN_POINT ( 'NONE',  ( 0.5190000000002328306, -3.900000000000090949, -89.99999999999997158 ) ) ;
#2763 = ADVANCED_FACE ( 'NONE', ( #10875, #221 ), #3223, .T. ) ;
#2764 = FACE_OUTER_BOUND ( 'NONE', #8137, .T. ) ;
#2765 = VERTEX_POINT ( 'NONE', #2294 ) ;
#2766 = CARTESIAN_POINT ( 'NONE',  ( 3.784454747031254840, 5.042908611869998836, -13.00000000000000000 ) ) ;
#2767 = FACE_OUTER_BOUND ( 'NONE', #3036, .T. ) ;
#2768 = AXIS2_PLACEMENT_3D ( 'NONE', #11048, #644, #2405 ) ;
#2769 = DIRECTION ( 'NONE',  ( -0.7071067811865495711, 0.000000000000000000, 0.7071067811865454633 ) ) ;
#2770 = AXIS2_PLACEMENT_3D ( 'NONE', #5052, #422, #5244 ) ;
#2771 = DIRECTION ( 'NONE',  ( 0.000000000000000000, 0.000000000000000000, 1.000000000000000000 ) ) ;
#2772 = AXIS2_PLACEMENT_3D ( 'NONE', #7715, #78, #3973 ) ;
#2773 = VERTEX_POINT ( 'NONE', #594 ) ;
#2774 = ORIENTED_EDGE ( 'NONE', *, *, #1305, .T. ) ;
#2775 = VERTEX_POINT ( 'NONE', #6099 ) ;
#2776 = DIRECTION ( 'NONE',  ( -1.000000000000000000, -1.814564305414821826E-16, 0.000000000000000000 ) ) ;
#2777 = CARTESIAN_POINT ( 'NONE',  ( -2.535598419378958468, -4.534177505969844368, -13.00000000000000000 ) ) ;
#2778 = VERTEX_POINT ( 'NONE', #10746 ) ;
#2779 = VECTOR ( 'NONE', #2606, 1000.000000000000114 ) ;
#2780 = AXIS2_PLACEMENT_3D ( 'NONE', #11114, #5585, #592 ) ;
#2781 = DIRECTION ( 'NONE',  ( 0.000000000000000000, 0.000000000000000000, -1.000000000000000000 ) ) ;
#2782 = ADVANCED_FACE ( 'NONE', ( #8105 ), #11679, .F. ) ;
#2783 = LINE ( 'NONE', #2089, #5432 ) ;
#2784 = DIRECTION ( 'NONE',  ( -0.000000000000000000, 1.000000000000000000, -0.000000000000000000 ) ) ;
#2785 = CARTESIAN_POINT ( 'NONE',  ( -6.048387499772772458, 0.4559538461277349852, -13.00000000000000000 ) ) ;
#2786 = DIRECTION ( 'NONE',  ( 1.000000000000000000, 0.000000000000000000, 0.000000000000000000 ) ) ;
#2787 = AXIS2_PLACEMENT_3D ( 'NONE', #10018, #11822, #6050 ) ;
#2788 = CIRCLE ( 'NONE', #7569, 0.2799999999999918665 ) ;
#2789 = VECTOR ( 'NONE', #518, 1000.000000000000000 ) ;
#2790 = ORIENTED_EDGE ( 'NONE', *, *, #3976, .T. ) ;
#2791 = ORIENTED_EDGE ( 'NONE', *, *, #6264, .T. ) ;
#2792 = DIRECTION ( 'NONE',  ( 0.000000000000000000, -1.000000000000000000, 0.000000000000000000 ) ) ;
#2793 = ADVANCED_FACE ( 'NONE', ( #6974 ), #8863, .T. ) ;
#2794 = ORIENTED_EDGE ( 'NONE', *, *, #7672, .T. ) ;
#2795 =( REPRESENTATION_RELATIONSHIP ('NONE','NONE', #2684, #9424 ) REPRESENTATION_RELATIONSHIP_WITH_TRANSFORMATION ( #7551 )SHAPE_REPRESENTATION_RELATIONSHIP( ) );
#2796 = DIRECTION ( 'NONE',  ( 1.000000000000000000, 0.000000000000000000, 0.000000000000000000 ) ) ;
#2797 = VERTEX_POINT ( 'NONE', #6038 ) ;
#2798 = DIRECTION ( 'NONE',  ( -0.000000000000000000, -0.000000000000000000, 1.000000000000000000 ) ) ;
#2799 = DIRECTION ( 'NONE',  ( -1.000000000000000000, 0.000000000000000000, 0.000000000000000000 ) ) ;
#2800 = DIRECTION ( 'NONE',  ( -1.000000000000000000, -0.000000000000000000, -3.325348516249471324E-16 ) ) ;
#2801 = CARTESIAN_POINT ( 'NONE',  ( 0.000000000000000000, 41.50000000000000000, 0.000000000000000000 ) ) ;
#2802 = DIRECTION ( 'NONE',  ( 0.000000000000000000, 0.000000000000000000, 1.000000000000000000 ) ) ;
#2803 = VERTEX_POINT ( 'NONE', #1352 ) ;
#2804 = CIRCLE ( 'NONE', #12009, 2.099999999999997424 ) ;
#2805 = VERTEX_POINT ( 'NONE', #11930 ) ;
#2806 = DIRECTION ( 'NONE',  ( 1.000000000000000000, 0.000000000000000000, 0.000000000000000000 ) ) ;
#2807 = ADVANCED_FACE ( 'NONE', ( #7168 ), #8794, .T. ) ;
#2808 = EDGE_CURVE ( 'NONE', #975, #293, #3396, .T. ) ;
#2809 = CARTESIAN_POINT ( 'NONE',  ( 2.910000000000487308, 3.900000000000267697, -870.0000000000000000 ) ) ;
#2810 = ORIENTED_EDGE ( 'NONE', *, *, #837, .F. ) ;
#2811 = DIRECTION ( 'NONE',  ( 1.000000000000000000, 0.000000000000000000, 0.000000000000000000 ) ) ;
#2812 = AXIS2_PLACEMENT_3D ( 'NONE', #11281, #8, #61 ) ;
#2813 = CARTESIAN_POINT ( 'NONE',  ( 17.58578643762691129, 7.800000000000001599, 21.00000000000000000 ) ) ;
#2814 = CARTESIAN_POINT ( 'NONE',  ( 18.29289321881346808, 32.20000000000000284, -20.70710678118654968 ) ) ;
#2815 = PLANE ( 'NONE',  #11586 ) ;
#2816 = DIRECTION ( 'NONE',  ( 0.000000000000000000, 0.000000000000000000, 1.000000000000000000 ) ) ;
#2817 =( LENGTH_UNIT ( ) NAMED_UNIT ( * ) SI_UNIT ( .MILLI., .METRE. ) );
#2818 = ORIENTED_EDGE ( 'NONE', *, *, #11051, .T. ) ;
#2819 = CIRCLE ( 'NONE', #3623, 2.250000000000000000 ) ;
#2820 = ORIENTED_EDGE ( 'NONE', *, *, #6474, .T. ) ;
#2821 = VERTEX_POINT ( 'NONE', #4976 ) ;
#2822 = EDGE_CURVE ( 'NONE', #7885, #1649, #6989, .T. ) ;
#2823 = DIRECTION ( 'NONE',  ( 1.000000000000000000, -0.000000000000000000, -0.000000000000000000 ) ) ;
#2824 = ORIENTED_EDGE ( 'NONE', *, *, #3723, .F. ) ;
#2825 = DIRECTION ( 'NONE',  ( 0.000000000000000000, 0.000000000000000000, 1.000000000000000000 ) ) ;
#2826 = DIRECTION ( 'NONE',  ( 0.000000000000000000, 0.000000000000000000, 1.000000000000000000 ) ) ;
#2827 = ORIENTED_EDGE ( 'NONE', *, *, #10729, .T. ) ;
#2828 = CARTESIAN_POINT ( 'NONE',  ( 17.58578643762691129, 32.20000000000000284, 20.80000000000000071 ) ) ;
#2829 = DIRECTION ( 'NONE',  ( -0.000000000000000000, -0.000000000000000000, -1.000000000000000000 ) ) ;
#2830 = ADVANCED_FACE ( 'NONE', ( #2542 ), #10063, .F. ) ;
#2831 = AXIS2_PLACEMENT_3D ( 'NONE', #905, #4834, #1906 ) ;
#2832 = DIRECTION ( 'NONE',  ( 0.000000000000000000, 0.000000000000000000, -1.000000000000000000 ) ) ;
#2833 = CARTESIAN_POINT ( 'NONE',  ( 1.583135775599258110, 6.103007956411143908, -13.00000000000000000 ) ) ;
#2834 = VERTEX_POINT ( 'NONE', #11538 ) ;
#2835 = EDGE_LOOP ( 'NONE', ( #670, #2070, #2758, #733 ) ) ;
#2836 = EDGE_CURVE ( 'NONE', #7636, #9019, #9803, .T. ) ;
#2837 = ORIENTED_EDGE ( 'NONE', *, *, #11213, .F. ) ;
#2838 = CARTESIAN_POINT ( 'NONE',  ( -5.758592769118958010, -2.567417831100120562, -2.000000000000000000 ) ) ;
#2839 = VECTOR ( 'NONE', #10473, 1000.000000000000000 ) ;
#2840 = CARTESIAN_POINT ( 'NONE',  ( -1.167387816605745421, -5.910823181726931885, -13.00000000000000000 ) ) ;
#2841 = VERTEX_POINT ( 'NONE', #10250 ) ;
#2842 = DIRECTION ( 'NONE',  ( -1.000000000000000000, 0.000000000000000000, -0.000000000000000000 ) ) ;
#2843 = DIRECTION ( 'NONE',  ( 1.000000000000000000, 0.000000000000000000, 0.000000000000000000 ) ) ;
#2844 = DIRECTION ( 'NONE',  ( 0.000000000000000000, 0.000000000000000000, -1.000000000000000000 ) ) ;
#2845 = DIRECTION ( 'NONE',  ( -0.000000000000000000, -0.000000000000000000, -1.000000000000000000 ) ) ;
#2846 = LINE ( 'NONE', #4899, #5748 ) ;
#2847 = CIRCLE ( 'NONE', #5448, 0.1499999999999964972 ) ;
#2848 = ORIENTED_EDGE ( 'NONE', *, *, #4975, .T. ) ;
#2849 = ORIENTED_EDGE ( 'NONE', *, *, #9630, .F. ) ;
#2850 = DIRECTION ( 'NONE',  ( 0.000000000000000000, 0.000000000000000000, -1.000000000000000000 ) ) ;
#2851 = ORIENTED_EDGE ( 'NONE', *, *, #665, .T. ) ;
#2852 = CARTESIAN_POINT ( 'NONE',  ( 1.991491178014985319, 6.382519791421613853, -13.00000000000000000 ) ) ;
#2853 = ORIENTED_EDGE ( 'NONE', *, *, #10452, .F. ) ;
#2854 = DIRECTION ( 'NONE',  ( 1.000000000000000000, 0.000000000000000000, 0.000000000000000000 ) ) ;
#2855 = LINE ( 'NONE', #1685, #1090 ) ;
#2856 = PLANE ( 'NONE',  #12146 ) ;
#2857 = CARTESIAN_POINT ( 'NONE',  ( -17.58578643762691485, 39.80000000000000426, 20.80000000000000426 ) ) ;
#2858 = LINE ( 'NONE', #11505, #10408 ) ;
#2859 = DIRECTION ( 'NONE',  ( 0.000000000000000000, 0.000000000000000000, -1.000000000000000000 ) ) ;
#2860 = EDGE_CURVE ( 'NONE', #8636, #6080, #6287, .T. ) ;
#2861 = ADVANCED_FACE ( 'NONE', ( #10123, #2716 ), #9248, .F. ) ;
#2862 = ORIENTED_EDGE ( 'NONE', *, *, #7846, .T. ) ;
#2863 = CONTEXT_DEPENDENT_SHAPE_REPRESENTATION ( #8145, #7117 ) ;
#2864 = ORIENTED_EDGE ( 'NONE', *, *, #9925, .F. ) ;
#2865 = DIRECTION ( 'NONE',  ( 0.000000000000000000, -1.000000000000000000, 0.000000000000000000 ) ) ;
#2866 = DIRECTION ( 'NONE',  ( 0.000000000000000000, 0.000000000000000000, 1.000000000000000000 ) ) ;
#2867 = VERTEX_POINT ( 'NONE', #8409 ) ;
#2868 = CARTESIAN_POINT ( 'NONE',  ( 0.000000000000000000, 0.000000000000000000, -2.000000000000000000 ) ) ;
#2869 = DIRECTION ( 'NONE',  ( 0.000000000000000000, 0.000000000000000000, 1.000000000000000000 ) ) ;
#2870 = EDGE_CURVE ( 'NONE', #4817, #7309, #5409, .T. ) ;
#2871 = EDGE_CURVE ( 'NONE', #3774, #3774, #2804, .T. ) ;
#2872 =( NAMED_UNIT ( * ) SI_UNIT ( $, .STERADIAN. ) SOLID_ANGLE_UNIT ( ) );
#2873 = EDGE_CURVE ( 'NONE', #10713, #3578, #9357, .T. ) ;
#2874 = ORIENTED_EDGE ( 'NONE', *, *, #9184, .F. ) ;
#2875 = EDGE_LOOP ( 'NONE', ( #12088, #6519, #8068, #35 ) ) ;
#2876 = ORIENTED_EDGE ( 'NONE', *, *, #10802, .T. ) ;
#2877 = CARTESIAN_POINT ( 'NONE',  ( 20.00000000000000355, 5.000000000000000000, 0.000000000000000000 ) ) ;
#2878 = ORIENTED_EDGE ( 'NONE', *, *, #5537, .F. ) ;
#2879 = AXIS2_PLACEMENT_3D ( 'NONE', #2746, #10402, #9458 ) ;
#2880 = DIRECTION ( 'NONE',  ( 0.000000000000000000, 0.000000000000000000, 1.000000000000000000 ) ) ;
#2881 = CARTESIAN_POINT ( 'NONE',  ( -24.99999999999998934, 0.000000000000000000, 5.000000000000000000 ) ) ;
#2882 = VERTEX_POINT ( 'NONE', #5470 ) ;
#2883 = CARTESIAN_POINT ( 'NONE',  ( 10.14589803375031174, -3.000000000000000000, 0.000000000000000000 ) ) ;
#2884 = FACE_OUTER_BOUND ( 'NONE', #742, .T. ) ;
#2885 = DIRECTION ( 'NONE',  ( 1.000000000000000000, 0.000000000000000000, 0.000000000000000000 ) ) ;
#2886 = DIRECTION ( 'NONE',  ( 0.000000000000000000, 0.000000000000000000, 1.000000000000000000 ) ) ;
#2887 = EDGE_CURVE ( 'NONE', #4559, #9737, #8343, .T. ) ;
#2888 = VERTEX_POINT ( 'NONE', #3839 ) ;
#2889 = VECTOR ( 'NONE', #11137, 1000.000000000000000 ) ;
#2890 = VERTEX_POINT ( 'NONE', #6466 ) ;
#2891 = AXIS2_PLACEMENT_3D ( 'NONE', #6667, #4796, #12312 ) ;
#2892 = ORIENTED_EDGE ( 'NONE', *, *, #5991, .F. ) ;
#2893 = EDGE_CURVE ( 'NONE', #6703, #9579, #411, .T. ) ;
#2894 = CARTESIAN_POINT ( 'NONE',  ( 3.818708854640333605, -3.599540352876277716, -2.000000000000000000 ) ) ;
#2895 = ORIENTED_EDGE ( 'NONE', *, *, #272, .F. ) ;
#2896 = CARTESIAN_POINT ( 'NONE',  ( -30.00000000000000000, -29.99999999999999289, 5.000000000000000000 ) ) ;
#2897 = LINE ( 'NONE', #11431, #2640 ) ;
#2898 = VECTOR ( 'NONE', #2141, 1000.000000000000000 ) ;
#2899 = AXIS2_PLACEMENT_3D ( 'NONE', #1532, #12094, #11052 ) ;
#2900 = LINE ( 'NONE', #9488, #7167 ) ;
#2901 = DIRECTION ( 'NONE',  ( 0.000000000000000000, 0.000000000000000000, 1.000000000000000000 ) ) ;
#2902 = EDGE_CURVE ( 'NONE', #2658, #9126, #4801, .T. ) ;
#2903 = CARTESIAN_POINT ( 'NONE',  ( -17.58578643762691485, 7.800000000000001599, 20.80000000000000426 ) ) ;
#2904 = AXIS2_PLACEMENT_3D ( 'NONE', #1264, #3012, #10661 ) ;
#2905 = ORIENTED_EDGE ( 'NONE', *, *, #3442, .F. ) ;
#2906 = ORIENTED_EDGE ( 'NONE', *, *, #970, .T. ) ;
#2907 = EDGE_LOOP ( 'NONE', ( #5096, #2827, #6899, #3246 ) ) ;
#2908 = DIRECTION ( 'NONE',  ( 0.000000000000000000, 0.000000000000000000, 1.000000000000000000 ) ) ;
#2909 = ORIENTED_EDGE ( 'NONE', *, *, #9198, .F. ) ;
#2910 = CARTESIAN_POINT ( 'NONE',  ( 4.074351959469352913, -4.811723299439425006, -2.000000000000000000 ) ) ;
#2911 = EDGE_CURVE ( 'NONE', #2821, #776, #4598, .T. ) ;
#2912 = CARTESIAN_POINT ( 'NONE',  ( 20.00000000000000355, 40.00000000000000000, -17.58578643762690774 ) ) ;
#2913 = DIRECTION ( 'NONE',  ( -0.000000000000000000, -0.000000000000000000, 1.000000000000000000 ) ) ;
#2914 = CARTESIAN_POINT ( 'NONE',  ( -29.99999999999999289, -20.00000000000000000, -0.5000000000000000000 ) ) ;
#2915 = DIRECTION ( 'NONE',  ( 1.000000000000000000, 0.000000000000000000, 0.000000000000000000 ) ) ;
#2916 = CIRCLE ( 'NONE', #10130, 2.500000000000000000 ) ;
#2917 = DIRECTION ( 'NONE',  ( 1.652117596168387263E-16, 0.000000000000000000, 1.000000000000000000 ) ) ;
#2918 = ORIENTED_EDGE ( 'NONE', *, *, #490, .F. ) ;
#2919 = EDGE_CURVE ( 'NONE', #8664, #975, #4007, .T. ) ;
#2920 = ORIENTED_EDGE ( 'NONE', *, *, #5240, .F. ) ;
#2921 = FACE_OUTER_BOUND ( 'NONE', #11453, .T. ) ;
#2922 = LINE ( 'NONE', #11271, #10158 ) ;
#2923 = AXIS2_PLACEMENT_3D ( 'NONE', #4765, #7306, #494 ) ;
#2924 = LINE ( 'NONE', #8743, #11991 ) ;
#2925 = EDGE_LOOP ( 'NONE', ( #712, #6936, #5841, #6113 ) ) ;
#2926 = EDGE_CURVE ( 'NONE', #2099, #3297, #9613, .T. ) ;
#2927 = ADVANCED_FACE ( 'NONE', ( #3598 ), #7461, .T. ) ;
#2928 = FACE_OUTER_BOUND ( 'NONE', #12246, .T. ) ;
#2929 = DIRECTION ( 'NONE',  ( 1.000000000000000000, 0.000000000000000000, 0.000000000000000000 ) ) ;
#2930 = DIRECTION ( 'NONE',  ( -8.260587980841938780E-17, 0.000000000000000000, -1.000000000000000000 ) ) ;
#2931 = CARTESIAN_POINT ( 'NONE',  ( 37.60000000000000853, 3.047372055837125338, -0.5500000000000098144 ) ) ;
#2932 = VECTOR ( 'NONE', #8430, 1000.000000000000000 ) ;
#2933 = ORIENTED_EDGE ( 'NONE', *, *, #4927, .T. ) ;
#2934 = ORIENTED_EDGE ( 'NONE', *, *, #1962, .T. ) ;
#2935 = ORIENTED_EDGE ( 'NONE', *, *, #9390, .T. ) ;
#2936 = DIRECTION ( 'NONE',  ( -1.000000000000000000, 0.000000000000000000, 0.000000000000000000 ) ) ;
#2937 = EDGE_LOOP ( 'NONE', ( #12052, #7735, #8702, #5396 ) ) ;
#2938 = EDGE_CURVE ( 'NONE', #118, #6080, #3409, .T. ) ;
#2939 = EDGE_CURVE ( 'NONE', #12364, #810, #11245, .T. ) ;
#2940 = CIRCLE ( 'NONE', #9957, 0.1499999999999973577 ) ;
#2941 = FACE_BOUND ( 'NONE', #9094, .T. ) ;
#2942 = DIRECTION ( 'NONE',  ( 1.000000000000000000, 0.000000000000000000, 0.000000000000000000 ) ) ;
#2943 = EDGE_LOOP ( 'NONE', ( #2200, #11891, #454, #3060 ) ) ;
#2944 = DIRECTION ( 'NONE',  ( -0.000000000000000000, -0.000000000000000000, -1.000000000000000000 ) ) ;
#2945 = ORIENTED_EDGE ( 'NONE', *, *, #7363, .F. ) ;
#2946 = DIRECTION ( 'NONE',  ( 1.000000000000000000, -9.107298248876816034E-14, 0.000000000000000000 ) ) ;
#2947 = CARTESIAN_POINT ( 'NONE',  ( 3.967618173362242207, -3.581484473009149738, -13.00000000000000000 ) ) ;
#2948 = FACE_OUTER_BOUND ( 'NONE', #1678, .T. ) ;
#2949 = CARTESIAN_POINT ( 'NONE',  ( 21.00000000000000355, 4.000000000000000000, 3.124999999999999556 ) ) ;
#2950 = AXIS2_PLACEMENT_3D ( 'NONE', #3691, #8869, #4913 ) ;
#2951 = VERTEX_POINT ( 'NONE', #11998 ) ;
#2952 = AXIS2_PLACEMENT_3D ( 'NONE', #12014, #11759, #3434 ) ;
#2953 = ORIENTED_EDGE ( 'NONE', *, *, #5450, .F. ) ;
#2954 = LINE ( 'NONE', #10482, #798 ) ;
#2955 = ORIENTED_EDGE ( 'NONE', *, *, #12011, .T. ) ;
#2956 = EDGE_CURVE ( 'NONE', #10915, #6338, #3416, .T. ) ;
#2957 = ADVANCED_FACE ( 'NONE', ( #7524 ), #6526, .T. ) ;
#2958 = DIRECTION ( 'NONE',  ( 1.000000000000000000, 0.000000000000000000, 0.000000000000000000 ) ) ;
#2959 = VECTOR ( 'NONE', #9061, 1000.000000000000114 ) ;
#2960 = DIRECTION ( 'NONE',  ( 0.000000000000000000, 0.000000000000000000, 1.000000000000000000 ) ) ;
#2961 = CIRCLE ( 'NONE', #9369, 1.310500000000000886 ) ;
#2962 = AXIS2_PLACEMENT_3D ( 'NONE', #12056, #1028, #7841 ) ;
#2963 = DIRECTION ( 'NONE',  ( -0.000000000000000000, -0.000000000000000000, -1.000000000000000000 ) ) ;
#2964 = DIRECTION ( 'NONE',  ( 0.000000000000000000, 1.000000000000000000, 0.000000000000000000 ) ) ;
#2965 = DIRECTION ( 'NONE',  ( 1.000000000000000000, 0.000000000000000000, 0.000000000000000000 ) ) ;
#2966 = CIRCLE ( 'NONE', #6967, 6.304999999999999716 ) ;
#2967 = CIRCLE ( 'NONE', #783, 5.000000000000000000 ) ;
#2968 = ORIENTED_EDGE ( 'NONE', *, *, #3639, .T. ) ;
#2969 = AXIS2_PLACEMENT_3D ( 'NONE', #4826, #5701, #8647 ) ;
#2970 = ORIENTED_EDGE ( 'NONE', *, *, #6986, .T. ) ;
#2971 = PRESENTATION_STYLE_ASSIGNMENT (( #1862 ) ) ;
#2972 = ORIENTED_EDGE ( 'NONE', *, *, #1506, .T. ) ;
#2973 = ADVANCED_FACE ( 'NONE', ( #6652, #5711, #3717, #1079, #8466, #9485, #9547, #4894, #11357, #10431, #904, #1905, #4833, #1796, #962 ), #8715, .F. ) ;
#2974 = FACE_OUTER_BOUND ( 'NONE', #10984, .T. ) ;
#2975 = ORIENTED_EDGE ( 'NONE', *, *, #6711, .F. ) ;
#2976 = CARTESIAN_POINT ( 'NONE',  ( 21.00000000000000355, 32.20000000000000284, 18.00000000000001421 ) ) ;
#2977 = DIRECTION ( 'NONE',  ( -1.000000000000000000, 0.000000000000000000, 0.000000000000000000 ) ) ;
#2978 = CIRCLE ( 'NONE', #3988, 0.7999999999999986011 ) ;
#2979 = FACE_BOUND ( 'NONE', #9687, .T. ) ;
#2980 = FACE_OUTER_BOUND ( 'NONE', #11781, .T. ) ;
#2981 = AXIS2_PLACEMENT_3D ( 'NONE', #1247, #2126, #10833 ) ;
#2982 = AXIS2_PLACEMENT_3D ( 'NONE', #7471, #4787, #8726 ) ;
#2983 = PLANE ( 'NONE',  #10017 ) ;
#2984 = PRODUCT_RELATED_PRODUCT_CATEGORY ( 'part', '', ( #536 ) ) ;
#2985 = ADVANCED_FACE ( 'NONE', ( #8526, #11429 ), #8655, .F. ) ;
#2986 = CARTESIAN_POINT ( 'NONE',  ( -6.489999999999496616, 5.500000000000284217, -89.99999999999997158 ) ) ;
#2987 = ORIENTED_EDGE ( 'NONE', *, *, #8553, .T. ) ;
#2988 = CONTEXT_DEPENDENT_SHAPE_REPRESENTATION ( #2795, #5433 ) ;
#2989 = ORIENTED_EDGE ( 'NONE', *, *, #11228, .F. ) ;
#2990 = AXIS2_PLACEMENT_3D ( 'NONE', #2622, #3430, #8185 ) ;
#2991 = CARTESIAN_POINT ( 'NONE',  ( -1.790414966635720750, -5.795282521538791087, -2.000000000000000000 ) ) ;
#2992 = AXIS2_PLACEMENT_3D ( 'NONE', #1161, #1045, #1233 ) ;
#2993 = CIRCLE ( 'NONE', #9568, 0.2799999999999993050 ) ;
#2994 = CARTESIAN_POINT ( 'NONE',  ( -3.784454747031256172, 5.042908611869997948, -13.00000000000000000 ) ) ;
#2995 = EDGE_LOOP ( 'NONE', ( #9125 ) ) ;
#2996 = FACE_OUTER_BOUND ( 'NONE', #4455, .T. ) ;
#2997 = DIRECTION ( 'NONE',  ( -1.000000000000000000, 0.000000000000000000, 0.000000000000000000 ) ) ;
#2998 = PLANE ( 'NONE',  #2288 ) ;
#2999 = CARTESIAN_POINT ( 'NONE',  ( 3.600000000000363798, 10.00000000000000000, -870.0000000000000000 ) ) ;
#3000 = AXIS2_PLACEMENT_3D ( 'NONE', #8851, #5081, #5025 ) ;
#3001 = AXIS2_PLACEMENT_3D ( 'NONE', #10191, #12003, #4423 ) ;
#3002 = ORIENTED_EDGE ( 'NONE', *, *, #930, .T. ) ;
#3003 = EDGE_LOOP ( 'NONE', ( #2274, #1110, #4110, #5155 ) ) ;
#3004 = ORIENTED_EDGE ( 'NONE', *, *, #4814, .T. ) ;
#3005 = PLANE ( 'NONE',  #8351 ) ;
#3006 = ORIENTED_EDGE ( 'NONE', *, *, #4252, .F. ) ;
#3007 = DIRECTION ( 'NONE',  ( -1.000000000000000000, 0.000000000000000000, 0.000000000000000000 ) ) ;
#3008 = CARTESIAN_POINT ( 'NONE',  ( 6.490000000000295977, 5.500000000000284217, -89.99999999999997158 ) ) ;
#3009 = ORIENTED_EDGE ( 'NONE', *, *, #7029, .F. ) ;
#3010 = FACE_OUTER_BOUND ( 'NONE', #11602, .T. ) ;
#3011 = ORIENTED_EDGE ( 'NONE', *, *, #4642, .F. ) ;
#3012 = DIRECTION ( 'NONE',  ( -0.000000000000000000, -0.000000000000000000, 1.000000000000000000 ) ) ;
#3013 = LINE ( 'NONE', #10663, #9988 ) ;
#3014 = CARTESIAN_POINT ( 'NONE',  ( 0.000000000000000000, 41.80000000000000426, 7.799999999999999822 ) ) ;
#3015 = VECTOR ( 'NONE', #7577, 1000.000000000000000 ) ;
#3016 = EDGE_CURVE ( 'NONE', #11293, #8969, #138, .T. ) ;
#3017 = ORIENTED_EDGE ( 'NONE', *, *, #6373, .T. ) ;
#3018 = EDGE_CURVE ( 'NONE', #8404, #7204, #9611, .T. ) ;
#3019 = EDGE_LOOP ( 'NONE', ( #9734 ) ) ;
#3020 = LINE ( 'NONE', #1271, #3791 ) ;
#3021 = EDGE_LOOP ( 'NONE', ( #5785 ) ) ;
#3022 = DIRECTION ( 'NONE',  ( 1.000000000000000000, 0.000000000000000000, 0.000000000000000000 ) ) ;
#3023 = FACE_OUTER_BOUND ( 'NONE', #2305, .T. ) ;
#3024 = AXIS2_PLACEMENT_3D ( 'NONE', #1039, #4045, #2854 ) ;
#3025 = CARTESIAN_POINT ( 'NONE',  ( 3.600000000000363354, 10.00000000000000000, -89.99999999999997158 ) ) ;
#3026 = DIRECTION ( 'NONE',  ( 1.000000000000000000, 0.000000000000000000, 0.000000000000000000 ) ) ;
#3027 = CARTESIAN_POINT ( 'NONE',  ( 0.000000000000000000, 39.89999999999999858, 0.000000000000000000 ) ) ;
#3028 = FACE_OUTER_BOUND ( 'NONE', #9553, .T. ) ;
#3029 = ADVANCED_FACE ( 'NONE', ( #3964 ), #7778, .T. ) ;
#3030 = EDGE_CURVE ( 'NONE', #8517, #8517, #616, .T. ) ;
#3031 = EDGE_CURVE ( 'NONE', #11075, #3275, #76, .T. ) ;
#3032 = VECTOR ( 'NONE', #1353, 1000.000000000000000 ) ;
#3033 = ORIENTED_EDGE ( 'NONE', *, *, #4720, .F. ) ;
#3034 = ORIENTED_EDGE ( 'NONE', *, *, #3052, .T. ) ;
#3035 = CARTESIAN_POINT ( 'NONE',  ( -1.641421356237425577, 39.80000000000000426, 40.35857864376269077 ) ) ;
#3036 = EDGE_LOOP ( 'NONE', ( #7595, #4902, #4109, #11104 ) ) ;
#3037 = CARTESIAN_POINT ( 'NONE',  ( -29.99999999999999289, -20.00000000000000000, 0.000000000000000000 ) ) ;
#3038 = DIRECTION ( 'NONE',  ( 1.000000000000000000, 0.000000000000000000, 0.000000000000000000 ) ) ;
#3039 = CARTESIAN_POINT ( 'NONE',  ( 3.600000000000363798, -10.00000000000000000, -89.99999999999997158 ) ) ;
#3040 = AXIS2_PLACEMENT_3D ( 'NONE', #6025, #6146, #11670 ) ;
#3041 = CARTESIAN_POINT ( 'NONE',  ( -20.70710678118654968, 39.80000000000000426, -18.29289321881346808 ) ) ;
#3042 = LINE ( 'NONE', #11917, #11106 ) ;
#3043 = CARTESIAN_POINT ( 'NONE',  ( 10.14589803375031174, -3.000000000000000000, 5.000000000000000000 ) ) ;
#3044 = CARTESIAN_POINT ( 'NONE',  ( 30.00000000000000711, -20.00000000000000000, -0.5000000000000000000 ) ) ;
#3045 = CARTESIAN_POINT ( 'NONE',  ( -7.999999999999783284, -5.500000000000096811, -89.99999999999997158 ) ) ;
#3046 = EDGE_CURVE ( 'NONE', #6430, #10678, #7599, .T. ) ;
#3047 = ORIENTED_EDGE ( 'NONE', *, *, #9645, .T. ) ;
#3048 = VERTEX_POINT ( 'NONE', #10484 ) ;
#3049 = PRESENTATION_LAYER_ASSIGNMENT (  '', '', ( #2467 ) ) ;
#3050 = DIRECTION ( 'NONE',  ( 0.000000000000000000, 0.000000000000000000, -1.000000000000000000 ) ) ;
#3051 = CARTESIAN_POINT ( 'NONE',  ( -3.599999999999454303, -9.500000000000000000, -89.99999999999997158 ) ) ;
#3052 = EDGE_CURVE ( 'NONE', #2464, #6325, #2216, .T. ) ;
#3053 = ORIENTED_EDGE ( 'NONE', *, *, #10489, .T. ) ;
#3054 = CARTESIAN_POINT ( 'NONE',  ( -20.00000000000000355, 0.000000000000000000, -17.58578643762691840 ) ) ;
#3055 = LINE ( 'NONE', #9829, #4141 ) ;
#3056 = DIRECTION ( 'NONE',  ( -0.7071067811865463515, -0.000000000000000000, -0.7071067811865487940 ) ) ;
#3057 = CARTESIAN_POINT ( 'NONE',  ( -20.80000000000000426, 0.1999999999999987899, -21.00000000000000000 ) ) ;
#3058 = CARTESIAN_POINT ( 'NONE',  ( 11.67830385246264591, -0.4322383295595891295, 1194.000000000000227 ) ) ;
#3059 = VERTEX_POINT ( 'NONE', #3848 ) ;
#3060 = ORIENTED_EDGE ( 'NONE', *, *, #4447, .F. ) ;
#3061 = ORIENTED_EDGE ( 'NONE', *, *, #5722, .T. ) ;
#3062 = FACE_OUTER_BOUND ( 'NONE', #11323, .T. ) ;
#3063 = ORIENTED_EDGE ( 'NONE', *, *, #6527, .F. ) ;
#3064 = CARTESIAN_POINT ( 'NONE',  ( -20.69999999999999574, 8.000000000000000000, -15.47157287525383218 ) ) ;
#3065 = CARTESIAN_POINT ( 'NONE',  ( -5.500000000000000000, 8.000000000000000000, -89.99999999999997158 ) ) ;
#3066 = VERTEX_POINT ( 'NONE', #846 ) ;
#3067 = CARTESIAN_POINT ( 'NONE',  ( -1.878755766203750621, 4.899949473152688029, -2.000000000000000000 ) ) ;
#3068 = VERTEX_POINT ( 'NONE', #4655 ) ;
#3069 = DIRECTION ( 'NONE',  ( -0.000000000000000000, -0.000000000000000000, -1.000000000000000000 ) ) ;
#3070 = EDGE_CURVE ( 'NONE', #1267, #10921, #10815, .T. ) ;
#3071 = CARTESIAN_POINT ( 'NONE',  ( 0.000000000000000000, 0.000000000000000000, -2.000000000000000000 ) ) ;
#3072 = VERTEX_POINT ( 'NONE', #5649 ) ;
#3073 = VERTEX_POINT ( 'NONE', #6774 ) ;
#3074 = VECTOR ( 'NONE', #8835, 1000.000000000000000 ) ;
#3075 = ORIENTED_EDGE ( 'NONE', *, *, #7777, .T. ) ;
#3076 = CARTESIAN_POINT ( 'NONE',  ( -1.790414966635714755, 5.795282521538796416, -2.000000000000000000 ) ) ;
#3077 = VERTEX_POINT ( 'NONE', #10612 ) ;
#3078 = FACE_OUTER_BOUND ( 'NONE', #6178, .T. ) ;
#3079 = DIRECTION ( 'NONE',  ( 0.000000000000000000, 0.000000000000000000, 1.000000000000000000 ) ) ;
#3080 = ADVANCED_FACE ( 'NONE', ( #2279 ), #6081, .T. ) ;
#3081 = DIRECTION ( 'NONE',  ( 1.000000000000000000, 0.000000000000000000, 0.000000000000000000 ) ) ;
#3082 = EDGE_CURVE ( 'NONE', #3048, #1258, #9220, .T. ) ;
#3083 = DIRECTION ( 'NONE',  ( 0.000000000000000000, -0.000000000000000000, -1.000000000000000000 ) ) ;
#3084 = VECTOR ( 'NONE', #488, 1000.000000000000000 ) ;
#3085 = DIRECTION ( 'NONE',  ( -1.000000000000000000, 0.000000000000000000, 0.000000000000000000 ) ) ;
#3086 = CIRCLE ( 'NONE', #10103, 6.304999999999999716 ) ;
#3087 = LINE ( 'NONE', #5031, #10990 ) ;
#3088 = ORIENTED_EDGE ( 'NONE', *, *, #6877, .F. ) ;
#3089 = ORIENTED_EDGE ( 'NONE', *, *, #6747, .T. ) ;
#3090 = LINE ( 'NONE', #5969, #1401 ) ;
#3091 = ORIENTED_EDGE ( 'NONE', *, *, #2293, .T. ) ;
#3092 = VECTOR ( 'NONE', #6422, 1000.000000000000000 ) ;
#3093 = DIRECTION ( 'NONE',  ( 0.000000000000000000, 0.000000000000000000, 1.000000000000000000 ) ) ;
#3094 = AXIS2_PLACEMENT_3D ( 'NONE', #1274, #323, #3265 ) ;
#3095 = EDGE_CURVE ( 'NONE', #11275, #4721, #9407, .T. ) ;
#3096 = DIRECTION ( 'NONE',  ( 1.000000000000000000, 0.000000000000000000, 0.000000000000000000 ) ) ;
#3097 = EDGE_CURVE ( 'NONE', #12270, #7749, #10015, .T. ) ;
#3098 = CARTESIAN_POINT ( 'NONE',  ( -6.489999999999564118, -5.500000000000096811, -870.0000000000000000 ) ) ;
#3099 = FACE_BOUND ( 'NONE', #2600, .T. ) ;
#3100 = CARTESIAN_POINT ( 'NONE',  ( -6.302273656338973851, 0.1853962260019091091, -13.00000000000000000 ) ) ;
#3101 = DIRECTION ( 'NONE',  ( 1.000000000000000000, 0.000000000000000000, 0.000000000000000000 ) ) ;
#3102 = DIRECTION ( 'NONE',  ( 1.000000000000000000, 0.000000000000000000, 0.000000000000000000 ) ) ;
#3103 = VECTOR ( 'NONE', #11871, 1000.000000000000000 ) ;
#3104 = ORIENTED_EDGE ( 'NONE', *, *, #629, .F. ) ;
#3105 = ORIENTED_EDGE ( 'NONE', *, *, #5276, .F. ) ;
#3106 = DIRECTION ( 'NONE',  ( -1.000000000000000000, -0.000000000000000000, 8.260587980841936314E-17 ) ) ;
#3107 = CARTESIAN_POINT ( 'NONE',  ( 2.608811078263817418, 4.665096971974746154, -2.000000000000000000 ) ) ;
#3108 = ORIENTED_EDGE ( 'NONE', *, *, #3519, .T. ) ;
#3109 = ADVANCED_FACE ( 'NONE', ( #2341 ), #4144, .T. ) ;
#3110 = CIRCLE ( 'NONE', #6901, 3.125000000000000000 ) ;
#3111 = CARTESIAN_POINT ( 'NONE',  ( 15.47157287525381797, 32.00000000000000000, 20.70000000000000284 ) ) ;
#3112 = DIRECTION ( 'NONE',  ( -0.000000000000000000, -0.000000000000000000, 1.000000000000000000 ) ) ;
#3113 = DIRECTION ( 'NONE',  ( -0.000000000000000000, -0.000000000000000000, 1.000000000000000000 ) ) ;
#3114 = CYLINDRICAL_SURFACE ( 'NONE', #6183, 0.1999999999999987899 ) ;
#3115 = UNCERTAINTY_MEASURE_WITH_UNIT (LENGTH_MEASURE( 1.000000000000000082E-05 ), #10155, 'distance_accuracy_value', 'NONE');
#3116 = EDGE_CURVE ( 'NONE', #2888, #2888, #3810, .T. ) ;
#3117 = DIRECTION ( 'NONE',  ( -1.896621075632122929E-17, 1.616199264448576314E-16, -1.000000000000000000 ) ) ;
#3118 = ORIENTED_EDGE ( 'NONE', *, *, #6965, .T. ) ;
#3119 = AXIS2_PLACEMENT_3D ( 'NONE', #5437, #1565, #5377 ) ;
#3120 = DIRECTION ( 'NONE',  ( -1.000000000000000000, 0.000000000000000000, 0.000000000000000000 ) ) ;
#3121 = ORIENTED_EDGE ( 'NONE', *, *, #1880, .T. ) ;
#3122 = CARTESIAN_POINT ( 'NONE',  ( -20.56568542494924046, 32.20000000000000284, -18.15147186257615886 ) ) ;
#3123 = CARTESIAN_POINT ( 'NONE',  ( 3.967618173362242207, -3.581484473009149738, -2.000000000000000000 ) ) ;
#3124 = ORIENTED_EDGE ( 'NONE', *, *, #5426, .T. ) ;
#3125 = EDGE_CURVE ( 'NONE', #7326, #9098, #7402, .T. ) ;
#3126 = DIRECTION ( 'NONE',  ( 0.000000000000000000, 0.000000000000000000, 1.000000000000000000 ) ) ;
#3127 = FACE_OUTER_BOUND ( 'NONE', #6193, .T. ) ;
#3128 = VERTEX_POINT ( 'NONE', #10733 ) ;
#3129 = AXIS2_PLACEMENT_3D ( 'NONE', #7122, #2385, #2127 ) ;
#3130 = DIRECTION ( 'NONE',  ( 0.000000000000000000, 0.000000000000000000, -1.000000000000000000 ) ) ;
#3131 = ORIENTED_EDGE ( 'NONE', *, *, #8873, .T. ) ;
#3132 = CARTESIAN_POINT ( 'NONE',  ( -20.99999999999999645, 40.00000000000000000, 21.00000000000000355 ) ) ;
#3133 = AXIS2_PLACEMENT_3D ( 'NONE', #6486, #10326, #2737 ) ;
#3134 = FACE_OUTER_BOUND ( 'NONE', #2575, .T. ) ;
#3135 = EDGE_CURVE ( 'NONE', #120, #2867, #5143, .T. ) ;
#3136 = VERTEX_POINT ( 'NONE', #1207 ) ;
#3137 = ORIENTED_EDGE ( 'NONE', *, *, #5240, .T. ) ;
#3138 = VERTEX_POINT ( 'NONE', #10801 ) ;
#3139 = AXIS2_PLACEMENT_3D ( 'NONE', #11331, #687, #8568 ) ;
#3140 = DIRECTION ( 'NONE',  ( 0.000000000000000000, -0.000000000000000000, -1.000000000000000000 ) ) ;
#3141 = EDGE_LOOP ( 'NONE', ( #466, #7976, #4216, #29 ) ) ;
#3142 = FACE_OUTER_BOUND ( 'NONE', #8704, .T. ) ;
#3143 = DIRECTION ( 'NONE',  ( 1.000000000000000000, 0.000000000000000000, 0.000000000000000000 ) ) ;
#3144 = CARTESIAN_POINT ( 'NONE',  ( 1.583135775599253670, -6.103007956411143908, -13.00000000000000000 ) ) ;
#3145 = PRODUCT_DEFINITION_CONTEXT ( 'detailed design', #3840, 'design' ) ;
#3146 = DIRECTION ( 'NONE',  ( 0.000000000000000000, 0.000000000000000000, 1.000000000000000000 ) ) ;
#3147 = CIRCLE ( 'NONE', #7344, 0.1499999999999990785 ) ;
#3148 = DIRECTION ( 'NONE',  ( 0.000000000000000000, 0.000000000000000000, -1.000000000000000000 ) ) ;
#3149 = VECTOR ( 'NONE', #7613, 1000.000000000000000 ) ;
#3150 = DIRECTION ( 'NONE',  ( -1.000000000000000000, 0.000000000000000000, 0.000000000000000000 ) ) ;
#3151 = VERTEX_POINT ( 'NONE', #395 ) ;
#3152 = ORIENTED_EDGE ( 'NONE', *, *, #10100, .F. ) ;
#3153 = DIRECTION ( 'NONE',  ( 1.000000000000000000, 0.000000000000000000, 0.000000000000000000 ) ) ;
#3154 = ORIENTED_EDGE ( 'NONE', *, *, #9857, .F. ) ;
#3155 = CIRCLE ( 'NONE', #1153, 5.195000000000000284 ) ;
#3156 = VECTOR ( 'NONE', #11671, 1000.000000000000000 ) ;
#3157 = CARTESIAN_POINT ( 'NONE',  ( -4.374567281301043664, 3.071186432206677974, -13.00000000000000000 ) ) ;
#3158 = DIRECTION ( 'NONE',  ( 0.8661855860482726710, 0.4997224534901452131, 0.000000000000000000 ) ) ;
#3159 = CARTESIAN_POINT ( 'NONE',  ( -40.35857864376270498, 39.80000000000000426, 1.641421356237213969 ) ) ;
#3160 = CYLINDRICAL_SURFACE ( 'NONE', #3561, 0.1999999999999987899 ) ;
#3161 = DIRECTION ( 'NONE',  ( 0.000000000000000000, 0.000000000000000000, 1.000000000000000000 ) ) ;
#3162 = CARTESIAN_POINT ( 'NONE',  ( 0.000000000000000000, 40.00000000000000000, 0.000000000000000000 ) ) ;
#3163 = AXIS2_PLACEMENT_3D ( 'NONE', #2877, #6689, #8448 ) ;
#3164 = CARTESIAN_POINT ( 'NONE',  ( 20.80000000000000426, 0.000000000000000000, 17.58578643762692550 ) ) ;
#3165 = CIRCLE ( 'NONE', #8566, 0.2800000000000024691 ) ;
#3166 = ADVANCED_FACE ( 'NONE', ( #6021 ), #3206, .T. ) ;
#3167 = ORIENTED_EDGE ( 'NONE', *, *, #2547, .F. ) ;
#3168 = VERTEX_POINT ( 'NONE', #6891 ) ;
#3169 = CARTESIAN_POINT ( 'NONE',  ( 3.100000000000363798, -8.000000000000000000, -870.0000000000000000 ) ) ;
#3170 = CARTESIAN_POINT ( 'NONE',  ( 25.00000000000000355, 5.000000000000000000, 10.00000000000000000 ) ) ;
#3171 = VECTOR ( 'NONE', #5623, 1000.000000000000000 ) ;
#3172 = ORIENTED_EDGE ( 'NONE', *, *, #12128, .F. ) ;
#3173 = CIRCLE ( 'NONE', #4983, 0.2799999999999990274 ) ;
#3174 = MECHANICAL_DESIGN_GEOMETRIC_PRESENTATION_REPRESENTATION (  '', ( #180 ), #9997 ) ;
#3175 = CARTESIAN_POINT ( 'NONE',  ( 22.20000000000000284, 4.000000000000000000, -2.377745136066868426E-16 ) ) ;
#3176 = LINE ( 'NONE', #8060, #6140 ) ;
#3177 = CARTESIAN_POINT ( 'NONE',  ( 20.80000000000000426, 7.800000000000001599, -21.00000000000000355 ) ) ;
#3178 = DIRECTION ( 'NONE',  ( 1.000000000000000000, 0.000000000000000000, 0.000000000000000000 ) ) ;
#3179 = DIRECTION ( 'NONE',  ( 1.000000000000000000, 0.000000000000000000, 0.000000000000000000 ) ) ;
#3180 = DIRECTION ( 'NONE',  ( 7.068998164605207878E-17, -0.9999999999999998890, 1.387778780781404260E-16 ) ) ;
#3181 = VECTOR ( 'NONE', #12126, 1000.000000000000000 ) ;
#3182 = EDGE_CURVE ( 'NONE', #3232, #6463, #1431, .T. ) ;
#3183 = VECTOR ( 'NONE', #2149, 1000.000000000000000 ) ;
#3184 = ORIENTED_EDGE ( 'NONE', *, *, #6169, .F. ) ;
#3185 = ADVANCED_FACE ( 'NONE', ( #11853 ), #9981, .F. ) ;
#3186 = CARTESIAN_POINT ( 'NONE',  ( 0.000000000000000000, 0.000000000000000000, -13.00000000000000000 ) ) ;
#3187 = ORIENTED_EDGE ( 'NONE', *, *, #9732, .T. ) ;
#3188 = DIRECTION ( 'NONE',  ( -0.000000000000000000, -0.000000000000000000, 1.000000000000000000 ) ) ;
#3189 = ORIENTED_EDGE ( 'NONE', *, *, #2836, .T. ) ;
#3190 = APPLICATION_CONTEXT ( 'automotive_design' ) ;
#3191 = DIRECTION ( 'NONE',  ( 0.000000000000000000, 0.000000000000000000, 1.000000000000000000 ) ) ;
#3192 = CYLINDRICAL_SURFACE ( 'NONE', #8106, 0.1999999999999987899 ) ;
#3193 = ORIENTED_EDGE ( 'NONE', *, *, #3589, .T. ) ;
#3194 = CIRCLE ( 'NONE', #2611, 5.195000000000000284 ) ;
#3195 = VECTOR ( 'NONE', #8174, 1000.000000000000000 ) ;
#3196 = CARTESIAN_POINT ( 'NONE',  ( -17.58578643762691485, 40.00000000000000000, 20.80000000000000426 ) ) ;
#3197 = ORIENTED_EDGE ( 'NONE', *, *, #9554, .F. ) ;
#3198 = CARTESIAN_POINT ( 'NONE',  ( 3.100000000000363798, -9.500000000000000000, -870.0000000000000000 ) ) ;
#3199 = CARTESIAN_POINT ( 'NONE',  ( 5.000000000000000000, 0.000000000000000000, -14.50000000000000000 ) ) ;
#3200 = ORIENTED_EDGE ( 'NONE', *, *, #5138, .T. ) ;
#3201 = ADVANCED_FACE ( 'NONE', ( #3078 ), #7080, .T. ) ;
#3202 = AXIS2_PLACEMENT_3D ( 'NONE', #1024, #6709, #7596 ) ;
#3203 = ORIENTED_EDGE ( 'NONE', *, *, #1494, .F. ) ;
#3204 = CARTESIAN_POINT ( 'NONE',  ( -8.500000000000000000, 10.00000000000000000, -870.0000000000000000 ) ) ;
#3205 = ORIENTED_EDGE ( 'NONE', *, *, #272, .T. ) ;
#3206 = CYLINDRICAL_SURFACE ( 'NONE', #200, 1.000000000000000888 ) ;
#3207 = EDGE_CURVE ( 'NONE', #9751, #1861, #322, .T. ) ;
#3208 = CARTESIAN_POINT ( 'NONE',  ( 17.58578643762691129, 0.000000000000000000, 20.00000000000000000 ) ) ;
#3209 = ORIENTED_EDGE ( 'NONE', *, *, #5991, .T. ) ;
#3210 = DIRECTION ( 'NONE',  ( 0.000000000000000000, 0.000000000000000000, 1.000000000000000000 ) ) ;
#3211 = CIRCLE ( 'NONE', #11617, 0.1499999999999956368 ) ;
#3212 = DIRECTION ( 'NONE',  ( -0.000000000000000000, -0.000000000000000000, -1.000000000000000000 ) ) ;
#3213 = CARTESIAN_POINT ( 'NONE',  ( 3.414628852343120968, -5.013102338667358104, -13.00000000000000000 ) ) ;
#3214 = UNCERTAINTY_MEASURE_WITH_UNIT (LENGTH_MEASURE( 1.000000000000000082E-05 ), #8690, 'distance_accuracy_value', 'NONE');
#3215 = FACE_OUTER_BOUND ( 'NONE', #3842, .T. ) ;
#3216 = ORIENTED_EDGE ( 'NONE', *, *, #507, .T. ) ;
#3217 = ORIENTED_EDGE ( 'NONE', *, *, #3613, .F. ) ;
#3218 = EDGE_LOOP ( 'NONE', ( #12078, #4719, #8042, #897 ) ) ;
#3219 = ORIENTED_EDGE ( 'NONE', *, *, #564, .T. ) ;
#3220 = AXIS2_PLACEMENT_3D ( 'NONE', #9562, #982, #2046 ) ;
#3221 = DIRECTION ( 'NONE',  ( -0.7071067811865495711, -0.000000000000000000, 0.7071067811865454633 ) ) ;
#3222 = VERTEX_POINT ( 'NONE', #9039 ) ;
#3223 = CYLINDRICAL_SURFACE ( 'NONE', #9211, 11.00000000000000000 ) ;
#3224 = DIRECTION ( 'NONE',  ( -0.000000000000000000, -0.000000000000000000, 1.000000000000000000 ) ) ;
#3225 = CARTESIAN_POINT ( 'NONE',  ( 0.000000000000000000, 0.000000000000000000, -13.00000000000000000 ) ) ;
#3226 = CARTESIAN_POINT ( 'NONE',  ( -18.29289321881345387, 7.800000000000000711, -20.70710678118654968 ) ) ;
#3227 = CARTESIAN_POINT ( 'NONE',  ( 17.58578643762691840, 0.1999999999999987899, -21.00000000000000355 ) ) ;
#3228 = ADVANCED_FACE ( 'NONE', ( #3142 ), #1273, .T. ) ;
#3229 = CARTESIAN_POINT ( 'NONE',  ( -5.251577878682485157, 3.035097204594769060, -13.00000000000000000 ) ) ;
#3230 = AXIS2_PLACEMENT_3D ( 'NONE', #6467, #3533, #4421 ) ;
#3231 = CARTESIAN_POINT ( 'NONE',  ( -0.000000000000000000, -28.00000000000000000, 0.000000000000000000 ) ) ;
#3232 = VERTEX_POINT ( 'NONE', #10669 ) ;
#3233 = ORIENTED_EDGE ( 'NONE', *, *, #4858, .T. ) ;
#3234 = CARTESIAN_POINT ( 'NONE',  ( -3.899999999999465228, 0.5200000000001527845, -89.99999999999997158 ) ) ;
#3235 = CARTESIAN_POINT ( 'NONE',  ( 17.58578643762690064, 40.00000000000000000, 20.80000000000000426 ) ) ;
#3236 = VECTOR ( 'NONE', #8513, 1000.000000000000000 ) ;
#3237 = ORIENTED_EDGE ( 'NONE', *, *, #12358, .F. ) ;
#3238 = DIRECTION ( 'NONE',  ( 0.000000000000000000, -0.000000000000000000, -1.000000000000000000 ) ) ;
#3239 = CARTESIAN_POINT ( 'NONE',  ( 0.000000000000000000, 0.000000000000000000, -13.00000000000000000 ) ) ;
#3240 = ADVANCED_FACE ( 'NONE', ( #2087 ), #9724, .T. ) ;
#3241 = CARTESIAN_POINT ( 'NONE',  ( 3.818708854640333161, 3.599540352876267946, -2.000000000000000000 ) ) ;
#3242 = DIRECTION ( 'NONE',  ( -0.7071067811865474617, 0.000000000000000000, 0.7071067811865474617 ) ) ;
#3243 = ADVANCED_FACE ( 'NONE', ( #6212 ), #3400, .F. ) ;
#3244 = DIRECTION ( 'NONE',  ( 0.6538892368706066271, 1.512214130803405991E-16, 0.7565902893275696650 ) ) ;
#3245 = VECTOR ( 'NONE', #9474, 1000.000000000000000 ) ;
#3246 = ORIENTED_EDGE ( 'NONE', *, *, #12023, .F. ) ;
#3247 = DIRECTION ( 'NONE',  ( -0.7071067811865495711, 0.000000000000000000, 0.7071067811865454633 ) ) ;
#3248 = ORIENTED_EDGE ( 'NONE', *, *, #8641, .F. ) ;
#3249 = CARTESIAN_POINT ( 'NONE',  ( 0.000000000000000000, 0.000000000000000000, -13.00000000000000178 ) ) ;
#3250 = EDGE_LOOP ( 'NONE', ( #5829 ) ) ;
#3251 = DIRECTION ( 'NONE',  ( -0.000000000000000000, -0.000000000000000000, -1.000000000000000000 ) ) ;
#3252 = DIRECTION ( 'NONE',  ( 0.000000000000000000, -1.000000000000000000, 0.000000000000000000 ) ) ;
#3253 = ORIENTED_EDGE ( 'NONE', *, *, #3268, .F. ) ;
#3254 = EDGE_CURVE ( 'NONE', #3431, #8678, #585, .T. ) ;
#3255 = DIRECTION ( 'NONE',  ( -0.000000000000000000, -0.000000000000000000, -1.000000000000000000 ) ) ;
#3256 = FACE_BOUND ( 'NONE', #12234, .T. ) ;
#3257 = EDGE_CURVE ( 'NONE', #979, #11855, #8328, .T. ) ;
#3258 = CARTESIAN_POINT ( 'NONE',  ( 21.00000000000000355, 0.1999999999999987899, -17.58578643762690774 ) ) ;
#3259 = CARTESIAN_POINT ( 'NONE',  ( 8.000000000000000000, 0.000000000000000000, -0.5000000000000004441 ) ) ;
#3260 = VERTEX_POINT ( 'NONE', #4574 ) ;
#3261 = VERTEX_POINT ( 'NONE', #646 ) ;
#3262 = DIRECTION ( 'NONE',  ( 0.000000000000000000, 0.000000000000000000, 1.000000000000000000 ) ) ;
#3263 = ORIENTED_EDGE ( 'NONE', *, *, #2, .F. ) ;
#3264 = DIRECTION ( 'NONE',  ( -0.7071067811865475727, -0.000000000000000000, -0.7071067811865475727 ) ) ;
#3265 = DIRECTION ( 'NONE',  ( 0.000000000000000000, 0.000000000000000000, 1.000000000000000000 ) ) ;
#3266 = ORIENTED_EDGE ( 'NONE', *, *, #206, .T. ) ;
#3267 = CARTESIAN_POINT ( 'NONE',  ( -6.489999999999496616, 5.500000000000284217, -870.0000000000000000 ) ) ;
#3268 = EDGE_CURVE ( 'NONE', #5642, #5142, #5221, .T. ) ;
#3269 = DIRECTION ( 'NONE',  ( -0.000000000000000000, -0.000000000000000000, -1.000000000000000000 ) ) ;
#3270 = DIRECTION ( 'NONE',  ( 0.000000000000000000, 0.000000000000000000, 1.000000000000000000 ) ) ;
#3271 = DIRECTION ( 'NONE',  ( 0.000000000000000000, 0.000000000000000000, 1.000000000000000000 ) ) ;
#3272 = LINE ( 'NONE', #7090, #8178 ) ;
#3273 = AXIS2_PLACEMENT_3D ( 'NONE', #1462, #4449, #6131 ) ;
#3274 = VERTEX_POINT ( 'NONE', #5275 ) ;
#3275 = VERTEX_POINT ( 'NONE', #5334 ) ;
#3276 = CIRCLE ( 'NONE', #5677, 0.2000000000000002887 ) ;
#3277 = ADVANCED_FACE ( 'NONE', ( #8215, #2587, #6391 ), #9231, .T. ) ;
#3278 = ORIENTED_EDGE ( 'NONE', *, *, #490, .T. ) ;
#3279 = ORIENTED_EDGE ( 'NONE', *, *, #9239, .F. ) ;
#3280 = CARTESIAN_POINT ( 'NONE',  ( 3.100000000000363798, -9.500000000000000000, -870.0000000000000000 ) ) ;
#3281 = VERTEX_POINT ( 'NONE', #12038 ) ;
#3282 = CARTESIAN_POINT ( 'NONE',  ( -2.910000000000131148, 3.900000000000266809, -89.99999999999997158 ) ) ;
#3283 = FACE_OUTER_BOUND ( 'NONE', #12305, .T. ) ;
#3284 = AXIS2_PLACEMENT_3D ( 'NONE', #1180, #7680, #9886 ) ;
#3285 = ADVANCED_FACE ( 'NONE', ( #7145, #5511 ), #10230, .F. ) ;
#3286 = DIRECTION ( 'NONE',  ( 0.7071067811865459074, 0.000000000000000000, 0.7071067811865491270 ) ) ;
#3287 = DIRECTION ( 'NONE',  ( -0.000000000000000000, 1.000000000000000000, 0.000000000000000000 ) ) ;
#3288 = CARTESIAN_POINT ( 'NONE',  ( -5.251577878682484268, -3.035097204594767728, -2.000000000000000000 ) ) ;
#3289 = CARTESIAN_POINT ( 'NONE',  ( 2.910000000000487308, 3.900000000000267697, -870.0000000000000000 ) ) ;
#3290 = LINE ( 'NONE', #7108, #2741 ) ;
#3291 = VECTOR ( 'NONE', #12013, 1000.000000000000114 ) ;
#3292 = ORIENTED_EDGE ( 'NONE', *, *, #4224, .F. ) ;
#3293 = EDGE_LOOP ( 'NONE', ( #8408, #2465, #10741, #7048 ) ) ;
#3294 = CIRCLE ( 'NONE', #11117, 2.500000000000000000 ) ;
#3295 = CARTESIAN_POINT ( 'NONE',  ( -5.502858276596624520, 2.453400861598449723, -13.00000000000000000 ) ) ;
#3296 = CARTESIAN_POINT ( 'NONE',  ( 0.000000000000000000, 24.99999999999999645, 5.000000000000000000 ) ) ;
#3297 = VERTEX_POINT ( 'NONE', #7216 ) ;
#3298 = CARTESIAN_POINT ( 'NONE',  ( 10.00000000000000000, 8.500000000000000000, -870.0000000000000000 ) ) ;
#3299 = DIRECTION ( 'NONE',  ( -1.000000000000000000, 0.000000000000000000, 0.000000000000000000 ) ) ;
#3300 = CARTESIAN_POINT ( 'NONE',  ( 3.818708854640333605, -3.599540352876277716, -13.00000000000000000 ) ) ;
#3301 = AXIS2_PLACEMENT_3D ( 'NONE', #2703, #6696, #12280 ) ;
#3302 = CARTESIAN_POINT ( 'NONE',  ( 5.128648328663931721, 1.505321002607962200, -13.00000000000000000 ) ) ;
#3303 = AXIS2_PLACEMENT_3D ( 'NONE', #5697, #11282, #889 ) ;
#3304 = CARTESIAN_POINT ( 'NONE',  ( 0.000000000000000000, 0.000000000000000000, -2.000000000000000000 ) ) ;
#3305 = DIRECTION ( 'NONE',  ( 0.6760857683187473377, 1.500472136470567347E-16, 0.7368229325128589080 ) ) ;
#3306 = ORIENTED_EDGE ( 'NONE', *, *, #2956, .F. ) ;
#3307 = CARTESIAN_POINT ( 'NONE',  ( -3.967618173362246647, 3.581484473009152847, -13.00000000000000000 ) ) ;
#3308 = EDGE_LOOP ( 'NONE', ( #5650 ) ) ;
#3309 = ADVANCED_FACE ( 'NONE', ( #3459, #10987 ), #12093, .F. ) ;
#3310 = DIRECTION ( 'NONE',  ( 1.000000000000000000, 0.000000000000000000, 0.000000000000000000 ) ) ;
#3311 = ORIENTED_EDGE ( 'NONE', *, *, #92, .T. ) ;
#3312 = FACE_OUTER_BOUND ( 'NONE', #4802, .T. ) ;
#3313 = CARTESIAN_POINT ( 'NONE',  ( -17.58578643762691485, 39.80000000000000426, 20.00000000000000355 ) ) ;
#3314 = VERTEX_POINT ( 'NONE', #1475 ) ;
#3315 = FACE_OUTER_BOUND ( 'NONE', #1440, .T. ) ;
#3316 = DIRECTION ( 'NONE',  ( -0.000000000000000000, -0.000000000000000000, 1.000000000000000000 ) ) ;
#3317 = DIRECTION ( 'NONE',  ( 0.000000000000000000, 0.000000000000000000, -1.000000000000000000 ) ) ;
#3318 = CIRCLE ( 'NONE', #2723, 0.1499999999999999667 ) ;
#3319 = VERTEX_POINT ( 'NONE', #8141 ) ;
#3320 = ORIENTED_EDGE ( 'NONE', *, *, #11804, .T. ) ;
#3321 = ADVANCED_FACE ( 'NONE', ( #10287, #10048 ), #4459, .T. ) ;
#3322 = ADVANCED_FACE ( 'NONE', ( #2470 ), #4420, .T. ) ;
#3323 = ORIENTED_EDGE ( 'NONE', *, *, #10526, .T. ) ;
#3324 = EDGE_CURVE ( 'NONE', #9881, #1724, #6329, .T. ) ;
#3325 = CARTESIAN_POINT ( 'NONE',  ( -20.80000000000000071, 40.00000000000000000, 17.58578643762692195 ) ) ;
#3326 = CARTESIAN_POINT ( 'NONE',  ( -20.00000000000000355, 0.1999999999999987899, -17.58578643762691840 ) ) ;
#3327 = VERTEX_POINT ( 'NONE', #5455 ) ;
#3328 = AXIS2_PLACEMENT_3D ( 'NONE', #11116, #10054, #2533 ) ;
#3329 = DIRECTION ( 'NONE',  ( -0.000000000000000000, 0.000000000000000000, 1.000000000000000000 ) ) ;
#3330 = DIRECTION ( 'NONE',  ( 1.000000000000000000, 0.000000000000000000, 0.000000000000000000 ) ) ;
#3331 = ORIENTED_EDGE ( 'NONE', *, *, #10463, .F. ) ;
#3332 = FACE_OUTER_BOUND ( 'NONE', #1365, .T. ) ;
#3333 = CYLINDRICAL_SURFACE ( 'NONE', #6480, 1.499999999999999556 ) ;
#3334 = CARTESIAN_POINT ( 'NONE',  ( -9.500000000000000000, -3.599999999999909051, -870.0000000000000000 ) ) ;
#3335 = CARTESIAN_POINT ( 'NONE',  ( 8.000000000000216716, 5.500000000000284217, -89.99999999999997158 ) ) ;
#3336 = DIRECTION ( 'NONE',  ( -0.000000000000000000, -0.000000000000000000, -1.000000000000000000 ) ) ;
#3337 = ORIENTED_EDGE ( 'NONE', *, *, #493, .F. ) ;
#3338 = VECTOR ( 'NONE', #3675, 1000.000000000000000 ) ;
#3339 = EDGE_LOOP ( 'NONE', ( #9920 ) ) ;
#3340 = EDGE_CURVE ( 'NONE', #5680, #11757, #210, .T. ) ;
#3341 = VERTEX_POINT ( 'NONE', #2646 ) ;
#3342 = EDGE_CURVE ( 'NONE', #2524, #8608, #6450, .T. ) ;
#3343 = ORIENTED_EDGE ( 'NONE', *, *, #11551, .F. ) ;
#3344 = DIRECTION ( 'NONE',  ( 0.000000000000000000, 0.000000000000000000, 1.000000000000000000 ) ) ;
#3345 = ORIENTED_EDGE ( 'NONE', *, *, #11592, .T. ) ;
#3346 = DIRECTION ( 'NONE',  ( -0.000000000000000000, 1.000000000000000000, 0.000000000000000000 ) ) ;
#3347 = CIRCLE ( 'NONE', #9582, 0.1499999999999969136 ) ;
#3348 = CARTESIAN_POINT ( 'NONE',  ( 17.58578643762691129, 39.80000000000000426, 20.80000000000000426 ) ) ;
#3349 = AXIS2_PLACEMENT_3D ( 'NONE', #3877, #7868, #2997 ) ;
#3350 = DIRECTION ( 'NONE',  ( -1.000000000000000000, 0.000000000000000000, 0.000000000000000000 ) ) ;
#3351 = DIRECTION ( 'NONE',  ( -0.000000000000000000, -0.000000000000000000, 1.000000000000000000 ) ) ;
#3352 = CARTESIAN_POINT ( 'NONE',  ( -8.000000000000000000, -3.099999999999909051, -89.99999999999997158 ) ) ;
#3353 = DIRECTION ( 'NONE',  ( 0.000000000000000000, -1.000000000000000000, 0.000000000000000000 ) ) ;
#3354 = CARTESIAN_POINT ( 'NONE',  ( -1.790414966635720750, -5.795282521538791087, -13.00000000000000000 ) ) ;
#3355 = AXIS2_PLACEMENT_3D ( 'NONE', #7949, #5135, #6136 ) ;
#3356 = AXIS2_PLACEMENT_3D ( 'NONE', #1695, #6492, #4556 ) ;
#3357 = ORIENTED_EDGE ( 'NONE', *, *, #1961, .T. ) ;
#3358 = AXIS2_PLACEMENT_3D ( 'NONE', #7302, #4669, #6483 ) ;
#3359 = ADVANCED_FACE ( 'NONE', ( #9099 ), #6691, .T. ) ;
#3360 = ORIENTED_EDGE ( 'NONE', *, *, #8221, .T. ) ;
#3361 = DIRECTION ( 'NONE',  ( 0.000000000000000000, 0.000000000000000000, -1.000000000000000000 ) ) ;
#3362 = DIRECTION ( 'NONE',  ( 1.000000000000000000, 0.000000000000000000, -8.260587980841936314E-17 ) ) ;
#3363 = VERTEX_POINT ( 'NONE', #10528 ) ;
#3364 = EDGE_CURVE ( 'NONE', #2841, #1482, #4820, .T. ) ;
#3365 = DIRECTION ( 'NONE',  ( -1.000000000000000000, 0.000000000000000000, 0.000000000000000000 ) ) ;
#3366 = AXIS2_PLACEMENT_3D ( 'NONE', #10715, #6935, #8698 ) ;
#3367 = LINE ( 'NONE', #4370, #12354 ) ;
#3368 = DIRECTION ( 'NONE',  ( -0.000000000000000000, -0.000000000000000000, 1.000000000000000000 ) ) ;
#3369 = AXIS2_PLACEMENT_3D ( 'NONE', #7412, #11366, #2786 ) ;
#3370 = DIRECTION ( 'NONE',  ( -0.000000000000000000, -0.000000000000000000, 1.000000000000000000 ) ) ;
#3371 = AXIS2_PLACEMENT_3D ( 'NONE', #11432, #140, #2844 ) ;
#3372 = CARTESIAN_POINT ( 'NONE',  ( 0.000000000000000000, 0.000000000000000000, -13.00000000000000000 ) ) ;
#3373 = EDGE_CURVE ( 'NONE', #11421, #11421, #3618, .T. ) ;
#3374 = APPLICATION_PROTOCOL_DEFINITION ( 'draft international standard', 'automotive_design', 1998, #3840 ) ;
#3375 = VERTEX_POINT ( 'NONE', #9593 ) ;
#3376 = CARTESIAN_POINT ( 'NONE',  ( -17.58578643762690774, 40.00000000000000000, -20.80000000000000071 ) ) ;
#3377 =( GEOMETRIC_REPRESENTATION_CONTEXT ( 3 ) GLOBAL_UNCERTAINTY_ASSIGNED_CONTEXT ( ( #10238 ) ) GLOBAL_UNIT_ASSIGNED_CONTEXT ( ( #2817, #8754, #4812 ) ) REPRESENTATION_CONTEXT ( 'NONE', 'WORKASPACE' ) );
#3378 = VECTOR ( 'NONE', #5901, 1000.000000000000000 ) ;
#3379 = VERTEX_POINT ( 'NONE', #829 ) ;
#3380 = AXIS2_PLACEMENT_3D ( 'NONE', #4700, #2022, #8515 ) ;
#3381 = PLANE ( 'NONE',  #8773 ) ;
#3382 = ORIENTED_EDGE ( 'NONE', *, *, #5912, .T. ) ;
#3383 = LINE ( 'NONE', #4387, #8619 ) ;
#3384 = DIRECTION ( 'NONE',  ( 0.000000000000000000, -1.000000000000000000, -0.000000000000000000 ) ) ;
#3385 = ORIENTED_EDGE ( 'NONE', *, *, #10243, .F. ) ;
#3386 =( NAMED_UNIT ( * ) PLANE_ANGLE_UNIT ( ) SI_UNIT ( $, .RADIAN. ) );
#3387 = CARTESIAN_POINT ( 'NONE',  ( -2.000000000000000888, 63.81276047633943449, -1.312065872767624430 ) ) ;
#3388 = CIRCLE ( 'NONE', #9791, 5.195000000000000284 ) ;
#3389 = DIRECTION ( 'NONE',  ( 0.000000000000000000, 0.000000000000000000, -1.000000000000000000 ) ) ;
#3390 = CIRCLE ( 'NONE', #2400, 0.1500000000000013822 ) ;
#3391 = AXIS2_PLACEMENT_3D ( 'NONE', #136, #1473, #5331 ) ;
#3392 = EDGE_CURVE ( 'NONE', #6239, #9326, #7212, .T. ) ;
#3393 = VERTEX_POINT ( 'NONE', #1329 ) ;
#3394 = ORIENTED_EDGE ( 'NONE', *, *, #11029, .F. ) ;
#3395 = VERTEX_POINT ( 'NONE', #1065 ) ;
#3396 = CIRCLE ( 'NONE', #10406, 1.975000000000000089 ) ;
#3397 = FACE_OUTER_BOUND ( 'NONE', #3875, .T. ) ;
#3398 = EDGE_LOOP ( 'NONE', ( #642, #1915, #2013, #5520 ) ) ;
#3399 = VECTOR ( 'NONE', #4911, 1000.000000000000000 ) ;
#3400 = PLANE ( 'NONE',  #1217 ) ;
#3401 = FACE_OUTER_BOUND ( 'NONE', #4272, .T. ) ;
#3402 = ORIENTED_EDGE ( 'NONE', *, *, #4145, .F. ) ;
#3403 = CARTESIAN_POINT ( 'NONE',  ( -10.14589803375031529, 0.000000000000000000, 0.000000000000000000 ) ) ;
#3404 = DIRECTION ( 'NONE',  ( 1.000000000000000000, 0.000000000000000000, 0.000000000000000000 ) ) ;
#3405 = EDGE_CURVE ( 'NONE', #6342, #4201, #1438, .T. ) ;
#3406 = FACE_OUTER_BOUND ( 'NONE', #2018, .T. ) ;
#3407 = EDGE_CURVE ( 'NONE', #10166, #12050, #8452, .T. ) ;
#3408 = PLANE ( 'NONE',  #10579 ) ;
#3409 = CIRCLE ( 'NONE', #4411, 1.974999999999969447 ) ;
#3410 = EDGE_LOOP ( 'NONE', ( #11989, #12106, #2724, #2056, #4903, #8907 ) ) ;
#3411 = ORIENTED_EDGE ( 'NONE', *, *, #5383, .T. ) ;
#3412 = EDGE_LOOP ( 'NONE', ( #5108, #4936, #9960, #1963 ) ) ;
#3413 = ORIENTED_EDGE ( 'NONE', *, *, #4916, .F. ) ;
#3414 = LINE ( 'NONE', #2660, #4395 ) ;
#3415 = VERTEX_POINT ( 'NONE', #10348 ) ;
#3416 = LINE ( 'NONE', #2032, #8002 ) ;
#3417 = VECTOR ( 'NONE', #9343, 1000.000000000000000 ) ;
#3418 = FACE_BOUND ( 'NONE', #1286, .T. ) ;
#3419 = CARTESIAN_POINT ( 'NONE',  ( 6.665645171607498476, -0.5213160713288672587, -2.000000000000000000 ) ) ;
#3420 = ADVANCED_FACE ( 'NONE', ( #2941, #8579 ), #1776, .F. ) ;
#3421 = FACE_OUTER_BOUND ( 'NONE', #1994, .T. ) ;
#3422 = EDGE_CURVE ( 'NONE', #6061, #10217, #2027, .T. ) ;
#3423 = DIRECTION ( 'NONE',  ( 0.000000000000000000, -0.000000000000000000, 1.000000000000000000 ) ) ;
#3424 = ADVANCED_FACE ( 'NONE', ( #887 ), #10425, .T. ) ;
#3425 = CARTESIAN_POINT ( 'NONE',  ( -20.80000000000000071, 40.00000000000000000, 17.58578643762692195 ) ) ;
#3426 = VECTOR ( 'NONE', #11039, 1000.000000000000000 ) ;
#3427 = ORIENTED_EDGE ( 'NONE', *, *, #9074, .T. ) ;
#3428 = ORIENTED_EDGE ( 'NONE', *, *, #11105, .T. ) ;
#3429 = LINE ( 'NONE', #10133, #4962 ) ;
#3430 = DIRECTION ( 'NONE',  ( 0.000000000000000000, -1.000000000000000000, 0.000000000000000000 ) ) ;
#3431 = VERTEX_POINT ( 'NONE', #2762 ) ;
#3432 = DIRECTION ( 'NONE',  ( -0.000000000000000000, 1.000000000000000000, 0.000000000000000000 ) ) ;
#3433 = VECTOR ( 'NONE', #720, 1000.000000000000000 ) ;
#3434 = DIRECTION ( 'NONE',  ( -0.7071067811865474617, 0.000000000000000000, 0.7071067811865474617 ) ) ;
#3435 = LINE ( 'NONE', #11204, #5875 ) ;
#3436 = LINE ( 'NONE', #7120, #1199 ) ;
#3437 = ADVANCED_FACE ( 'NONE', ( #12216 ), #10593, .T. ) ;
#3438 = DIRECTION ( 'NONE',  ( 0.000000000000000000, -1.000000000000000000, 0.000000000000000000 ) ) ;
#3439 =( REPRESENTATION_RELATIONSHIP ('NONE','NONE', #2684, #6840 ) REPRESENTATION_RELATIONSHIP_WITH_TRANSFORMATION ( #5620 )SHAPE_REPRESENTATION_RELATIONSHIP( ) );
#3440 = SHAPE_DEFINITION_REPRESENTATION ( #6424, #11466 ) ;
#3441 = VERTEX_POINT ( 'NONE', #3640 ) ;
#3442 = EDGE_CURVE ( 'NONE', #4768, #4768, #10032, .T. ) ;
#3443 = AXIS2_PLACEMENT_3D ( 'NONE', #209, #7840, #3081 ) ;
#3444 = DIRECTION ( 'NONE',  ( 0.000000000000000000, 0.000000000000000000, 1.000000000000000000 ) ) ;
#3445 = CARTESIAN_POINT ( 'NONE',  ( 18.29289321881345742, 7.800000000000000711, 20.70710678118654968 ) ) ;
#3446 = ORIENTED_EDGE ( 'NONE', *, *, #5255, .T. ) ;
#3447 = DIRECTION ( 'NONE',  ( 0.000000000000000000, 0.000000000000000000, -1.000000000000000000 ) ) ;
#3448 = CARTESIAN_POINT ( 'NONE',  ( 0.9013707041225502703, 5.998201072901428788, -2.000000000000000000 ) ) ;
#3449 = ORIENTED_EDGE ( 'NONE', *, *, #9224, .F. ) ;
#3450 =( NAMED_UNIT ( * ) SI_UNIT ( $, .STERADIAN. ) SOLID_ANGLE_UNIT ( ) );
#3451 = DIRECTION ( 'NONE',  ( -1.652117596168387263E-16, 0.000000000000000000, -1.000000000000000000 ) ) ;
#3452 = CIRCLE ( 'NONE', #4838, 1.000000000000000888 ) ;
#3453 = DIRECTION ( 'NONE',  ( -0.7071067811865475727, -0.000000000000000000, -0.7071067811865475727 ) ) ;
#3454 =( LENGTH_UNIT ( ) NAMED_UNIT ( * ) SI_UNIT ( .MILLI., .METRE. ) );
#3455 = ORIENTED_EDGE ( 'NONE', *, *, #6473, .F. ) ;
#3456 = ORIENTED_EDGE ( 'NONE', *, *, #4861, .T. ) ;
#3457 = CARTESIAN_POINT ( 'NONE',  ( -5.758592769118958898, -2.567417831100121006, -13.00000000000000000 ) ) ;
#3458 = ORIENTED_EDGE ( 'NONE', *, *, #3855, .T. ) ;
#3459 = FACE_BOUND ( 'NONE', #10117, .T. ) ;
#3460 = EDGE_CURVE ( 'NONE', #3128, #9129, #11223, .T. ) ;
#3461 = DIRECTION ( 'NONE',  ( 0.000000000000000000, -1.000000000000000000, 0.000000000000000000 ) ) ;
#3462 = ORIENTED_EDGE ( 'NONE', *, *, #4861, .F. ) ;
#3463 = LINE ( 'NONE', #6513, #11054 ) ;
#3464 = CARTESIAN_POINT ( 'NONE',  ( -20.69999999999999574, 32.00000000000000000, -15.47157287525383218 ) ) ;
#3465 = CARTESIAN_POINT ( 'NONE',  ( -14.00000000000000178, 16.50000000000000000, 5.000000000000000000 ) ) ;
#3466 = ORIENTED_EDGE ( 'NONE', *, *, #4287, .T. ) ;
#3467 = EDGE_LOOP ( 'NONE', ( #9180, #3411, #11772, #5655 ) ) ;
#3468 = ORIENTED_EDGE ( 'NONE', *, *, #8797, .T. ) ;
#3469 = CARTESIAN_POINT ( 'NONE',  ( 0.000000000000000000, 0.000000000000000000, -13.00000000000000000 ) ) ;
#3470 = EDGE_CURVE ( 'NONE', #8783, #2066, #3890, .T. ) ;
#3471 = ORIENTED_EDGE ( 'NONE', *, *, #8472, .T. ) ;
#3472 = DIRECTION ( 'NONE',  ( -1.000000000000000000, 0.000000000000000000, 0.000000000000000000 ) ) ;
#3473 = EDGE_CURVE ( 'NONE', #10966, #3829, #10470, .T. ) ;
#3474 = CARTESIAN_POINT ( 'NONE',  ( 0.000000000000000000, 0.000000000000000000, -15.00000000000000000 ) ) ;
#3475 = PLANE ( 'NONE',  #2962 ) ;
#3476 = DIRECTION ( 'NONE',  ( 0.000000000000000000, 0.000000000000000000, 1.000000000000000000 ) ) ;
#3477 = DIRECTION ( 'NONE',  ( 0.000000000000000000, 0.000000000000000000, 1.000000000000000000 ) ) ;
#3478 = LINE ( 'NONE', #5298, #11340 ) ;
#3479 = VERTEX_POINT ( 'NONE', #5696 ) ;
#3480 = EDGE_LOOP ( 'NONE', ( #3088, #3695, #11519, #3996 ) ) ;
#3481 = CARTESIAN_POINT ( 'NONE',  ( -10.00000000000000000, 3.599999999999909051, -870.0000000000000000 ) ) ;
#3482 = ADVANCED_FACE ( 'NONE', ( #1951 ), #9227, .T. ) ;
#3483 = EDGE_CURVE ( 'NONE', #8766, #6860, #5576, .T. ) ;
#3484 = DIRECTION ( 'NONE',  ( 1.000000000000000000, 0.000000000000000000, 0.000000000000000000 ) ) ;
#3485 = AXIS2_PLACEMENT_3D ( 'NONE', #6995, #4061, #9759 ) ;
#3486 = EDGE_LOOP ( 'NONE', ( #3495, #11987, #2147, #2230 ) ) ;
#3487 = CARTESIAN_POINT ( 'NONE',  ( -17.58578643762691485, 40.00000000000000000, 20.00000000000000355 ) ) ;
#3488 = DIRECTION ( 'NONE',  ( -0.000000000000000000, 1.000000000000000000, 0.000000000000000000 ) ) ;
#3489 = LINE ( 'NONE', #9206, #5293 ) ;
#3490 = DIRECTION ( 'NONE',  ( -0.000000000000000000, -0.000000000000000000, 1.000000000000000000 ) ) ;
#3491 = FACE_OUTER_BOUND ( 'NONE', #11823, .T. ) ;
#3492 = CIRCLE ( 'NONE', #10496, 1.974999999999969447 ) ;
#3493 = VECTOR ( 'NONE', #460, 1000.000000000000000 ) ;
#3494 = APPLICATION_PROTOCOL_DEFINITION ( 'draft international standard', 'automotive_design', 1998, #3190 ) ;
#3495 = ORIENTED_EDGE ( 'NONE', *, *, #6697, .F. ) ;
#3496 = DIRECTION ( 'NONE',  ( 1.000000000000000000, 0.000000000000000000, 0.000000000000000000 ) ) ;
#3497 = EDGE_CURVE ( 'NONE', #6239, #4122, #3818, .T. ) ;
#3498 = DIRECTION ( 'NONE',  ( 0.000000000000000000, 0.000000000000000000, 1.000000000000000000 ) ) ;
#3499 = EDGE_LOOP ( 'NONE', ( #8858, #5124, #4406, #6731 ) ) ;
#3500 = AXIS2_PLACEMENT_3D ( 'NONE', #5431, #8189, #1561 ) ;
#3501 = AXIS2_PLACEMENT_3D ( 'NONE', #6523, #7650, #1790 ) ;
#3502 = DIRECTION ( 'NONE',  ( 1.000000000000000000, 0.000000000000000000, 0.000000000000000000 ) ) ;
#3503 = ORIENTED_EDGE ( 'NONE', *, *, #10558, .T. ) ;
#3504 = FACE_OUTER_BOUND ( 'NONE', #9625, .T. ) ;
#3505 = DIRECTION ( 'NONE',  ( -0.000000000000000000, -0.000000000000000000, 1.000000000000000000 ) ) ;
#3506 = ADVANCED_FACE ( 'NONE', ( #1320 ), #7758, .T. ) ;
#3507 = DIRECTION ( 'NONE',  ( -1.000000000000000000, 0.000000000000000000, 0.000000000000000000 ) ) ;
#3508 = AXIS2_PLACEMENT_3D ( 'NONE', #9971, #10723, #1325 ) ;
#3509 = EDGE_LOOP ( 'NONE', ( #6880, #7476, #1627, #9834 ) ) ;
#3510 = VERTEX_POINT ( 'NONE', #8014 ) ;
#3511 = EDGE_CURVE ( 'NONE', #4122, #9129, #8764, .T. ) ;
#3512 = DIRECTION ( 'NONE',  ( -0.000000000000000000, -0.000000000000000000, 1.000000000000000000 ) ) ;
#3513 = EDGE_LOOP ( 'NONE', ( #7147, #3017, #5745, #11819 ) ) ;
#3514 = DIRECTION ( 'NONE',  ( -0.000000000000000000, 1.000000000000000000, 0.000000000000000000 ) ) ;
#3515 = DIRECTION ( 'NONE',  ( 1.000000000000000000, 0.000000000000000000, 0.000000000000000000 ) ) ;
#3516 = ORIENTED_EDGE ( 'NONE', *, *, #3950, .F. ) ;
#3517 = CYLINDRICAL_SURFACE ( 'NONE', #5441, 0.1499999999999986622 ) ;
#3518 = CIRCLE ( 'NONE', #7313, 0.2800000000000003042 ) ;
#3519 = EDGE_CURVE ( 'NONE', #9557, #714, #11777, .T. ) ;
#3520 = CARTESIAN_POINT ( 'NONE',  ( 6.048387499772770681, -0.4559538461277371502, -2.000000000000000000 ) ) ;
#3521 = CARTESIAN_POINT ( 'NONE',  ( 1.790414966635713645, -5.795282521538796416, -2.000000000000000000 ) ) ;
#3522 = DIRECTION ( 'NONE',  ( -0.000000000000000000, -0.000000000000000000, 1.000000000000000000 ) ) ;
#3523 = ORIENTED_EDGE ( 'NONE', *, *, #9460, .T. ) ;
#3524 = ADVANCED_FACE ( 'NONE', ( #11712 ), #10906, .F. ) ;
#3525 = AXIS2_PLACEMENT_3D ( 'NONE', #11890, #1510, #2630 ) ;
#3526 = ORIENTED_EDGE ( 'NONE', *, *, #12130, .F. ) ;
#3527 = ORIENTED_EDGE ( 'NONE', *, *, #8472, .F. ) ;
#3528 = AXIS2_PLACEMENT_3D ( 'NONE', #4464, #1785, #5462 ) ;
#3529 = CARTESIAN_POINT ( 'NONE',  ( 17.58578643762691129, 7.800000000000001599, 20.80000000000000426 ) ) ;
#3530 = PRODUCT_DEFINITION_SHAPE ( 'NONE', 'NONE',  #12384 ) ;
#3531 = ORIENTED_EDGE ( 'NONE', *, *, #10743, .T. ) ;
#3532 = DIRECTION ( 'NONE',  ( 0.7071067811865463515, 0.000000000000000000, 0.7071067811865487940 ) ) ;
#3533 = DIRECTION ( 'NONE',  ( -0.000000000000000000, -0.000000000000000000, -1.000000000000000000 ) ) ;
#3534 = DIRECTION ( 'NONE',  ( 1.000000000000000000, 0.000000000000000000, 0.000000000000000000 ) ) ;
#3535 = DIRECTION ( 'NONE',  ( 0.000000000000000000, 1.000000000000000000, 0.000000000000000000 ) ) ;
#3536 = CIRCLE ( 'NONE', #12131, 0.1999999999999987899 ) ;
#3537 = DIRECTION ( 'NONE',  ( 0.000000000000000000, 0.000000000000000000, -1.000000000000000000 ) ) ;
#3538 = VERTEX_POINT ( 'NONE', #4018 ) ;
#3539 = VERTEX_POINT ( 'NONE', #11838 ) ;
#3540 = DIRECTION ( 'NONE',  ( 0.000000000000000000, 0.000000000000000000, 1.000000000000000000 ) ) ;
#3541 = ADVANCED_BREP_SHAPE_REPRESENTATION ( '', ( #4947, #11368 ), #5120 ) ;
#3542 = VECTOR ( 'NONE', #8378, 1000.000000000000114 ) ;
#3543 = DIRECTION ( 'NONE',  ( 1.000000000000000000, 0.000000000000000000, 0.000000000000000000 ) ) ;
#3544 = ORIENTED_EDGE ( 'NONE', *, *, #10189, .T. ) ;
#3545 = DIRECTION ( 'NONE',  ( -0.000000000000000000, -0.000000000000000000, -1.000000000000000000 ) ) ;
#3546 = CARTESIAN_POINT ( 'NONE',  ( 30.00000000000000711, -20.00000000000000000, -0.5000000000000000000 ) ) ;
#3547 = DIRECTION ( 'NONE',  ( 1.000000000000000000, 0.000000000000000000, 0.000000000000000000 ) ) ;
#3548 = DIRECTION ( 'NONE',  ( 0.000000000000000000, -1.000000000000000000, 0.000000000000000000 ) ) ;
#3549 = FACE_OUTER_BOUND ( 'NONE', #8101, .T. ) ;
#3550 = EDGE_CURVE ( 'NONE', #8694, #11243, #5418, .T. ) ;
#3551 = CIRCLE ( 'NONE', #10556, 2.700000000000000178 ) ;
#3552 = AXIS2_PLACEMENT_3D ( 'NONE', #6425, #3488, #12124 ) ;
#3553 = EDGE_CURVE ( 'NONE', #9712, #3809, #6939, .T. ) ;
#3554 = PRODUCT_CONTEXT ( 'NONE', #8540, 'mechanical' ) ;
#3555 = ORIENTED_EDGE ( 'NONE', *, *, #11012, .T. ) ;
#3556 = DIRECTION ( 'NONE',  ( 0.000000000000000000, 0.000000000000000000, 1.000000000000000000 ) ) ;
#3557 = CARTESIAN_POINT ( 'NONE',  ( 0.9750000000000231815, -6.614527269578692525, -2.000000000000000000 ) ) ;
#3558 = ORIENTED_EDGE ( 'NONE', *, *, #7860, .T. ) ;
#3559 = AXIS2_PLACEMENT_3D ( 'NONE', #10254, #1619, #789 ) ;
#3560 = VECTOR ( 'NONE', #10395, 1000.000000000000000 ) ;
#3561 = AXIS2_PLACEMENT_3D ( 'NONE', #11010, #1434, #5235 ) ;
#3562 = CARTESIAN_POINT ( 'NONE',  ( 0.000000000000000000, 0.000000000000000000, -0.5000000000000000000 ) ) ;
#3563 = CARTESIAN_POINT ( 'NONE',  ( 6.490000000000684111, -5.500000000000095035, -870.0000000000000000 ) ) ;
#3564 = CARTESIAN_POINT ( 'NONE',  ( 20.56568542494924046, 39.80000000000000426, 18.15147186257616596 ) ) ;
#3565 = DIRECTION ( 'NONE',  ( 0.000000000000000000, 0.000000000000000000, -1.000000000000000000 ) ) ;
#3566 = CARTESIAN_POINT ( 'NONE',  ( 20.00000000000000355, 40.00000000000000000, 17.58578643762692550 ) ) ;
#3567 = EDGE_CURVE ( 'NONE', #5062, #10986, #3211, .T. ) ;
#3568 = ADVANCED_FACE ( 'NONE', ( #7063, #11654 ), #7880, .F. ) ;
#3569 =( NAMED_UNIT ( * ) PLANE_ANGLE_UNIT ( ) SI_UNIT ( $, .RADIAN. ) );
#3570 = ADVANCED_FACE ( 'NONE', ( #2204 ), #2326, .T. ) ;
#3571 = CIRCLE ( 'NONE', #11969, 0.1500000000000029921 ) ;
#3572 = CIRCLE ( 'NONE', #2177, 3.000000000000000000 ) ;
#3573 = AXIS2_PLACEMENT_3D ( 'NONE', #6800, #11393, #4919 ) ;
#3574 = ORIENTED_EDGE ( 'NONE', *, *, #1523, .T. ) ;
#3575 = CIRCLE ( 'NONE', #5173, 0.1499999999999990785 ) ;
#3576 = ORIENTED_EDGE ( 'NONE', *, *, #4488, .F. ) ;
#3577 = DIRECTION ( 'NONE',  ( 0.000000000000000000, 0.000000000000000000, 1.000000000000000000 ) ) ;
#3578 = VERTEX_POINT ( 'NONE', #3064 ) ;
#3579 = DIRECTION ( 'NONE',  ( 0.000000000000000000, -0.000000000000000000, 1.000000000000000000 ) ) ;
#3580 = CYLINDRICAL_SURFACE ( 'NONE', #4692, 1.000000000000000888 ) ;
#3581 = ORIENTED_EDGE ( 'NONE', *, *, #1420, .F. ) ;
#3582 = VECTOR ( 'NONE', #4197, 1000.000000000000000 ) ;
#3583 = CIRCLE ( 'NONE', #5180, 2.099999999999997868 ) ;
#3584 = CARTESIAN_POINT ( 'NONE',  ( -8.000000000000000000, 3.099999999999909051, -870.0000000000000000 ) ) ;
#3585 = CIRCLE ( 'NONE', #3782, 7.500000000000000000 ) ;
#3586 = LINE ( 'NONE', #11812, #3103 ) ;
#3587 = DIRECTION ( 'NONE',  ( -0.000000000000000000, -0.000000000000000000, 1.000000000000000000 ) ) ;
#3588 = LINE ( 'NONE', #2833, #2539 ) ;
#3589 = EDGE_CURVE ( 'NONE', #449, #8535, #7802, .T. ) ;
#3590 = CARTESIAN_POINT ( 'NONE',  ( 1.512829983820068724, 5.831978261281069997, -13.00000000000000000 ) ) ;
#3591 = ORIENTED_EDGE ( 'NONE', *, *, #9009, .F. ) ;
#3592 = AXIS2_PLACEMENT_3D ( 'NONE', #9684, #4852, #8673 ) ;
#3593 = AXIS2_PLACEMENT_3D ( 'NONE', #10061, #11241, #1486 ) ;
#3594 = ORIENTED_EDGE ( 'NONE', *, *, #11398, .T. ) ;
#3595 = EDGE_CURVE ( 'NONE', #2137, #185, #4015, .T. ) ;
#3596 = CARTESIAN_POINT ( 'NONE',  ( -20.99999999999999645, 40.00000000000000000, 21.00000000000000355 ) ) ;
#3597 = EDGE_LOOP ( 'NONE', ( #8082, #8295, #3862, #8313 ) ) ;
#3598 = FACE_OUTER_BOUND ( 'NONE', #3218, .T. ) ;
#3599 = DIRECTION ( 'NONE',  ( -1.000000000000000000, 0.000000000000000000, 0.000000000000000000 ) ) ;
#3600 = ADVANCED_FACE ( 'NONE', ( #5874 ), #9843, .T. ) ;
#3601 = VECTOR ( 'NONE', #2908, 1000.000000000000000 ) ;
#3602 = LINE ( 'NONE', #9431, #9371 ) ;
#3603 = AXIS2_PLACEMENT_3D ( 'NONE', #12239, #1674, #1911 ) ;
#3604 = DIRECTION ( 'NONE',  ( 1.000000000000000000, 0.000000000000000000, 0.000000000000000000 ) ) ;
#3605 = DIRECTION ( 'NONE',  ( 1.000000000000000000, 0.000000000000000000, 0.000000000000000000 ) ) ;
#3606 = ORIENTED_EDGE ( 'NONE', *, *, #716, .T. ) ;
#3607 = ORIENTED_EDGE ( 'NONE', *, *, #4575, .T. ) ;
#3608 = AXIS2_PLACEMENT_3D ( 'NONE', #6143, #8910, #6830 ) ;
#3609 = DIRECTION ( 'NONE',  ( -1.000000000000000000, 0.000000000000000000, 0.000000000000000000 ) ) ;
#3610 = VERTEX_POINT ( 'NONE', #2135 ) ;
#3611 = PLANE ( 'NONE',  #8591 ) ;
#3612 = VERTEX_POINT ( 'NONE', #1259 ) ;
#3613 = EDGE_CURVE ( 'NONE', #8694, #1330, #8834, .T. ) ;
#3614 = LINE ( 'NONE', #8545, #3092 ) ;
#3615 = LINE ( 'NONE', #11317, #10557 ) ;
#3616 = DIRECTION ( 'NONE',  ( 0.000000000000000000, 0.000000000000000000, 1.000000000000000000 ) ) ;
#3617 = CARTESIAN_POINT ( 'NONE',  ( -1.583135775599255002, 6.103007956411144797, -13.00000000000000000 ) ) ;
#3618 = CIRCLE ( 'NONE', #815, 3.125000000000000000 ) ;
#3619 = CARTESIAN_POINT ( 'NONE',  ( -16.50000000000000000, -3.469446951953614189E-15, 0.000000000000000000 ) ) ;
#3620 = ORIENTED_EDGE ( 'NONE', *, *, #1104, .T. ) ;
#3621 = CARTESIAN_POINT ( 'NONE',  ( 0.000000000000000000, -3.599999999999909051, -870.0000000000000000 ) ) ;
#3622 = CARTESIAN_POINT ( 'NONE',  ( 0.000000000000000000, 0.000000000000000000, -13.00000000000000000 ) ) ;
#3623 = AXIS2_PLACEMENT_3D ( 'NONE', #5666, #1922, #3863 ) ;
#3624 = ORIENTED_EDGE ( 'NONE', *, *, #9405, .F. ) ;
#3625 = EDGE_CURVE ( 'NONE', #1863, #10392, #217, .T. ) ;
#3626 = EDGE_CURVE ( 'NONE', #1679, #3363, #6810, .T. ) ;
#3627 = LINE ( 'NONE', #1759, #2091 ) ;
#3628 = CARTESIAN_POINT ( 'NONE',  ( -17.58578643762690774, 8.000000000000000000, -20.00000000000000000 ) ) ;
#3629 = FACE_OUTER_BOUND ( 'NONE', #333, .T. ) ;
#3630 = CARTESIAN_POINT ( 'NONE',  ( 17.58578643762691840, 0.1999999999999987899, -20.00000000000000355 ) ) ;
#3631 = DIRECTION ( 'NONE',  ( 0.000000000000000000, -1.000000000000000000, 0.000000000000000000 ) ) ;
#3632 = CARTESIAN_POINT ( 'NONE',  ( 2.700000000000000178, 0.000000000000000000, 0.000000000000000000 ) ) ;
#3633 = VECTOR ( 'NONE', #12294, 1000.000000000000000 ) ;
#3634 = EDGE_LOOP ( 'NONE', ( #1983, #5256, #11714, #5443 ) ) ;
#3635 = ORIENTED_EDGE ( 'NONE', *, *, #8061, .T. ) ;
#3636 = DIRECTION ( 'NONE',  ( 0.000000000000000000, -1.000000000000000000, 0.000000000000000000 ) ) ;
#3637 = VERTEX_POINT ( 'NONE', #7202 ) ;
#3638 = EDGE_CURVE ( 'NONE', #1194, #807, #11430, .T. ) ;
#3639 = EDGE_CURVE ( 'NONE', #10552, #3759, #11963, .T. ) ;
#3640 = CARTESIAN_POINT ( 'NONE',  ( -1.583135775599255224, -6.103007956411144797, -2.000000000000000000 ) ) ;
#3641 = DIRECTION ( 'NONE',  ( 0.000000000000000000, -1.000000000000000000, 0.000000000000000000 ) ) ;
#3642 = EDGE_LOOP ( 'NONE', ( #2824, #1610, #11407, #1463 ) ) ;
#3643 = AXIS2_PLACEMENT_3D ( 'NONE', #523, #8153, #11980 ) ;
#3644 = DIRECTION ( 'NONE',  ( 1.000000000000000000, 0.000000000000000000, 0.000000000000000000 ) ) ;
#3645 = CARTESIAN_POINT ( 'NONE',  ( -3.967618173362244871, -3.581484473009151070, -2.000000000000000000 ) ) ;
#3646 = CARTESIAN_POINT ( 'NONE',  ( 8.500000000000000000, 10.00000000000000000, -870.0000000000000000 ) ) ;
#3647 = CYLINDRICAL_SURFACE ( 'NONE', #7916, 2.099999999999997868 ) ;
#3648 = CARTESIAN_POINT ( 'NONE',  ( -22.89999999999999503, -25.00000000000000355, 5.000000000000000000 ) ) ;
#3649 = EDGE_LOOP ( 'NONE', ( #10931 ) ) ;
#3650 = AXIS2_PLACEMENT_3D ( 'NONE', #751, #2518, #6203 ) ;
#3651 = ORIENTED_EDGE ( 'NONE', *, *, #3497, .T. ) ;
#3652 = DIRECTION ( 'NONE',  ( 0.7071067811865475727, 0.000000000000000000, -0.7071067811865475727 ) ) ;
#3653 = LINE ( 'NONE', #7459, #1409 ) ;
#3654 = ORIENTED_EDGE ( 'NONE', *, *, #6767, .F. ) ;
#3655 = EDGE_CURVE ( 'NONE', #8543, #699, #6218, .T. ) ;
#3656 = DIRECTION ( 'NONE',  ( -0.000000000000000000, -0.000000000000000000, -1.000000000000000000 ) ) ;
#3657 = FACE_OUTER_BOUND ( 'NONE', #2369, .T. ) ;
#3658 = CARTESIAN_POINT ( 'NONE',  ( 3.893413252308146166, -4.598038521668920353, -2.000000000000000000 ) ) ;
#3659 = DIRECTION ( 'NONE',  ( 0.000000000000000000, 0.000000000000000000, 1.000000000000000000 ) ) ;
#3660 = EDGE_CURVE ( 'NONE', #8294, #2410, #3825, .T. ) ;
#3661 = DIRECTION ( 'NONE',  ( 0.7071067811865459074, -0.000000000000000000, 0.7071067811865491270 ) ) ;
#3662 = ORIENTED_EDGE ( 'NONE', *, *, #4955, .F. ) ;
#3663 = ORIENTED_EDGE ( 'NONE', *, *, #9882, .T. ) ;
#3664 = LINE ( 'NONE', #9674, #11192 ) ;
#3665 = VERTEX_POINT ( 'NONE', #570 ) ;
#3666 =( REPRESENTATION_RELATIONSHIP ('NONE','NONE', #2684, #9896 ) REPRESENTATION_RELATIONSHIP_WITH_TRANSFORMATION ( #7428 )SHAPE_REPRESENTATION_RELATIONSHIP( ) );
#3667 = ADVANCED_FACE ( 'NONE', ( #799 ), #2514, .T. ) ;
#3668 = DIRECTION ( 'NONE',  ( 3.469446951953611033E-15, 0.000000000000000000, 1.000000000000000000 ) ) ;
#3669 = VERTEX_POINT ( 'NONE', #2394 ) ;
#3670 = DIRECTION ( 'NONE',  ( -0.000000000000000000, -0.000000000000000000, 1.000000000000000000 ) ) ;
#3671 = LINE ( 'NONE', #4545, #7683 ) ;
#3672 = DIRECTION ( 'NONE',  ( 0.000000000000000000, 0.000000000000000000, 1.000000000000000000 ) ) ;
#3673 = CARTESIAN_POINT ( 'NONE',  ( -29.99999999999999289, -20.00000000000000000, -0.5000000000000000000 ) ) ;
#3674 = DIRECTION ( 'NONE',  ( 0.000000000000000000, -1.000000000000000000, 0.000000000000000000 ) ) ;
#3675 = DIRECTION ( 'NONE',  ( -1.000000000000000000, 0.000000000000000000, -1.121232786067555918E-16 ) ) ;
#3676 = EDGE_LOOP ( 'NONE', ( #10393, #6575, #7603, #6617 ) ) ;
#3677 = ITEM_DEFINED_TRANSFORMATION ( 'NONE', 'NONE', #11528,  #11368 ) ;
#3678 = VECTOR ( 'NONE', #9530, 1000.000000000000000 ) ;
#3679 = VERTEX_POINT ( 'NONE', #9217 ) ;
#3680 = ADVANCED_FACE ( 'NONE', ( #12308 ), #2456, .F. ) ;
#3681 = CIRCLE ( 'NONE', #10686, 2.999999999999999112 ) ;
#3682 = DIRECTION ( 'NONE',  ( 0.000000000000000000, 0.000000000000000000, -1.000000000000000000 ) ) ;
#3683 = CARTESIAN_POINT ( 'NONE',  ( 3.616390142880778313, 4.818957079542702360, -13.00000000000000000 ) ) ;
#3684 = ORIENTED_EDGE ( 'NONE', *, *, #5243, .T. ) ;
#3685 = DIRECTION ( 'NONE',  ( -1.000000000000000000, 0.000000000000000000, 0.000000000000000000 ) ) ;
#3686 = DIRECTION ( 'NONE',  ( -0.000000000000000000, -0.000000000000000000, -1.000000000000000000 ) ) ;
#3687 = CARTESIAN_POINT ( 'NONE',  ( -17.58578643762690774, 39.80000000000000426, -20.80000000000000071 ) ) ;
#3688 = AXIS2_PLACEMENT_3D ( 'NONE', #6358, #6116, #5248 ) ;
#3689 = DIRECTION ( 'NONE',  ( 0.000000000000000000, 0.000000000000000000, 1.000000000000000000 ) ) ;
#3690 = AXIS2_PLACEMENT_3D ( 'NONE', #2857, #10448, #8547 ) ;
#3691 = CARTESIAN_POINT ( 'NONE',  ( -19.99999999999999645, 39.80000000000000426, 17.58578643762692195 ) ) ;
#3692 = EDGE_LOOP ( 'NONE', ( #11906, #1221, #11954, #11132 ) ) ;
#3693 = EDGE_CURVE ( 'NONE', #8829, #792, #3383, .T. ) ;
#3694 = CIRCLE ( 'NONE', #4689, 0.1999999999999987899 ) ;
#3695 = ORIENTED_EDGE ( 'NONE', *, *, #10771, .F. ) ;
#3696 = AXIS2_PLACEMENT_3D ( 'NONE', #12039, #3461, #5512 ) ;
#3697 = DIRECTION ( 'NONE',  ( 0.000000000000000000, 0.000000000000000000, 1.000000000000000000 ) ) ;
#3698 = ORIENTED_EDGE ( 'NONE', *, *, #7469, .T. ) ;
#3699 = CARTESIAN_POINT ( 'NONE',  ( 37.60000000000000853, 4.000000000000000000, 4.883262201417498631E-15 ) ) ;
#3700 = CARTESIAN_POINT ( 'NONE',  ( -0.9013707041225506034, -5.998201072901427899, -2.000000000000000000 ) ) ;
#3701 = ORIENTED_EDGE ( 'NONE', *, *, #820, .F. ) ;
#3702 = CARTESIAN_POINT ( 'NONE',  ( 1.000000000000002442, -28.00000000000000000, 5.000000000000000000 ) ) ;
#3703 = CARTESIAN_POINT ( 'NONE',  ( -15.00000000000000000, 0.000000000000000000, 5.000000000000000000 ) ) ;
#3704 = DIRECTION ( 'NONE',  ( -0.000000000000000000, -0.000000000000000000, 1.000000000000000000 ) ) ;
#3705 = CIRCLE ( 'NONE', #9306, 0.1499999999999990785 ) ;
#3706 = DIRECTION ( 'NONE',  ( 0.7071067811865459074, 0.000000000000000000, 0.7071067811865491270 ) ) ;
#3707 = AXIS2_PLACEMENT_3D ( 'NONE', #8765, #9778, #6006 ) ;
#3708 = CARTESIAN_POINT ( 'NONE',  ( 2.020752579182564013, 4.948291019506339872, -13.00000000000000000 ) ) ;
#3709 = EDGE_CURVE ( 'NONE', #1664, #2337, #1461, .T. ) ;
#3710 = ORIENTED_EDGE ( 'NONE', *, *, #10296, .F. ) ;
#3711 = ADVANCED_FACE ( 'NONE', ( #6259 ), #5615, .T. ) ;
#3712 = ORIENTED_EDGE ( 'NONE', *, *, #9063, .F. ) ;
#3713 = DIRECTION ( 'NONE',  ( 0.000000000000000000, 1.000000000000000000, 0.000000000000000000 ) ) ;
#3714 = DIRECTION ( 'NONE',  ( 0.000000000000000000, 1.000000000000000000, -0.000000000000000000 ) ) ;
#3715 = ORIENTED_EDGE ( 'NONE', *, *, #1471, .T. ) ;
#3716 = AXIS2_PLACEMENT_3D ( 'NONE', #2475, #1342, #5151 ) ;
#3717 = FACE_BOUND ( 'NONE', #11552, .T. ) ;
#3718 = CARTESIAN_POINT ( 'NONE',  ( 25.00000000000000711, -24.99999999999998934, 0.000000000000000000 ) ) ;
#3719 = DIRECTION ( 'NONE',  ( -0.7071067811865491270, -0.000000000000000000, 0.7071067811865459074 ) ) ;
#3720 = DIRECTION ( 'NONE',  ( 0.000000000000000000, 0.000000000000000000, 1.000000000000000000 ) ) ;
#3721 = LINE ( 'NONE', #7531, #5362 ) ;
#3722 = EDGE_CURVE ( 'NONE', #1670, #2775, #12251, .T. ) ;
#3723 = EDGE_CURVE ( 'NONE', #232, #9663, #4667, .T. ) ;
#3724 = AXIS2_PLACEMENT_3D ( 'NONE', #3372, #2383, #10144 ) ;
#3725 = ORIENTED_EDGE ( 'NONE', *, *, #12115, .F. ) ;
#3726 = ORIENTED_EDGE ( 'NONE', *, *, #12242, .F. ) ;
#3727 = ORIENTED_EDGE ( 'NONE', *, *, #8844, .T. ) ;
#3728 = DIRECTION ( 'NONE',  ( -0.000000000000000000, -0.000000000000000000, 1.000000000000000000 ) ) ;
#3729 = AXIS2_PLACEMENT_3D ( 'NONE', #8824, #243, #8065 ) ;
#3730 = ORIENTED_EDGE ( 'NONE', *, *, #7078, .F. ) ;
#3731 = DIRECTION ( 'NONE',  ( 1.000000000000000000, 0.000000000000000000, 0.000000000000000000 ) ) ;
#3732 = AXIS2_PLACEMENT_3D ( 'NONE', #11689, #5105, #4914 ) ;
#3733 = DIRECTION ( 'NONE',  ( 0.000000000000000000, -0.000000000000000000, -1.000000000000000000 ) ) ;
#3734 = PRODUCT ( '\X2\6a217ec481ea5e26652f6491\X0\', '\X2\6a217ec481ea5e26652f6491\X0\', '', ( #496 ) ) ;
#3735 = CARTESIAN_POINT ( 'NONE',  ( 3.818708854640333161, 3.599540352876267946, -13.00000000000000000 ) ) ;
#3736 = CARTESIAN_POINT ( 'NONE',  ( 9.500000000000000000, -3.099999999999909051, -89.99999999999997158 ) ) ;
#3737 = DIRECTION ( 'NONE',  ( -0.7071067811865594521, 0.7071067811865355823, 0.000000000000000000 ) ) ;
#3738 = CARTESIAN_POINT ( 'NONE',  ( -3.099999999999454303, 8.000000000000000000, -870.0000000000000000 ) ) ;
#3739 = EDGE_CURVE ( 'NONE', #12061, #1298, #10432, .T. ) ;
#3740 = EDGE_LOOP ( 'NONE', ( #3927, #4154, #3471, #10479 ) ) ;
#3741 = ITEM_DEFINED_TRANSFORMATION ( 'NONE', 'NONE', #513,  #11368 ) ;
#3742 = VERTEX_POINT ( 'NONE', #6542 ) ;
#3743 = AXIS2_PLACEMENT_3D ( 'NONE', #4060, #9584, #4808 ) ;
#3744 = DIRECTION ( 'NONE',  ( 0.000000000000000000, 0.000000000000000000, 1.000000000000000000 ) ) ;
#3745 = DIRECTION ( 'NONE',  ( 1.000000000000000000, 0.000000000000000000, 0.000000000000000000 ) ) ;
#3746 = ADVANCED_FACE ( 'NONE', ( #3312, #7259 ), #10151, .F. ) ;
#3747 = ORIENTED_EDGE ( 'NONE', *, *, #910, .F. ) ;
#3748 = LINE ( 'NONE', #11269, #6875 ) ;
#3749 = PLANE ( 'NONE',  #4354 ) ;
#3750 = AXIS2_PLACEMENT_3D ( 'NONE', #7014, #10790, #197 ) ;
#3751 = CLOSED_SHELL ( 'NONE', ( #3321, #2429, #7709, #1704, #3506 ) ) ;
#3752 = DIRECTION ( 'NONE',  ( -1.000000000000000000, 0.000000000000000000, 0.000000000000000000 ) ) ;
#3753 = AXIS2_PLACEMENT_3D ( 'NONE', #10335, #1879, #5684 ) ;
#3754 = EDGE_CURVE ( 'NONE', #8337, #7720, #2234, .T. ) ;
#3755 = EDGE_LOOP ( 'NONE', ( #55, #9673, #3233, #4841, #5008, #5035, #992, #202, #9341, #3574, #3888, #6281, #5388, #9311, #7331, #6586 ) ) ;
#3756 = VERTEX_POINT ( 'NONE', #441 ) ;
#3757 = VECTOR ( 'NONE', #4986, 1000.000000000000000 ) ;
#3758 = CIRCLE ( 'NONE', #1972, 0.7999999999999986011 ) ;
#3759 = VERTEX_POINT ( 'NONE', #4260 ) ;
#3760 = VECTOR ( 'NONE', #7796, 1000.000000000000000 ) ;
#3761 = CARTESIAN_POINT ( 'NONE',  ( -20.00000000000000000, 0.000000000000000000, 0.000000000000000000 ) ) ;
#3762 = ORIENTED_EDGE ( 'NONE', *, *, #4318, .T. ) ;
#3763 = CARTESIAN_POINT ( 'NONE',  ( -0.9749999999999822142, 6.614527269578670321, -2.000000000000000000 ) ) ;
#3764 = CARTESIAN_POINT ( 'NONE',  ( -3.099999999999454303, 9.500000000000000000, -870.0000000000000000 ) ) ;
#3765 = ORIENTED_EDGE ( 'NONE', *, *, #1758, .T. ) ;
#3766 = CARTESIAN_POINT ( 'NONE',  ( -8.500000000000000000, 10.00000000000000000, -870.0000000000000000 ) ) ;
#3767 = CYLINDRICAL_SURFACE ( 'NONE', #3301, 0.2000000000000002887 ) ;
#3768 = AXIS2_PLACEMENT_3D ( 'NONE', #10228, #9229, #4512 ) ;
#3769 = DIRECTION ( 'NONE',  ( -0.000000000000000000, -0.000000000000000000, 1.000000000000000000 ) ) ;
#3770 = CIRCLE ( 'NONE', #8565, 0.7999999999999986011 ) ;
#3771 = CIRCLE ( 'NONE', #7365, 6.304999999999999716 ) ;
#3772 = CARTESIAN_POINT ( 'NONE',  ( 8.000000000000216716, 5.500000000000284217, -870.0000000000000000 ) ) ;
#3773 = VECTOR ( 'NONE', #2090, 1000.000000000000114 ) ;
#3774 = VERTEX_POINT ( 'NONE', #2026 ) ;
#3775 = VERTEX_POINT ( 'NONE', #10972 ) ;
#3776 = ORIENTED_EDGE ( 'NONE', *, *, #9074, .F. ) ;
#3777 = CARTESIAN_POINT ( 'NONE',  ( -30.00000000000000000, -29.99999999999999289, 0.000000000000000000 ) ) ;
#3778 = CIRCLE ( 'NONE', #12371, 2.099999999999997424 ) ;
#3779 = CYLINDRICAL_SURFACE ( 'NONE', #9795, 0.1499999999999973577 ) ;
#3780 = EDGE_LOOP ( 'NONE', ( #7826 ) ) ;
#3781 = VECTOR ( 'NONE', #8317, 1000.000000000000114 ) ;
#3782 = AXIS2_PLACEMENT_3D ( 'NONE', #276, #2235, #1285 ) ;
#3783 = CARTESIAN_POINT ( 'NONE',  ( 8.000000000000216716, -5.500000000000095035, -870.0000000000000000 ) ) ;
#3784 = EDGE_CURVE ( 'NONE', #6645, #6645, #9235, .T. ) ;
#3785 = CARTESIAN_POINT ( 'NONE',  ( 24.99999999999998934, 0.000000000000000000, 5.000000000000000000 ) ) ;
#3786 = EDGE_CURVE ( 'NONE', #11477, #11477, #2819, .T. ) ;
#3787 = CARTESIAN_POINT ( 'NONE',  ( -3.818708854640332717, 3.599540352876276383, -13.00000000000000000 ) ) ;
#3788 = LINE ( 'NONE', #11673, #11719 ) ;
#3789 = DIRECTION ( 'NONE',  ( -0.000000000000000000, 1.000000000000000000, 0.000000000000000000 ) ) ;
#3790 = AXIS2_PLACEMENT_3D ( 'NONE', #1926, #5548, #10324 ) ;
#3791 = VECTOR ( 'NONE', #7020, 1000.000000000000000 ) ;
#3792 = ORIENTED_EDGE ( 'NONE', *, *, #4357, .F. ) ;
#3793 = VERTEX_POINT ( 'NONE', #5792 ) ;
#3794 = CARTESIAN_POINT ( 'NONE',  ( 5.000000000000004441, 0.000000000000000000, 0.000000000000000000 ) ) ;
#3795 = ORIENTED_EDGE ( 'NONE', *, *, #12196, .T. ) ;
#3796 = LINE ( 'NONE', #11559, #3601 ) ;
#3797 = AXIS2_PLACEMENT_3D ( 'NONE', #7980, #1156, #8993 ) ;
#3798 = ORIENTED_EDGE ( 'NONE', *, *, #46, .T. ) ;
#3799 = VECTOR ( 'NONE', #2845, 1000.000000000000000 ) ;
#3800 = EDGE_CURVE ( 'NONE', #9479, #9479, #4815, .T. ) ;
#3801 = CYLINDRICAL_SURFACE ( 'NONE', #8219, 5.000000000000000000 ) ;
#3802 = EDGE_CURVE ( 'NONE', #6703, #11343, #6789, .T. ) ;
#3803 = CARTESIAN_POINT ( 'NONE',  ( 0.5189999999999561631, 3.900000000000267253, -89.99999999999997158 ) ) ;
#3804 = ADVANCED_FACE ( 'NONE', ( #1984 ), #10444, .F. ) ;
#3805 = LINE ( 'NONE', #10688, #2759 ) ;
#3806 = FACE_OUTER_BOUND ( 'NONE', #10109, .T. ) ;
#3807 = DIRECTION ( 'NONE',  ( 1.000000000000000000, 0.000000000000000000, 0.000000000000000000 ) ) ;
#3808 = CARTESIAN_POINT ( 'NONE',  ( -5.002319821024736157, 1.586198120247337862, -13.00000000000000000 ) ) ;
#3809 = VERTEX_POINT ( 'NONE', #4848 ) ;
#3810 = CIRCLE ( 'NONE', #6400, 0.6500000000000012434 ) ;
#3811 = ORIENTED_EDGE ( 'NONE', *, *, #7296, .T. ) ;
#3812 = PRODUCT_DEFINITION_CONTEXT ( 'detailed design', #6856, 'design' ) ;
#3813 = LINE ( 'NONE', #1108, #3959 ) ;
#3814 = CARTESIAN_POINT ( 'NONE',  ( 3.600000000000363798, -9.500000000000000000, -870.0000000000000000 ) ) ;
#3815 = ORIENTED_EDGE ( 'NONE', *, *, #5798, .F. ) ;
#3816 = ADVANCED_FACE ( 'NONE', ( #1157, #12369 ), #3801, .T. ) ;
#3817 = LINE ( 'NONE', #2635, #5872 ) ;
#3818 = CIRCLE ( 'NONE', #418, 0.1999999999999987899 ) ;
#3819 = FACE_OUTER_BOUND ( 'NONE', #7139, .T. ) ;
#3820 = DIRECTION ( 'NONE',  ( -1.000000000000000000, 0.000000000000000000, 0.000000000000000000 ) ) ;
#3821 = LINE ( 'NONE', #2006, #11385 ) ;
#3822 = EDGE_CURVE ( 'NONE', #3281, #9557, #4622, .T. ) ;
#3823 =( LENGTH_UNIT ( ) NAMED_UNIT ( * ) SI_UNIT ( .MILLI., .METRE. ) );
#3824 = VERTEX_POINT ( 'NONE', #93 ) ;
#3825 = CIRCLE ( 'NONE', #11825, 0.2799999999999998601 ) ;
#3826 = VERTEX_POINT ( 'NONE', #2910 ) ;
#3827 = VERTEX_POINT ( 'NONE', #10628 ) ;
#3828 = CARTESIAN_POINT ( 'NONE',  ( -2.020752579182559128, 4.948291019506337207, -2.000000000000000000 ) ) ;
#3829 = VERTEX_POINT ( 'NONE', #8804 ) ;
#3830 = ADVANCED_FACE ( 'NONE', ( #7665 ), #3920, .T. ) ;
#3831 = DIRECTION ( 'NONE',  ( 0.000000000000000000, -0.000000000000000000, 1.000000000000000000 ) ) ;
#3832 = DIRECTION ( 'NONE',  ( -0.000000000000000000, -1.000000000000000000, -0.000000000000000000 ) ) ;
#3833 = EDGE_LOOP ( 'NONE', ( #4275, #5753, #373, #8971 ) ) ;
#3834 = CARTESIAN_POINT ( 'NONE',  ( 5.273886783729719419, -0.8689897539102974244, -2.000000000000000000 ) ) ;
#3835 = CYLINDRICAL_SURFACE ( 'NONE', #10122, 0.2799999999999998601 ) ;
#3836 = AXIS2_PLACEMENT_3D ( 'NONE', #1549, #7408, #7462 ) ;
#3837 = CARTESIAN_POINT ( 'NONE',  ( -0.3171893472501033373, -5.185307697522977932, -13.00000000000000000 ) ) ;
#3838 = LINE ( 'NONE', #10894, #8723 ) ;
#3839 = CARTESIAN_POINT ( 'NONE',  ( 22.20000000000000284, 2.397372055837124094, -0.5500000000000216938 ) ) ;
#3841 = VERTEX_POINT ( 'NONE', #7725 ) ;
#3840 = APPLICATION_CONTEXT ( 'automotive_design' ) ;
#3842 = EDGE_LOOP ( 'NONE', ( #309, #11283, #1806, #7649 ) ) ;
#3843 = EDGE_CURVE ( 'NONE', #2066, #9165, #6723, .T. ) ;
#3844 = CARTESIAN_POINT ( 'NONE',  ( -18.15147186257615886, 8.000000000000000000, 20.56568542494924401 ) ) ;
#3845 = CIRCLE ( 'NONE', #10255, 2.099999999999997868 ) ;
#3846 = DIRECTION ( 'NONE',  ( 1.000000000000000000, 0.000000000000000000, 0.000000000000000000 ) ) ;
#3847 = EDGE_LOOP ( 'NONE', ( #2837, #7415, #3747, #3942, #6601, #6749, #6796, #5877 ) ) ;
#3848 = CARTESIAN_POINT ( 'NONE',  ( -18.29289321881345387, 39.80000000000000426, -20.70710678118654968 ) ) ;
#3849 = DIRECTION ( 'NONE',  ( 0.000000000000000000, -1.000000000000000000, 0.000000000000000000 ) ) ;
#3850 = DIRECTION ( 'NONE',  ( 0.000000000000000000, 0.000000000000000000, 1.000000000000000000 ) ) ;
#3851 = DIRECTION ( 'NONE',  ( 0.000000000000000000, 1.000000000000000000, 0.000000000000000000 ) ) ;
#3852 = UNCERTAINTY_MEASURE_WITH_UNIT (LENGTH_MEASURE( 1.000000000000000082E-05 ), #3823, 'distance_accuracy_value', 'NONE');
#3853 = CARTESIAN_POINT ( 'NONE',  ( 3.616390142880778313, 4.818957079542702360, -13.00000000000000000 ) ) ;
#3854 = VECTOR ( 'NONE', #7583, 1000.000000000000000 ) ;
#3855 = EDGE_CURVE ( 'NONE', #11656, #6138, #5424, .T. ) ;
#3856 = VERTEX_POINT ( 'NONE', #1866 ) ;
#3857 = ORIENTED_EDGE ( 'NONE', *, *, #8615, .F. ) ;
#3858 = EDGE_CURVE ( 'NONE', #7733, #5998, #6414, .T. ) ;
#3859 = DIRECTION ( 'NONE',  ( -1.000000000000000000, 0.000000000000000000, 0.000000000000000000 ) ) ;
#3860 = ORIENTED_EDGE ( 'NONE', *, *, #7716, .T. ) ;
#3861 = DIRECTION ( 'NONE',  ( -0.000000000000000000, -1.000000000000000000, -0.000000000000000000 ) ) ;
#3862 = ORIENTED_EDGE ( 'NONE', *, *, #1578, .T. ) ;
#3863 = DIRECTION ( 'NONE',  ( 0.000000000000000000, 0.000000000000000000, -1.000000000000000000 ) ) ;
#3864 = DIRECTION ( 'NONE',  ( 0.000000000000000000, 1.000000000000000000, 0.000000000000000000 ) ) ;
#3865 = DIRECTION ( 'NONE',  ( 0.000000000000000000, 0.000000000000000000, 1.000000000000000000 ) ) ;
#3866 = FACE_OUTER_BOUND ( 'NONE', #1496, .T. ) ;
#3867 = CARTESIAN_POINT ( 'NONE',  ( 20.80000000000000426, 0.000000000000000000, 21.00000000000000355 ) ) ;
#3868 = PLANE ( 'NONE',  #331 ) ;
#3869 = ORIENTED_EDGE ( 'NONE', *, *, #1427, .T. ) ;
#3870 = ADVANCED_FACE ( 'NONE', ( #1093 ), #9503, .F. ) ;
#3871 = ORIENTED_EDGE ( 'NONE', *, *, #1807, .F. ) ;
#3872 = EDGE_CURVE ( 'NONE', #11018, #9781, #5814, .T. ) ;
#3873 = CARTESIAN_POINT ( 'NONE',  ( -20.99999999999999645, 0.1999999999999987899, 17.58578643762692195 ) ) ;
#3874 = LINE ( 'NONE', #7678, #790 ) ;
#3875 = EDGE_LOOP ( 'NONE', ( #9436, #981, #1715, #2002 ) ) ;
#3876 = FACE_OUTER_BOUND ( 'NONE', #12060, .T. ) ;
#3877 = CARTESIAN_POINT ( 'NONE',  ( -5.779348217812155575, 3.361804601292480044, -2.000000000000000000 ) ) ;
#3878 = SURFACE_SIDE_STYLE ('',( #5565 ) ) ;
#3879 = DIRECTION ( 'NONE',  ( -0.000000000000000000, -0.000000000000000000, -1.000000000000000000 ) ) ;
#3880 = AXIS2_PLACEMENT_3D ( 'NONE', #5186, #3937, #10647 ) ;
#3881 = SHAPE_REPRESENTATION_RELATIONSHIP ( 'NONE' , 'NONE' ,  #6840, #3541 ) ;
#3882 = EDGE_CURVE ( 'NONE', #4654, #11428, #426, .T. ) ;
#3883 = ORIENTED_EDGE ( 'NONE', *, *, #4511, .T. ) ;
#3884 = EDGE_CURVE ( 'NONE', #9737, #9308, #7414, .T. ) ;
#3885 = EDGE_LOOP ( 'NONE', ( #2164, #947, #8258, #2055 ) ) ;
#3886 = ORIENTED_EDGE ( 'NONE', *, *, #7454, .F. ) ;
#3887 = CARTESIAN_POINT ( 'NONE',  ( 21.00000000000000355, 32.20000000000000284, 17.58578643762692550 ) ) ;
#3888 = ORIENTED_EDGE ( 'NONE', *, *, #9615, .T. ) ;
#3889 = VECTOR ( 'NONE', #1306, 1000.000000000000000 ) ;
#3890 = LINE ( 'NONE', #6636, #5808 ) ;
#3891 = CIRCLE ( 'NONE', #8680, 0.1500000000000042966 ) ;
#3892 = PRODUCT_DEFINITION ( 'æœ', '', #1098, #5802 ) ;
#3893 = DIRECTION ( 'NONE',  ( 1.000000000000000000, 0.000000000000000000, 0.000000000000000000 ) ) ;
#3894 = ORIENTED_EDGE ( 'NONE', *, *, #189, .F. ) ;
#3895 = CARTESIAN_POINT ( 'NONE',  ( -18.29289321881346453, 40.00000000000000000, 20.70710678118654968 ) ) ;
#3896 = CARTESIAN_POINT ( 'NONE',  ( -5.500000000000000000, -6.490000000000009983, -870.0000000000000000 ) ) ;
#3897 = CARTESIAN_POINT ( 'NONE',  ( 10.00000000000000000, 3.599999999999909051, -89.99999999999997158 ) ) ;
#3898 = DIRECTION ( 'NONE',  ( 0.8657687109978913220, 0.5004443416175766712, -0.000000000000000000 ) ) ;
#3899 = CARTESIAN_POINT ( 'NONE',  ( -2.099999999999997424, 24.99999999999999645, 0.000000000000000000 ) ) ;
#3900 = ORIENTED_EDGE ( 'NONE', *, *, #1591, .T. ) ;
#3901 = EDGE_CURVE ( 'NONE', #1787, #10033, #5904, .T. ) ;
#3902 = VECTOR ( 'NONE', #4218, 1000.000000000000000 ) ;
#3903 = ORIENTED_EDGE ( 'NONE', *, *, #4412, .F. ) ;
#3904 = DIRECTION ( 'NONE',  ( 0.000000000000000000, 0.000000000000000000, 1.000000000000000000 ) ) ;
#3905 = EDGE_LOOP ( 'NONE', ( #9590, #7924, #1836, #2864 ) ) ;
#3906 = PRODUCT_DEFINITION ( 'æœ', '', #6496, #1277 ) ;
#3907 = DIRECTION ( 'NONE',  ( -0.7071067811865474617, 0.000000000000000000, -0.7071067811865474617 ) ) ;
#3908 = EDGE_CURVE ( 'NONE', #7876, #10327, #825, .T. ) ;
#3909 = FACE_OUTER_BOUND ( 'NONE', #6844, .T. ) ;
#3910 = CIRCLE ( 'NONE', #4896, 0.2799999999999994160 ) ;
#3911 = AXIS2_PLACEMENT_3D ( 'NONE', #2280, #6082, #3143 ) ;
#3912 = DIRECTION ( 'NONE',  ( -1.652117596168387263E-16, -0.000000000000000000, -1.000000000000000000 ) ) ;
#3913 = CARTESIAN_POINT ( 'NONE',  ( 8.500000000000000000, 10.00000000000000000, -870.0000000000000000 ) ) ;
#3914 = CARTESIAN_POINT ( 'NONE',  ( 3.748380470424709010, 5.536446500142363725, -13.00000000000000000 ) ) ;
#3915 = ORIENTED_EDGE ( 'NONE', *, *, #4040, .F. ) ;
#3916 = ORIENTED_EDGE ( 'NONE', *, *, #4803, .F. ) ;
#3917 = ORIENTED_EDGE ( 'NONE', *, *, #11304, .F. ) ;
#3918 = CYLINDRICAL_SURFACE ( 'NONE', #12000, 1.975000000000012301 ) ;
#3919 = EDGE_LOOP ( 'NONE', ( #1035 ) ) ;
#3920 = CYLINDRICAL_SURFACE ( 'NONE', #8819, 0.2799999999999998601 ) ;
#3921 = CARTESIAN_POINT ( 'NONE',  ( -3.099999999999454303, 8.000000000000000000, -89.99999999999997158 ) ) ;
#3922 = FACE_BOUND ( 'NONE', #9041, .T. ) ;
#3923 = CARTESIAN_POINT ( 'NONE',  ( 2.535598419378960244, -4.534177505969843480, -13.00000000000000000 ) ) ;
#3924 = CARTESIAN_POINT ( 'NONE',  ( 20.00000000000000355, 0.1999999999999987899, -17.58578643762690774 ) ) ;
#3925 = EDGE_CURVE ( 'NONE', #5137, #8322, #2435, .T. ) ;
#3926 = CARTESIAN_POINT ( 'NONE',  ( 21.00000000000000355, 7.800000000000001599, -17.58578643762690774 ) ) ;
#3927 = ORIENTED_EDGE ( 'NONE', *, *, #9655, .F. ) ;
#3928 = ORIENTED_EDGE ( 'NONE', *, *, #8859, .F. ) ;
#3929 = CARTESIAN_POINT ( 'NONE',  ( -3.899999999999464784, -2.909999999999910880, -870.0000000000000000 ) ) ;
#3930 = ORIENTED_EDGE ( 'NONE', *, *, #8318, .T. ) ;
#3931 = AXIS2_PLACEMENT_3D ( 'NONE', #11887, #5763, #1018 ) ;
#3932 = DIRECTION ( 'NONE',  ( 0.000000000000000000, 0.000000000000000000, 1.000000000000000000 ) ) ;
#3933 = ORIENTED_EDGE ( 'NONE', *, *, #11818, .F. ) ;
#3934 = DIRECTION ( 'NONE',  ( 1.000000000000000000, 0.000000000000000000, 0.000000000000000000 ) ) ;
#3935 = CYLINDRICAL_SURFACE ( 'NONE', #3743, 1.974999999999993205 ) ;
#3936 = EDGE_CURVE ( 'NONE', #10919, #5228, #11037, .T. ) ;
#3937 = DIRECTION ( 'NONE',  ( -0.000000000000000000, -0.000000000000000000, -1.000000000000000000 ) ) ;
#3938 = DIRECTION ( 'NONE',  ( 1.000000000000000000, 0.000000000000000000, 0.000000000000000000 ) ) ;
#3939 = ADVANCED_FACE ( 'NONE', ( #11999 ), #8995, .T. ) ;
#3940 = SHAPE_REPRESENTATION_RELATIONSHIP ( 'NONE' , 'NONE' ,  #6443, #2664 ) ;
#3941 = EDGE_LOOP ( 'NONE', ( #5619, #2584, #5412, #10935 ) ) ;
#3942 = ORIENTED_EDGE ( 'NONE', *, *, #11276, .F. ) ;
#3943 = ORIENTED_EDGE ( 'NONE', *, *, #7912, .F. ) ;
#3944 = CARTESIAN_POINT ( 'NONE',  ( 0.4333079431568576112, -5.229863506334584855, -13.00000000000000000 ) ) ;
#3945 = VERTEX_POINT ( 'NONE', #8047 ) ;
#3946 = AXIS2_PLACEMENT_3D ( 'NONE', #7702, #9601, #5826 ) ;
#3947 = CARTESIAN_POINT ( 'NONE',  ( 6.665645171607512687, 0.5213160713288601533, -13.00000000000000000 ) ) ;
#3948 = CARTESIAN_POINT ( 'NONE',  ( 0.000000000000000000, 0.000000000000000000, -15.00000000000000000 ) ) ;
#3949 = ORIENTED_EDGE ( 'NONE', *, *, #3511, .F. ) ;
#3950 = EDGE_CURVE ( 'NONE', #11209, #3066, #1647, .T. ) ;
#3951 = DIRECTION ( 'NONE',  ( 1.000000000000000000, 0.000000000000000000, -8.260587980841938780E-17 ) ) ;
#3952 = ORIENTED_EDGE ( 'NONE', *, *, #4178, .T. ) ;
#3953 = CARTESIAN_POINT ( 'NONE',  ( -7.999999999999783284, -5.500000000000096811, -870.0000000000000000 ) ) ;
#3954 = ADVANCED_FACE ( 'NONE', ( #3283 ), #6907, .T. ) ;
#3955 = ADVANCED_FACE ( 'NONE', ( #279 ), #1432, .F. ) ;
#3956 = LINE ( 'NONE', #3897, #5764 ) ;
#3957 = CARTESIAN_POINT ( 'NONE',  ( 22.20000000000000284, 4.000000000000000000, -2.050000000000000266 ) ) ;
#3958 = VECTOR ( 'NONE', #7499, 1000.000000000000000 ) ;
#3959 = VECTOR ( 'NONE', #3744, 1000.000000000000000 ) ;
#3960 = ORIENTED_EDGE ( 'NONE', *, *, #12358, .T. ) ;
#3961 = ORIENTED_EDGE ( 'NONE', *, *, #2706, .T. ) ;
#3962 = DIRECTION ( 'NONE',  ( 0.000000000000000000, 0.000000000000000000, -1.000000000000000000 ) ) ;
#3963 = VERTEX_POINT ( 'NONE', #7101 ) ;
#3964 = FACE_OUTER_BOUND ( 'NONE', #4516, .T. ) ;
#3965 = DIRECTION ( 'NONE',  ( 3.325348516249470831E-16, 0.000000000000000000, -1.000000000000000000 ) ) ;
#3966 = SHAPE_REPRESENTATION ( '42\X2\7cfb52174e2476f86df754085f0f6b658fdb7535673a\X0\[42HS04A]_42HS04A', ( #11368 ), #12169 ) ;
#3967 = AXIS2_PLACEMENT_3D ( 'NONE', #4754, #9468, #11225 ) ;
#3968 = VECTOR ( 'NONE', #1734, 1000.000000000000000 ) ;
#3969 = DIRECTION ( 'NONE',  ( 0.000000000000000000, 0.000000000000000000, 1.000000000000000000 ) ) ;
#3970 = COLOUR_RGB ( '',0.7921568627450980005, 0.8196078431372548767, 0.9333333333333333481 ) ;
#3971 = CIRCLE ( 'NONE', #362, 0.2000000000000002887 ) ;
#3972 = ADVANCED_FACE ( 'NONE', ( #5100, #4166 ), #10004, .T. ) ;
#3973 = DIRECTION ( 'NONE',  ( 1.000000000000000000, 0.000000000000000000, 0.000000000000000000 ) ) ;
#3974 = CARTESIAN_POINT ( 'NONE',  ( 4.127586995253213153, -4.444537192309538476, -2.000000000000000000 ) ) ;
#3975 = CARTESIAN_POINT ( 'NONE',  ( 17.58578643762691129, 40.00000000000000000, 20.00000000000000000 ) ) ;
#3976 = EDGE_CURVE ( 'NONE', #4970, #1977, #640, .T. ) ;
#3977 = VECTOR ( 'NONE', #5408, 1000.000000000000000 ) ;
#3978 = AXIS2_PLACEMENT_3D ( 'NONE', #5109, #235, #4056 ) ;
#3979 = VERTEX_POINT ( 'NONE', #5233 ) ;
#3980 = VECTOR ( 'NONE', #11784, 1000.000000000000000 ) ;
#3981 = ORIENTED_EDGE ( 'NONE', *, *, #10379, .T. ) ;
#3982 = FACE_OUTER_BOUND ( 'NONE', #1073, .T. ) ;
#3983 = ORIENTED_EDGE ( 'NONE', *, *, #6013, .F. ) ;
#3984 = EDGE_CURVE ( 'NONE', #10327, #7849, #1031, .T. ) ;
#3985 = CARTESIAN_POINT ( 'NONE',  ( -17.58578643762690774, 32.20000000000000284, -20.80000000000000426 ) ) ;
#3986 = DIRECTION ( 'NONE',  ( 0.000000000000000000, 0.000000000000000000, 1.000000000000000000 ) ) ;
#3987 = CARTESIAN_POINT ( 'NONE',  ( 20.80000000000000426, 0.1999999999999987899, -21.00000000000000355 ) ) ;
#3988 = AXIS2_PLACEMENT_3D ( 'NONE', #7182, #7923, #11694 ) ;
#3989 = CARTESIAN_POINT ( 'NONE',  ( -8.500000000000000000, -10.00000000000000000, -870.0000000000000000 ) ) ;
#3990 = DIRECTION ( 'NONE',  ( -1.000000000000000000, 0.000000000000000000, 0.000000000000000000 ) ) ;
#3991 = CIRCLE ( 'NONE', #4774, 5.195000000000000284 ) ;
#3992 = AXIS2_PLACEMENT_3D ( 'NONE', #8922, #8044, #6972 ) ;
#3993 = CARTESIAN_POINT ( 'NONE',  ( -7.999999999999783284, -5.500000000000096811, -870.0000000000000000 ) ) ;
#3994 = CARTESIAN_POINT ( 'NONE',  ( 3.900000000000319655, -2.909999999999855369, -870.0000000000000000 ) ) ;
#3995 = DIRECTION ( 'NONE',  ( 0.7071067811865491270, 0.000000000000000000, -0.7071067811865459074 ) ) ;
#3996 = ORIENTED_EDGE ( 'NONE', *, *, #926, .T. ) ;
#3997 = EDGE_LOOP ( 'NONE', ( #8650, #3581, #6004, #3323 ) ) ;
#3998 = AXIS2_PLACEMENT_3D ( 'NONE', #3985, #918, #9738 ) ;
#3999 = CARTESIAN_POINT ( 'NONE',  ( 3.900000000000319655, 0.5200000000002080736, -89.99999999999997158 ) ) ;
#4000 = VECTOR ( 'NONE', #6307, 1000.000000000000000 ) ;
#4001 = EDGE_CURVE ( 'NONE', #4723, #6860, #7981, .T. ) ;
#4002 = ORIENTED_EDGE ( 'NONE', *, *, #1595, .F. ) ;
#4003 = CARTESIAN_POINT ( 'NONE',  ( -18.15147186257614464, 40.00000000000000000, -20.56568542494924046 ) ) ;
#4004 = LINE ( 'NONE', #2191, #6732 ) ;
#4005 = CARTESIAN_POINT ( 'NONE',  ( -20.70710678118653902, 7.800000000000000711, 18.29289321881346453 ) ) ;
#4006 = DIRECTION ( 'NONE',  ( 0.7071067811865474617, -0.7071067811865474617, 0.000000000000000000 ) ) ;
#4007 = CIRCLE ( 'NONE', #11810, 0.1499999999999969136 ) ;
#4008 = AXIS2_PLACEMENT_3D ( 'NONE', #12298, #5474, #9490 ) ;
#4009 = DIRECTION ( 'NONE',  ( 2.287079726478201022E-18, 2.775557561562901705E-16, -0.9999999999999997780 ) ) ;
#4010 = ORIENTED_EDGE ( 'NONE', *, *, #5243, .F. ) ;
#4011 = ORIENTED_EDGE ( 'NONE', *, *, #2926, .T. ) ;
#4012 = EDGE_CURVE ( 'NONE', #3759, #204, #7169, .T. ) ;
#4013 = ORIENTED_EDGE ( 'NONE', *, *, #9929, .T. ) ;
#4014 = EDGE_CURVE ( 'NONE', #9917, #5454, #10816, .T. ) ;
#4015 = CIRCLE ( 'NONE', #7616, 0.2800000000000011924 ) ;
#4016 = DIRECTION ( 'NONE',  ( -1.000000000000000000, 0.000000000000000000, 0.000000000000000000 ) ) ;
#4017 = EDGE_LOOP ( 'NONE', ( #6476 ) ) ;
#4018 = CARTESIAN_POINT ( 'NONE',  ( 3.900000000000319655, 0.5200000000002080736, -870.0000000000000000 ) ) ;
#4019 = CARTESIAN_POINT ( 'NONE',  ( -1.964042965173693256, 4.809424105956109585, -2.000000000000000000 ) ) ;
#4020 = ORIENTED_EDGE ( 'NONE', *, *, #6836, .F. ) ;
#4021 = DIRECTION ( 'NONE',  ( -1.000000000000000000, 0.000000000000000000, 0.000000000000000000 ) ) ;
#4022 = EDGE_LOOP ( 'NONE', ( #7639, #6182, #10060, #5414 ) ) ;
#4023 = FACE_OUTER_BOUND ( 'NONE', #4513, .T. ) ;
#4024 = CARTESIAN_POINT ( 'NONE',  ( -19.99999999999999645, 39.80000000000000426, 17.58578643762692195 ) ) ;
#4025 = VERTEX_POINT ( 'NONE', #5882 ) ;
#4026 = ORIENTED_EDGE ( 'NONE', *, *, #8239, .T. ) ;
#4027 = EDGE_CURVE ( 'NONE', #9881, #4832, #9434, .T. ) ;
#4028 = EDGE_CURVE ( 'NONE', #8590, #9870, #9937, .T. ) ;
#4029 = ORIENTED_EDGE ( 'NONE', *, *, #2036, .T. ) ;
#4030 = CARTESIAN_POINT ( 'NONE',  ( 5.273886783729710537, 0.8689897539102952040, -13.00000000000000000 ) ) ;
#4031 = ORIENTED_EDGE ( 'NONE', *, *, #456, .F. ) ;
#4032 = DIRECTION ( 'NONE',  ( -0.000000000000000000, -0.000000000000000000, -1.000000000000000000 ) ) ;
#4033 = VECTOR ( 'NONE', #3849, 1000.000000000000000 ) ;
#4034 = FACE_OUTER_BOUND ( 'NONE', #10855, .T. ) ;
#4035 = CARTESIAN_POINT ( 'NONE',  ( 20.80000000000000426, 8.000000000000000000, -1.734723475976807094E-15 ) ) ;
#4036 = DIRECTION ( 'NONE',  ( 0.000000000000000000, 0.000000000000000000, 1.000000000000000000 ) ) ;
#4037 = FACE_OUTER_BOUND ( 'NONE', #5981, .T. ) ;
#4038 = AXIS2_PLACEMENT_3D ( 'NONE', #7219, #4580, #9234 ) ;
#4039 = ORIENTED_EDGE ( 'NONE', *, *, #11629, .F. ) ;
#4040 = EDGE_CURVE ( 'NONE', #2066, #810, #1455, .T. ) ;
#4041 = EDGE_LOOP ( 'NONE', ( #2701 ) ) ;
#4042 = DIRECTION ( 'NONE',  ( 1.000000000000000000, 0.000000000000000000, 0.000000000000000000 ) ) ;
#4043 = ORIENTED_EDGE ( 'NONE', *, *, #10500, .F. ) ;
#4044 = CARTESIAN_POINT ( 'NONE',  ( 8.000000000000000000, -3.099999999999909051, -870.0000000000000000 ) ) ;
#4045 = DIRECTION ( 'NONE',  ( -0.000000000000000000, -0.000000000000000000, 1.000000000000000000 ) ) ;
#4046 = ADVANCED_FACE ( 'NONE', ( #4352, #5972 ), #9813, .F. ) ;
#4047 = CARTESIAN_POINT ( 'NONE',  ( 0.000000000000000000, 63.70000000000001705, 0.000000000000000000 ) ) ;
#4048 = VECTOR ( 'NONE', #650, 1000.000000000000114 ) ;
#4049 = DIRECTION ( 'NONE',  ( -1.000000000000000000, 0.000000000000000000, 0.000000000000000000 ) ) ;
#4050 = LINE ( 'NONE', #2241, #8999 ) ;
#4051 = DIRECTION ( 'NONE',  ( 0.000000000000000000, 1.000000000000000000, 0.000000000000000000 ) ) ;
#4052 = FACE_OUTER_BOUND ( 'NONE', #2267, .T. ) ;
#4053 = ORIENTED_EDGE ( 'NONE', *, *, #4948, .F. ) ;
#4054 = EDGE_CURVE ( 'NONE', #5718, #1254, #8627, .T. ) ;
#4055 = ORIENTED_EDGE ( 'NONE', *, *, #3207, .T. ) ;
#4056 = DIRECTION ( 'NONE',  ( 1.000000000000000000, 0.000000000000000000, 0.000000000000000000 ) ) ;
#4057 = DIRECTION ( 'NONE',  ( -0.000000000000000000, -0.000000000000000000, -1.000000000000000000 ) ) ;
#4058 = ORIENTED_EDGE ( 'NONE', *, *, #8553, .F. ) ;
#4059 = CARTESIAN_POINT ( 'NONE',  ( 0.000000000000000000, 39.89999999999999858, 0.000000000000000000 ) ) ;
#4060 = CARTESIAN_POINT ( 'NONE',  ( -1.991491178014995311, 6.382519791421596977, -13.00000000000000000 ) ) ;
#4061 = DIRECTION ( 'NONE',  ( -0.000000000000000000, 1.000000000000000000, -0.000000000000000000 ) ) ;
#4062 = DIRECTION ( 'NONE',  ( -0.000000000000000000, -1.000000000000000000, -0.000000000000000000 ) ) ;
#4063 = ADVANCED_FACE ( 'NONE', ( #11246 ), #12236, .T. ) ;
#4064 = CARTESIAN_POINT ( 'NONE',  ( -46.32169614753735232, -0.4322383295595797481, 1194.000000000000227 ) ) ;
#4065 = EDGE_LOOP ( 'NONE', ( #12034, #3279, #6286, #7156 ) ) ;
#4066 = PLANE ( 'NONE',  #360 ) ;
#4067 = ORIENTED_EDGE ( 'NONE', *, *, #4626, .F. ) ;
#4068 = CARTESIAN_POINT ( 'NONE',  ( -3.784454747031256172, 5.042908611869997060, -2.000000000000000000 ) ) ;
#4069 = DIRECTION ( 'NONE',  ( 0.000000000000000000, 0.000000000000000000, 1.000000000000000000 ) ) ;
#4070 = EDGE_LOOP ( 'NONE', ( #6887 ) ) ;
#4071 = APPLICATION_CONTEXT ( 'automotive_design' ) ;
#4072 = DIRECTION ( 'NONE',  ( -0.000000000000000000, -0.000000000000000000, -1.000000000000000000 ) ) ;
#4073 = LINE ( 'NONE', #6940, #4309 ) ;
#4074 = ORIENTED_EDGE ( 'NONE', *, *, #5208, .T. ) ;
#4075 = DIRECTION ( 'NONE',  ( -0.000000000000000000, -1.000000000000000000, -0.000000000000000000 ) ) ;
#4076 = ORIENTED_EDGE ( 'NONE', *, *, #3786, .F. ) ;
#4077 = FACE_OUTER_BOUND ( 'NONE', #468, .T. ) ;
#4078 = DIRECTION ( 'NONE',  ( 0.000000000000000000, 1.000000000000000000, 0.000000000000000000 ) ) ;
#4079 = EDGE_CURVE ( 'NONE', #2890, #9588, #10188, .T. ) ;
#4080 = CARTESIAN_POINT ( 'NONE',  ( 5.000000000000000000, 0.000000000000000000, -15.00000000000000000 ) ) ;
#4081 = VERTEX_POINT ( 'NONE', #9359 ) ;
#4082 = VECTOR ( 'NONE', #7132, 1000.000000000000000 ) ;
#4083 = ORIENTED_EDGE ( 'NONE', *, *, #8679, .F. ) ;
#4084 = CARTESIAN_POINT ( 'NONE',  ( 8.000000000000216716, -5.500000000000095035, -870.0000000000000000 ) ) ;
#4085 = ORIENTED_EDGE ( 'NONE', *, *, #1384, .T. ) ;
#4086 = CARTESIAN_POINT ( 'NONE',  ( 3.616390142880778757, -4.818957079542705024, -13.00000000000000000 ) ) ;
#4087 = DIRECTION ( 'NONE',  ( -0.000000000000000000, 1.000000000000000000, -0.000000000000000000 ) ) ;
#4088 = CARTESIAN_POINT ( 'NONE',  ( 1.512829983820068946, -5.831978261281082432, -13.00000000000000000 ) ) ;
#4089 = FACE_OUTER_BOUND ( 'NONE', #1916, .T. ) ;
#4090 = EDGE_CURVE ( 'NONE', #8300, #9019, #5419, .T. ) ;
#4091 = VECTOR ( 'NONE', #2190, 1000.000000000000000 ) ;
#4092 = CARTESIAN_POINT ( 'NONE',  ( 3.600000000000137312, 2.263141083024660222E-13, -870.0000000000000000 ) ) ;
#4093 = AXIS2_PLACEMENT_3D ( 'NONE', #863, #4547, #12373 ) ;
#4094 = DIRECTION ( 'NONE',  ( -0.8661855860484616310, -0.4997224534898178083, 0.000000000000000000 ) ) ;
#4095 = VERTEX_POINT ( 'NONE', #9249 ) ;
#4096 = ORIENTED_EDGE ( 'NONE', *, *, #11470, .F. ) ;
#4097 = FACE_OUTER_BOUND ( 'NONE', #10180, .T. ) ;
#4098 = ORIENTED_EDGE ( 'NONE', *, *, #5488, .F. ) ;
#4099 = DIRECTION ( 'NONE',  ( 1.000000000000000000, 0.000000000000000000, 0.000000000000000000 ) ) ;
#4100 = DIRECTION ( 'NONE',  ( -0.000000000000000000, -0.000000000000000000, -1.000000000000000000 ) ) ;
#4101 = DIRECTION ( 'NONE',  ( 1.000000000000000000, -3.325348516249470831E-16, 3.325348516249436318E-16 ) ) ;
#4102 = CARTESIAN_POINT ( 'NONE',  ( 3.856272480938607750, 3.480975086488783621, -13.00000000000000000 ) ) ;
#4103 = EDGE_CURVE ( 'NONE', #3612, #1404, #6528, .T. ) ;
#4104 = CARTESIAN_POINT ( 'NONE',  ( 0.3263478462082393672, 5.335027842783507168, -13.00000000000000000 ) ) ;
#4105 = EDGE_CURVE ( 'NONE', #9377, #5884, #12055, .T. ) ;
#4106 = CARTESIAN_POINT ( 'NONE',  ( 5.125882477357503575, -0.8446027636228191637, -2.000000000000000000 ) ) ;
#4107 = CYLINDRICAL_SURFACE ( 'NONE', #10347, 2.099999999999997868 ) ;
#4108 = AXIS2_PLACEMENT_3D ( 'NONE', #474, #9346, #7170 ) ;
#4109 = ORIENTED_EDGE ( 'NONE', *, *, #9144, .T. ) ;
#4110 = ORIENTED_EDGE ( 'NONE', *, *, #12286, .F. ) ;
#4111 = DIRECTION ( 'NONE',  ( 0.000000000000000000, 0.000000000000000000, 1.000000000000000000 ) ) ;
#4112 = FACE_OUTER_BOUND ( 'NONE', #11659, .T. ) ;
#4113 = VERTEX_POINT ( 'NONE', #6288 ) ;
#4114 = CIRCLE ( 'NONE', #1735, 2.499999999999998668 ) ;
#4115 = CARTESIAN_POINT ( 'NONE',  ( 8.000000000000000000, -3.099999999999909051, -89.99999999999997158 ) ) ;
#4116 = DIRECTION ( 'NONE',  ( -0.000000000000000000, -1.000000000000000000, -0.000000000000000000 ) ) ;
#4117 = DIRECTION ( 'NONE',  ( -1.000000000000000000, 0.000000000000000000, 0.000000000000000000 ) ) ;
#4118 = CARTESIAN_POINT ( 'NONE',  ( 9.500000000000000000, 3.099999999999909051, -89.99999999999997158 ) ) ;
#4119 = ADVANCED_FACE ( 'NONE', ( #10124 ), #7285, .T. ) ;
#4120 = LINE ( 'NONE', #7930, #4526 ) ;
#4121 = CARTESIAN_POINT ( 'NONE',  ( 0.000000000000000000, 0.000000000000000000, 0.000000000000000000 ) ) ;
#4122 = VERTEX_POINT ( 'NONE', #1797 ) ;
#4123 = ADVANCED_FACE ( 'NONE', ( #663 ), #1730, .F. ) ;
#4124 = DIRECTION ( 'NONE',  ( -1.000000000000000000, 0.000000000000000000, 0.000000000000000000 ) ) ;
#4125 = ORIENTED_EDGE ( 'NONE', *, *, #6999, .T. ) ;
#4126 = CYLINDRICAL_SURFACE ( 'NONE', #10586, 0.1499999999999947486 ) ;
#4127 = DIRECTION ( 'NONE',  ( 1.000000000000000000, 0.000000000000000000, 0.000000000000000000 ) ) ;
#4128 = ORIENTED_EDGE ( 'NONE', *, *, #719, .F. ) ;
#4129 = DIRECTION ( 'NONE',  ( -0.7071067811865475727, -0.000000000000000000, -0.7071067811865475727 ) ) ;
#4130 = ADVANCED_FACE ( 'NONE', ( #2717, #4473 ), #8345, .F. ) ;
#4131 = DIRECTION ( 'NONE',  ( -0.000000000000000000, -0.000000000000000000, -1.000000000000000000 ) ) ;
#4132 = ORIENTED_EDGE ( 'NONE', *, *, #2893, .T. ) ;
#4133 = CARTESIAN_POINT ( 'NONE',  ( 0.000000000000000000, 41.80000000000000426, 0.000000000000000000 ) ) ;
#4134 = ORIENTED_EDGE ( 'NONE', *, *, #3553, .F. ) ;
#4135 = FACE_BOUND ( 'NONE', #107, .T. ) ;
#4136 = CIRCLE ( 'NONE', #11943, 0.1500000000000008271 ) ;
#4137 = DIRECTION ( 'NONE',  ( -1.000000000000000000, 0.000000000000000000, 0.000000000000000000 ) ) ;
#4138 = VERTEX_POINT ( 'NONE', #7951 ) ;
#4139 = ORIENTED_EDGE ( 'NONE', *, *, #11551, .T. ) ;
#4140 = ORIENTED_EDGE ( 'NONE', *, *, #8251, .T. ) ;
#4141 = VECTOR ( 'NONE', #3112, 1000.000000000000000 ) ;
#4142 = CARTESIAN_POINT ( 'NONE',  ( -5.128648328663927281, 1.505321002607963310, -2.000000000000000000 ) ) ;
#4143 = ORIENTED_EDGE ( 'NONE', *, *, #12084, .F. ) ;
#4144 = CYLINDRICAL_SURFACE ( 'NONE', #9016, 0.2799999999999981393 ) ;
#4145 = EDGE_CURVE ( 'NONE', #7376, #8043, #9430, .T. ) ;
#4146 = DIRECTION ( 'NONE',  ( 0.000000000000000000, -1.000000000000000000, -0.000000000000000000 ) ) ;
#4147 = VERTEX_POINT ( 'NONE', #4656 ) ;
#4148 = LINE ( 'NONE', #9986, #4444 ) ;
#4149 = DIRECTION ( 'NONE',  ( 1.000000000000000000, 0.000000000000000000, 0.000000000000000000 ) ) ;
#4150 = CIRCLE ( 'NONE', #1769, 0.2799999999999990274 ) ;
#4151 = CARTESIAN_POINT ( 'NONE',  ( 5.273886783729710537, 0.8689897539102952040, -2.000000000000000000 ) ) ;
#4152 = AXIS2_PLACEMENT_3D ( 'NONE', #12067, #801, #8361 ) ;
#4153 = DIRECTION ( 'NONE',  ( -0.000000000000000000, -0.000000000000000000, 1.000000000000000000 ) ) ;
#4154 = ORIENTED_EDGE ( 'NONE', *, *, #1697, .F. ) ;
#4155 = ORIENTED_EDGE ( 'NONE', *, *, #11291, .T. ) ;
#4156 = EDGE_LOOP ( 'NONE', ( #6744, #6058, #7850, #9999 ) ) ;
#4157 = EDGE_LOOP ( 'NONE', ( #8403, #5898, #2029, #7059 ) ) ;
#4158 = AXIS2_PLACEMENT_3D ( 'NONE', #4142, #7959, #11791 ) ;
#4159 = LINE ( 'NONE', #3280, #4581 ) ;
#4160 = ADVANCED_FACE ( 'NONE', ( #786, #5471 ), #4597, .T. ) ;
#4161 = ORIENTED_EDGE ( 'NONE', *, *, #4188, .T. ) ;
#4162 = VECTOR ( 'NONE', #12177, 1000.000000000000000 ) ;
#4163 = AXIS2_PLACEMENT_3D ( 'NONE', #1571, #12021, #3682 ) ;
#4164 = CARTESIAN_POINT ( 'NONE',  ( -3.748380470424709454, -5.536446500142367277, -2.000000000000000000 ) ) ;
#4165 = ADVANCED_FACE ( 'NONE', ( #3657, #606 ), #8467, .F. ) ;
#4166 = FACE_OUTER_BOUND ( 'NONE', #7322, .T. ) ;
#4167 = CARTESIAN_POINT ( 'NONE',  ( 6.302273656338973851, 0.1853962260019083597, -13.00000000000000000 ) ) ;
#4168 = DIRECTION ( 'NONE',  ( 0.000000000000000000, 0.000000000000000000, 1.000000000000000000 ) ) ;
#4169 = CARTESIAN_POINT ( 'NONE',  ( -3.856272480938608638, 3.480975086488782289, -2.000000000000000000 ) ) ;
#4170 = CARTESIAN_POINT ( 'NONE',  ( -4.127586995253214042, -4.444537192309537588, -13.00000000000000000 ) ) ;
#4171 = CIRCLE ( 'NONE', #11768, 0.1499999999999973577 ) ;
#4172 = LINE ( 'NONE', #7989, #8139 ) ;
#4173 = MECHANICAL_DESIGN_GEOMETRIC_PRESENTATION_REPRESENTATION (  '', ( #10981 ), #578 ) ;
#4174 = ORIENTED_EDGE ( 'NONE', *, *, #6241, .T. ) ;
#4175 = EDGE_LOOP ( 'NONE', ( #8246, #6785, #11053, #9666 ) ) ;
#4176 = DIRECTION ( 'NONE',  ( 0.000000000000000000, 0.000000000000000000, 1.000000000000000000 ) ) ;
#4177 = ADVANCED_FACE ( 'NONE', ( #11069, #3418 ), #7234, .F. ) ;
#4178 = EDGE_CURVE ( 'NONE', #11605, #11605, #6236, .T. ) ;
#4179 = CARTESIAN_POINT ( 'NONE',  ( -2.000000000000000888, 49.50000000000000000, -1.499999999999999334 ) ) ;
#4180 = EDGE_CURVE ( 'NONE', #9870, #6758, #1856, .T. ) ;
#4181 = ORIENTED_EDGE ( 'NONE', *, *, #9487, .T. ) ;
#4182 = VECTOR ( 'NONE', #6503, 1000.000000000000000 ) ;
#4183 = PRESENTATION_LAYER_ASSIGNMENT (  '', '', ( #180 ) ) ;
#4184 = CARTESIAN_POINT ( 'NONE',  ( -3.414628852343117860, -5.013102338667355440, -13.00000000000000000 ) ) ;
#4185 = DIRECTION ( 'NONE',  ( 1.000000000000000000, 0.000000000000000000, 0.000000000000000000 ) ) ;
#4186 = PLANE ( 'NONE',  #4677 ) ;
#4187 = DIRECTION ( 'NONE',  ( -0.8661855860482727820, 0.4997224534901451021, 0.000000000000000000 ) ) ;
#4188 = EDGE_CURVE ( 'NONE', #8359, #8857, #9639, .T. ) ;
#4189 = DIRECTION ( 'NONE',  ( 1.000000000000000000, -2.994759583081996579E-16, -1.022052091328170278E-16 ) ) ;
#4190 = AXIS2_PLACEMENT_3D ( 'NONE', #6520, #11456, #2866 ) ;
#4191 = AXIS2_PLACEMENT_3D ( 'NONE', #9507, #3674, #6427 ) ;
#4192 = CIRCLE ( 'NONE', #4784, 1.000000000000000888 ) ;
#4193 = ORIENTED_EDGE ( 'NONE', *, *, #12328, .T. ) ;
#4194 = DIRECTION ( 'NONE',  ( -0.000000000000000000, -0.000000000000000000, -1.000000000000000000 ) ) ;
#4195 = ORIENTED_EDGE ( 'NONE', *, *, #1625, .T. ) ;
#4196 = EDGE_CURVE ( 'NONE', #3510, #6758, #7714, .T. ) ;
#4197 = DIRECTION ( 'NONE',  ( 0.000000000000000000, 0.000000000000000000, 1.000000000000000000 ) ) ;
#4198 = ORIENTED_EDGE ( 'NONE', *, *, #1729, .T. ) ;
#4199 = DIRECTION ( 'NONE',  ( -1.000000000000000000, 0.000000000000000000, 0.000000000000000000 ) ) ;
#4200 = CARTESIAN_POINT ( 'NONE',  ( 10.00000000000000000, -3.599999999999909051, -870.0000000000000000 ) ) ;
#4201 = VERTEX_POINT ( 'NONE', #5657 ) ;
#4202 = AXIS2_PLACEMENT_3D ( 'NONE', #12010, #9312, #7243 ) ;
#4203 = AXIS2_PLACEMENT_3D ( 'NONE', #5295, #543, #6348 ) ;
#4204 = DIRECTION ( 'NONE',  ( 0.000000000000000000, 0.000000000000000000, 1.000000000000000000 ) ) ;
#4205 = FACE_BOUND ( 'NONE', #12165, .T. ) ;
#4206 = DIRECTION ( 'NONE',  ( -0.000000000000000000, 1.000000000000000000, -0.000000000000000000 ) ) ;
#4207 = CARTESIAN_POINT ( 'NONE',  ( 14.00000000000000533, -16.49999999999998934, 0.000000000000000000 ) ) ;
#4208 = EDGE_LOOP ( 'NONE', ( #3651, #11437, #1752, #7447 ) ) ;
#4209 = VECTOR ( 'NONE', #6594, 1000.000000000000000 ) ;
#4210 = EDGE_LOOP ( 'NONE', ( #5698 ) ) ;
#4211 = EDGE_CURVE ( 'NONE', #1019, #1019, #230, .T. ) ;
#4212 = CARTESIAN_POINT ( 'NONE',  ( -21.00000000000000355, 0.000000000000000000, -17.58578643762691840 ) ) ;
#4213 = ORIENTED_EDGE ( 'NONE', *, *, #1341, .F. ) ;
#4214 = CARTESIAN_POINT ( 'NONE',  ( -20.56568542494922980, 0.2000000000000000111, 18.15147186257615530 ) ) ;
#4215 = DIRECTION ( 'NONE',  ( -0.000000000000000000, -0.000000000000000000, 1.000000000000000000 ) ) ;
#4216 = ORIENTED_EDGE ( 'NONE', *, *, #71, .T. ) ;
#4217 = DIRECTION ( 'NONE',  ( 0.000000000000000000, 0.000000000000000000, 1.000000000000000000 ) ) ;
#4218 = DIRECTION ( 'NONE',  ( -0.000000000000000000, -0.000000000000000000, 1.000000000000000000 ) ) ;
#4219 = AXIS2_PLACEMENT_3D ( 'NONE', #9284, #700, #4514 ) ;
#4220 = DIRECTION ( 'NONE',  ( -0.000000000000000000, -0.000000000000000000, 1.000000000000000000 ) ) ;
#4221 = CARTESIAN_POINT ( 'NONE',  ( -24.99999999999999645, 5.000000000000000000, 10.00000000000000000 ) ) ;
#4222 = DIRECTION ( 'NONE',  ( 0.000000000000000000, -0.000000000000000000, -1.000000000000000000 ) ) ;
#4223 = ORIENTED_EDGE ( 'NONE', *, *, #11485, .T. ) ;
#4224 = EDGE_CURVE ( 'NONE', #8783, #2325, #7828, .T. ) ;
#4225 = EDGE_LOOP ( 'NONE', ( #4918 ) ) ;
#4226 = ORIENTED_EDGE ( 'NONE', *, *, #1384, .F. ) ;
#4227 = EDGE_LOOP ( 'NONE', ( #10722 ) ) ;
#4228 = AXIS2_PLACEMENT_3D ( 'NONE', #4793, #5846, #9678 ) ;
#4229 = CARTESIAN_POINT ( 'NONE',  ( -1.878755766203753064, -4.899949473152685364, -2.000000000000000000 ) ) ;
#4230 = EDGE_LOOP ( 'NONE', ( #5159, #4690, #3730, #3765 ) ) ;
#4231 = CARTESIAN_POINT ( 'NONE',  ( -10.00000000000000000, 8.500000000000000000, -89.99999999999997158 ) ) ;
#4232 = EDGE_CURVE ( 'NONE', #8651, #5815, #2783, .T. ) ;
#4233 = DIRECTION ( 'NONE',  ( 0.000000000000000000, -0.000000000000000000, -1.000000000000000000 ) ) ;
#4234 = DIRECTION ( 'NONE',  ( -3.469446951953611033E-15, 0.000000000000000000, -1.000000000000000000 ) ) ;
#4235 = CARTESIAN_POINT ( 'NONE',  ( -3.099999999999454303, -9.500000000000000000, -89.99999999999997158 ) ) ;
#4236 = DIRECTION ( 'NONE',  ( 1.813805391025462305E-16, -1.000000000000000000, 0.000000000000000000 ) ) ;
#4237 = CARTESIAN_POINT ( 'NONE',  ( 8.500000000000000000, -8.500000000000000000, -89.99999999999997158 ) ) ;
#4238 = AXIS2_PLACEMENT_3D ( 'NONE', #2034, #4777, #1080 ) ;
#4239 = DIRECTION ( 'NONE',  ( 0.000000000000000000, -1.000000000000000000, 0.000000000000000000 ) ) ;
#4240 = ADVANCED_FACE ( 'NONE', ( #77 ), #4895, .T. ) ;
#4241 = ADVANCED_FACE ( 'NONE', ( #3909 ), #7654, .T. ) ;
#4242 = EDGE_LOOP ( 'NONE', ( #7919, #3413, #11440, #33 ) ) ;
#4243 = ORIENTED_EDGE ( 'NONE', *, *, #3626, .F. ) ;
#4244 = DIRECTION ( 'NONE',  ( 1.000000000000000000, 0.000000000000000000, 0.000000000000000000 ) ) ;
#4245 = CARTESIAN_POINT ( 'NONE',  ( 5.647239797928354399, -2.213496763471852091, -13.00000000000000000 ) ) ;
#4246 = ORIENTED_EDGE ( 'NONE', *, *, #4966, .F. ) ;
#4247 = DIRECTION ( 'NONE',  ( -0.000000000000000000, -0.000000000000000000, 1.000000000000000000 ) ) ;
#4248 = FACE_OUTER_BOUND ( 'NONE', #87, .T. ) ;
#4249 = CARTESIAN_POINT ( 'NONE',  ( -2.910000000000131148, 3.900000000000266809, -870.0000000000000000 ) ) ;
#4250 = DIRECTION ( 'NONE',  ( -0.000000000000000000, -0.000000000000000000, -1.000000000000000000 ) ) ;
#4251 = ADVANCED_FACE ( 'NONE', ( #8717 ), #6775, .T. ) ;
#4252 = EDGE_CURVE ( 'NONE', #12152, #6987, #2040, .T. ) ;
#4253 = DIRECTION ( 'NONE',  ( 7.068998164605209111E-17, -0.9999999999999998890, 1.387778780781405000E-16 ) ) ;
#4254 = CIRCLE ( 'NONE', #11257, 1.000000000000000888 ) ;
#4255 = EDGE_LOOP ( 'NONE', ( #8326, #8898, #10286, #3121 ) ) ;
#4256 = DIRECTION ( 'NONE',  ( -0.000000000000000000, -0.000000000000000000, 1.000000000000000000 ) ) ;
#4257 = ORIENTED_EDGE ( 'NONE', *, *, #540, .T. ) ;
#4258 = CYLINDRICAL_SURFACE ( 'NONE', #5963, 1.499999999999999556 ) ;
#4259 = ORIENTED_EDGE ( 'NONE', *, *, #3855, .F. ) ;
#4260 = CARTESIAN_POINT ( 'NONE',  ( -0.5199999999995273958, -3.900000000000090949, -89.99999999999997158 ) ) ;
#4261 = DIRECTION ( 'NONE',  ( -1.000000000000000000, 0.000000000000000000, 0.000000000000000000 ) ) ;
#4262 = ORIENTED_EDGE ( 'NONE', *, *, #3843, .F. ) ;
#4263 = DIRECTION ( 'NONE',  ( 0.000000000000000000, 0.000000000000000000, 1.000000000000000000 ) ) ;
#4264 = FACE_BOUND ( 'NONE', #10605, .T. ) ;
#4265 = CARTESIAN_POINT ( 'NONE',  ( -1.167387816605745421, -5.910823181726931885, -2.000000000000000000 ) ) ;
#4266 = EDGE_CURVE ( 'NONE', #10119, #11087, #7228, .T. ) ;
#4267 = EDGE_CURVE ( 'NONE', #3341, #6783, #2897, .T. ) ;
#4268 = CARTESIAN_POINT ( 'NONE',  ( -15.50000000000000000, 40.00000000000000000, -14.18949999999999889 ) ) ;
#4269 = ORIENTED_EDGE ( 'NONE', *, *, #10707, .T. ) ;
#4270 = ORIENTED_EDGE ( 'NONE', *, *, #7178, .F. ) ;
#4271 = CARTESIAN_POINT ( 'NONE',  ( 18.15147186257615530, 7.800000000000000711, -20.56568542494923690 ) ) ;
#4272 = EDGE_LOOP ( 'NONE', ( #3662, #12135, #10699, #4968 ) ) ;
#4273 = DIRECTION ( 'NONE',  ( 0.000000000000000000, 0.000000000000000000, 1.000000000000000000 ) ) ;
#4274 = CYLINDRICAL_SURFACE ( 'NONE', #298, 0.1999999999999979849 ) ;
#4275 = ORIENTED_EDGE ( 'NONE', *, *, #6488, .F. ) ;
#4276 = CARTESIAN_POINT ( 'NONE',  ( -9.500000000000000000, 3.599999999999909051, -870.0000000000000000 ) ) ;
#4277 = CARTESIAN_POINT ( 'NONE',  ( -30.00000000000000000, -29.99999999999999289, 5.000000000000000000 ) ) ;
#4278 = CARTESIAN_POINT ( 'NONE',  ( 5.002319821024735269, 1.586198120247330090, -2.000000000000000000 ) ) ;
#4279 = DIRECTION ( 'NONE',  ( -1.000000000000000000, 0.000000000000000000, 0.000000000000000000 ) ) ;
#4280 = EDGE_CURVE ( 'NONE', #5126, #1834, #9042, .T. ) ;
#4281 = CARTESIAN_POINT ( 'NONE',  ( 0.3171893472501032263, 5.185307697522977932, -13.00000000000000000 ) ) ;
#4282 = ORIENTED_EDGE ( 'NONE', *, *, #6008, .F. ) ;
#4283 = EDGE_LOOP ( 'NONE', ( #4749 ) ) ;
#4284 = VECTOR ( 'NONE', #4865, 1000.000000000000000 ) ;
#4285 = ORIENTED_EDGE ( 'NONE', *, *, #5710, .F. ) ;
#4286 = ORIENTED_EDGE ( 'NONE', *, *, #873, .T. ) ;
#4287 = EDGE_CURVE ( 'NONE', #1897, #1897, #1843, .T. ) ;
#4288 = DIRECTION ( 'NONE',  ( -1.000000000000000000, 0.000000000000000000, 0.000000000000000000 ) ) ;
#4289 = EDGE_LOOP ( 'NONE', ( #2794, #7094, #2020, #11472 ) ) ;
#4290 = CARTESIAN_POINT ( 'NONE',  ( -17.58578643762690774, 39.80000000000000426, -20.00000000000000000 ) ) ;
#4291 = CARTESIAN_POINT ( 'NONE',  ( -24.99999999999999645, 5.000000000000000000, -10.00000000000000000 ) ) ;
#4292 = AXIS2_PLACEMENT_3D ( 'NONE', #7808, #11644, #294 ) ;
#4293 = CARTESIAN_POINT ( 'NONE',  ( 20.00000000000000355, 39.80000000000000426, -17.58578643762690774 ) ) ;
#4294 = CARTESIAN_POINT ( 'NONE',  ( 5.500000000000397904, -8.000000000000000000, -89.99999999999997158 ) ) ;
#4295 = CARTESIAN_POINT ( 'NONE',  ( -3.616390142880778757, 4.818957079542699695, -2.000000000000000000 ) ) ;
#4296 = CARTESIAN_POINT ( 'NONE',  ( 5.500000000000000888, -4.999999999999998224, 0.000000000000000000 ) ) ;
#4297 = CARTESIAN_POINT ( 'NONE',  ( -2.000000000000000888, 49.50000000000000000, -1.499999999999999334 ) ) ;
#4298 = AXIS2_PLACEMENT_3D ( 'NONE', #37, #4101, #4908 ) ;
#4299 = ORIENTED_EDGE ( 'NONE', *, *, #273, .T. ) ;
#4300 = ORIENTED_EDGE ( 'NONE', *, *, #2143, .F. ) ;
#4301 = VECTOR ( 'NONE', #4215, 1000.000000000000000 ) ;
#4302 = CARTESIAN_POINT ( 'NONE',  ( 22.20000000000000284, 4.952627944162877327, 0.5500000000000097033 ) ) ;
#4303 = CARTESIAN_POINT ( 'NONE',  ( 5.128648328663931721, 1.505321002607962200, -13.00000000000000000 ) ) ;
#4304 = ORIENTED_EDGE ( 'NONE', *, *, #4079, .F. ) ;
#4305 = DIRECTION ( 'NONE',  ( 0.000000000000000000, 0.000000000000000000, 1.000000000000000000 ) ) ;
#4306 = LINE ( 'NONE', #8122, #9752 ) ;
#4307 = CARTESIAN_POINT ( 'NONE',  ( 3.748380470424709010, 5.536446500142363725, -13.00000000000000000 ) ) ;
#4308 = CARTESIAN_POINT ( 'NONE',  ( 0.000000000000000000, 0.000000000000000000, -2.000000000000000000 ) ) ;
#4309 = VECTOR ( 'NONE', #2205, 1000.000000000000000 ) ;
#4310 = DIRECTION ( 'NONE',  ( 0.000000000000000000, 0.000000000000000000, 1.000000000000000000 ) ) ;
#4311 = SHAPE_DEFINITION_REPRESENTATION ( #1852, #7719 ) ;
#4312 = VERTEX_POINT ( 'NONE', #3025 ) ;
#4313 = LINE ( 'NONE', #8130, #3560 ) ;
#4314 = AXIS2_PLACEMENT_3D ( 'NONE', #4945, #3069, #11717 ) ;
#4315 = ORIENTED_EDGE ( 'NONE', *, *, #7258, .F. ) ;
#4316 = CARTESIAN_POINT ( 'NONE',  ( -16.49999999999999289, -16.50000000000000000, -5.000000000000000000 ) ) ;
#4317 = ORIENTED_EDGE ( 'NONE', *, *, #11158, .F. ) ;
#4318 = EDGE_CURVE ( 'NONE', #10868, #3669, #8826, .T. ) ;
#4319 = CARTESIAN_POINT ( 'NONE',  ( 5.251577878682482492, -3.035097204594769504, -13.00000000000000000 ) ) ;
#4320 = EDGE_CURVE ( 'NONE', #9640, #1330, #6033, .T. ) ;
#4321 = DIRECTION ( 'NONE',  ( 0.7071067811865463515, -0.000000000000000000, 0.7071067811865487940 ) ) ;
#4322 = ORIENTED_EDGE ( 'NONE', *, *, #7846, .F. ) ;
#4323 = CARTESIAN_POINT ( 'NONE',  ( -17.58578643762691485, 39.80000000000000426, 21.00000000000000355 ) ) ;
#4324 = DIRECTION ( 'NONE',  ( 0.000000000000000000, 0.000000000000000000, -1.000000000000000000 ) ) ;
#4325 = DIRECTION ( 'NONE',  ( -0.000000000000000000, 1.000000000000000000, 0.000000000000000000 ) ) ;
#4326 = TOROIDAL_SURFACE ( 'NONE', #11326, 0.8000000000000000444, 0.2000000000000000111 ) ;
#4327 = CARTESIAN_POINT ( 'NONE',  ( -15.50000000000000000, 35.50000000000000711, -14.18949999999999889 ) ) ;
#4328 = ORIENTED_EDGE ( 'NONE', *, *, #1058, .F. ) ;
#4329 = ORIENTED_EDGE ( 'NONE', *, *, #3254, .F. ) ;
#4330 = CARTESIAN_POINT ( 'NONE',  ( -20.70710678118653902, 39.80000000000000426, 18.29289321881346453 ) ) ;
#4331 = ORIENTED_EDGE ( 'NONE', *, *, #1027, .F. ) ;
#4332 = EDGE_CURVE ( 'NONE', #7706, #7706, #3845, .T. ) ;
#4333 = ADVANCED_FACE ( 'NONE', ( #10433 ), #9486, .T. ) ;
#4334 = CARTESIAN_POINT ( 'NONE',  ( -20.00000000000000355, 39.80000000000000426, -17.58578643762691840 ) ) ;
#4335 = EDGE_CURVE ( 'NONE', #2069, #9098, #4148, .T. ) ;
#4336 = CARTESIAN_POINT ( 'NONE',  ( -3.099999999999454303, 9.500000000000000000, -89.99999999999997158 ) ) ;
#4337 = ORIENTED_EDGE ( 'NONE', *, *, #8753, .T. ) ;
#4338 = ADVANCED_FACE ( 'NONE', ( #10804 ), #5957, .T. ) ;
#4339 = CARTESIAN_POINT ( 'NONE',  ( 0.000000000000000000, 0.000000000000000000, -13.00000000000000178 ) ) ;
#4340 = CARTESIAN_POINT ( 'NONE',  ( 0.3263478462082414211, -5.335027842783500063, -13.00000000000000000 ) ) ;
#4341 = DIRECTION ( 'NONE',  ( 0.000000000000000000, 0.000000000000000000, 1.000000000000000000 ) ) ;
#4342 = DIRECTION ( 'NONE',  ( -1.000000000000000000, 0.000000000000000000, 0.000000000000000000 ) ) ;
#4343 = EDGE_LOOP ( 'NONE', ( #11231, #3961, #3558, #12244 ) ) ;
#4344 = ORIENTED_EDGE ( 'NONE', *, *, #5076, .T. ) ;
#4345 = ORIENTED_EDGE ( 'NONE', *, *, #4399, .T. ) ;
#4346 = ORIENTED_EDGE ( 'NONE', *, *, #2656, .F. ) ;
#4347 = LINE ( 'NONE', #11996, #7570 ) ;
#4348 = VERTEX_POINT ( 'NONE', #3144 ) ;
#4349 = ADVANCED_FACE ( 'NONE', ( #10052 ), #8033, .T. ) ;
#4350 = DIRECTION ( 'NONE',  ( -1.000000000000000000, 0.000000000000000000, 0.000000000000000000 ) ) ;
#4351 = CIRCLE ( 'NONE', #7940, 0.6500000000000010214 ) ;
#4352 = FACE_BOUND ( 'NONE', #8860, .T. ) ;
#4353 = CLOSED_SHELL ( 'NONE', ( #99, #8298, #2489, #11754, #6340, #3309, #3746 ) ) ;
#4354 = AXIS2_PLACEMENT_3D ( 'NONE', #2687, #6377, #12204 ) ;
#4355 = LINE ( 'NONE', #8173, #5162 ) ;
#4356 = CARTESIAN_POINT ( 'NONE',  ( 9.500000000000000000, -3.099999999999909051, -870.0000000000000000 ) ) ;
#4357 = EDGE_CURVE ( 'NONE', #9295, #3578, #1414, .T. ) ;
#4358 = CARTESIAN_POINT ( 'NONE',  ( 20.70000000000000284, 32.00000000000000000, 15.47157287525382507 ) ) ;
#4359 = DIRECTION ( 'NONE',  ( 0.000000000000000000, -1.000000000000000000, 0.000000000000000000 ) ) ;
#4360 = VECTOR ( 'NONE', #11303, 1000.000000000000000 ) ;
#4361 = CIRCLE ( 'NONE', #3356, 0.6500000000000010214 ) ;
#4362 = EDGE_LOOP ( 'NONE', ( #238, #8040, #5507, #762 ) ) ;
#4363 = AXIS2_PLACEMENT_3D ( 'NONE', #4981, #7856, #224 ) ;
#4364 = ORIENTED_EDGE ( 'NONE', *, *, #872, .F. ) ;
#4365 = CARTESIAN_POINT ( 'NONE',  ( 5.273886783729719419, -0.8689897539102974244, -13.00000000000000000 ) ) ;
#4366 = FACE_OUTER_BOUND ( 'NONE', #1539, .T. ) ;
#4367 = ORIENTED_EDGE ( 'NONE', *, *, #3660, .F. ) ;
#4368 = CYLINDRICAL_SURFACE ( 'NONE', #3500, 5.195000000000000284 ) ;
#4369 = CIRCLE ( 'NONE', #3366, 0.7999999999999986011 ) ;
#4370 = CARTESIAN_POINT ( 'NONE',  ( 0.5190000000002328306, -3.900000000000090949, -870.0000000000000000 ) ) ;
#4371 = CARTESIAN_POINT ( 'NONE',  ( 3.893413252308147054, 4.598038521668918577, -13.00000000000000000 ) ) ;
#4372 = VECTOR ( 'NONE', #1418, 1000.000000000000000 ) ;
#4373 = VECTOR ( 'NONE', #9258, 1000.000000000000000 ) ;
#4374 = DIRECTION ( 'NONE',  ( 1.000000000000000000, 0.000000000000000000, -1.652117596168401314E-16 ) ) ;
#4375 = AXIS2_PLACEMENT_3D ( 'NONE', #10547, #3850, #3026 ) ;
#4376 = CYLINDRICAL_SURFACE ( 'NONE', #5916, 0.1500000000000008271 ) ;
#4377 = PRODUCT_CONTEXT ( 'NONE', #4704, 'mechanical' ) ;
#4378 = ORIENTED_EDGE ( 'NONE', *, *, #12110, .T. ) ;
#4379 = ADVANCED_FACE ( 'NONE', ( #7966 ), #2224, .T. ) ;
#4380 = VECTOR ( 'NONE', #1256, 1000.000000000000000 ) ;
#4381 = CARTESIAN_POINT ( 'NONE',  ( 1.084202172485504434E-16, -3.599999999999909051, -89.99999999999997158 ) ) ;
#4382 = AXIS2_PLACEMENT_3D ( 'NONE', #7565, #11517, #9400 ) ;
#4383 = AXIS2_PLACEMENT_3D ( 'NONE', #3596, #535, #5468 ) ;
#4384 = AXIS2_PLACEMENT_3D ( 'NONE', #268, #9799, #3083 ) ;
#4385 = CARTESIAN_POINT ( 'NONE',  ( 20.70710678118654613, 39.80000000000000426, 18.29289321881347163 ) ) ;
#4386 = ORIENTED_EDGE ( 'NONE', *, *, #6040, .T. ) ;
#4387 = CARTESIAN_POINT ( 'NONE',  ( 3.900000000000319655, -0.5189999999997791935, -89.99999999999997158 ) ) ;
#4388 = LINE ( 'NONE', #7203, #5864 ) ;
#4389 = ORIENTED_EDGE ( 'NONE', *, *, #9563, .F. ) ;
#4390 = ADVANCED_FACE ( 'NONE', ( #2283 ), #11798, .T. ) ;
#4391 = CARTESIAN_POINT ( 'NONE',  ( -2.000000000000000888, 63.91562668061989427, -1.119044584211879911 ) ) ;
#4392 = CONICAL_SURFACE ( 'NONE', #2601, 8.000000000000000000, 1.249045772398253984 ) ;
#4393 = DIRECTION ( 'NONE',  ( -0.000000000000000000, 1.000000000000000000, -0.000000000000000000 ) ) ;
#4394 = AXIS2_PLACEMENT_3D ( 'NONE', #8868, #2108, #9876 ) ;
#4395 = VECTOR ( 'NONE', #7282, 1000.000000000000000 ) ;
#4396 =( NAMED_UNIT ( * ) SI_UNIT ( $, .STERADIAN. ) SOLID_ANGLE_UNIT ( ) );
#4397 = ADVANCED_FACE ( 'NONE', ( #4034 ), #9921, .F. ) ;
#4398 = ORIENTED_EDGE ( 'NONE', *, *, #5438, .F. ) ;
#4399 = EDGE_CURVE ( 'NONE', #6811, #10856, #10925, .T. ) ;
#4400 = ORIENTED_EDGE ( 'NONE', *, *, #1106, .T. ) ;
#4401 = AXIS2_PLACEMENT_3D ( 'NONE', #1671, #7232, #2483 ) ;
#4402 = CARTESIAN_POINT ( 'NONE',  ( 1.991491178014985319, 6.382519791421613853, -2.000000000000000000 ) ) ;
#4403 = ORIENTED_EDGE ( 'NONE', *, *, #8078, .T. ) ;
#4404 = CARTESIAN_POINT ( 'NONE',  ( 0.000000000000000000, 0.000000000000000000, 5.000000000000000000 ) ) ;
#4405 = FACE_OUTER_BOUND ( 'NONE', #6842, .T. ) ;
#4406 = ORIENTED_EDGE ( 'NONE', *, *, #1134, .T. ) ;
#4407 = DIRECTION ( 'NONE',  ( 0.000000000000000000, 1.000000000000000000, 0.000000000000000000 ) ) ;
#4408 = CARTESIAN_POINT ( 'NONE',  ( 5.128648328663932610, -1.505321002607961312, -13.00000000000000000 ) ) ;
#4409 = CARTESIAN_POINT ( 'NONE',  ( 0.000000000000000000, 0.000000000000000000, -2.000000000000000000 ) ) ;
#4410 = VERTEX_POINT ( 'NONE', #10239 ) ;
#4411 = AXIS2_PLACEMENT_3D ( 'NONE', #1612, #6407, #4350 ) ;
#4412 = EDGE_CURVE ( 'NONE', #9917, #8872, #5028, .T. ) ;
#4413 = ORIENTED_EDGE ( 'NONE', *, *, #92, .F. ) ;
#4414 = EDGE_CURVE ( 'NONE', #4147, #1010, #459, .T. ) ;
#4415 = VERTEX_POINT ( 'NONE', #8853 ) ;
#4416 = EDGE_LOOP ( 'NONE', ( #3726, #3811, #5272, #465 ) ) ;
#4417 = DIRECTION ( 'NONE',  ( 1.000000000000000000, 0.000000000000000000, 0.000000000000000000 ) ) ;
#4418 = ORIENTED_EDGE ( 'NONE', *, *, #11988, .T. ) ;
#4419 = CARTESIAN_POINT ( 'NONE',  ( -5.128648328663922840, -1.505321002607963088, -2.000000000000000000 ) ) ;
#4420 = TOROIDAL_SURFACE ( 'NONE', #8211, 0.8000000000000000444, 0.2000000000000000111 ) ;
#4421 = DIRECTION ( 'NONE',  ( -1.000000000000000000, 0.000000000000000000, 0.000000000000000000 ) ) ;
#4422 = DIRECTION ( 'NONE',  ( 1.000000000000000000, 0.000000000000000000, 0.000000000000000000 ) ) ;
#4423 = DIRECTION ( 'NONE',  ( 1.000000000000000000, 0.000000000000000000, 0.000000000000000000 ) ) ;
#4424 = CARTESIAN_POINT ( 'NONE',  ( 0.000000000000000000, -3.599999999999909051, -870.0000000000000000 ) ) ;
#4425 = LINE ( 'NONE', #10193, #9342 ) ;
#4426 = ADVANCED_FACE ( 'NONE', ( #3332 ), #6084, .T. ) ;
#4427 = AXIS2_PLACEMENT_3D ( 'NONE', #8201, #4610, #1516 ) ;
#4428 = ORIENTED_EDGE ( 'NONE', *, *, #1590, .F. ) ;
#4429 = EDGE_LOOP ( 'NONE', ( #5534, #5077, #12211, #8741 ) ) ;
#4430 = CARTESIAN_POINT ( 'NONE',  ( -1.512829983820067614, 5.831978261281080655, -13.00000000000000000 ) ) ;
#4431 = CARTESIAN_POINT ( 'NONE',  ( 18.15147186257615886, 0.2000000000000000111, -20.56568542494924046 ) ) ;
#4432 = EDGE_CURVE ( 'NONE', #3297, #1649, #10991, .T. ) ;
#4433 = ORIENTED_EDGE ( 'NONE', *, *, #3595, .F. ) ;
#4434 = EDGE_CURVE ( 'NONE', #6080, #2337, #9646, .T. ) ;
#4435 = DIRECTION ( 'NONE',  ( 0.000000000000000000, -1.000000000000000000, 0.000000000000000000 ) ) ;
#4436 = AXIS2_PLACEMENT_3D ( 'NONE', #2359, #6976, #10747 ) ;
#4437 = PRODUCT ( '\X2\7535673a56fa5b9a677f\X0\', '\X2\7535673a56fa5b9a677f\X0\', '', ( #12127 ) ) ;
#4438 = DIRECTION ( 'NONE',  ( -0.000000000000000000, -0.000000000000000000, 1.000000000000000000 ) ) ;
#4439 = DIRECTION ( 'NONE',  ( -0.000000000000000000, -0.000000000000000000, 1.000000000000000000 ) ) ;
#4440 = CARTESIAN_POINT ( 'NONE',  ( -20.56568542494922980, 32.20000000000000284, 18.15147186257615530 ) ) ;
#4441 = LINE ( 'NONE', #11950, #11534 ) ;
#4442 = EDGE_CURVE ( 'NONE', #1125, #120, #7898, .T. ) ;
#4443 = ORIENTED_EDGE ( 'NONE', *, *, #2462, .F. ) ;
#4444 = VECTOR ( 'NONE', #6960, 1000.000000000000000 ) ;
#4445 = DIRECTION ( 'NONE',  ( 0.000000000000000000, 0.000000000000000000, -1.000000000000000000 ) ) ;
#4446 = CARTESIAN_POINT ( 'NONE',  ( -17.58578643762690774, 0.000000000000000000, -20.80000000000000071 ) ) ;
#4447 = EDGE_CURVE ( 'NONE', #9935, #748, #8041, .T. ) ;
#4448 = ORIENTED_EDGE ( 'NONE', *, *, #7990, .F. ) ;
#4449 = DIRECTION ( 'NONE',  ( -0.000000000000000000, -0.000000000000000000, -1.000000000000000000 ) ) ;
#4450 = ORIENTED_EDGE ( 'NONE', *, *, #6049, .T. ) ;
#4451 = CARTESIAN_POINT ( 'NONE',  ( -2.000000000000000888, 63.70000000000001705, -1.499999999999999334 ) ) ;
#4452 = AXIS2_PLACEMENT_3D ( 'NONE', #2828, #9415, #4824 ) ;
#4453 = LINE ( 'NONE', #11274, #10365 ) ;
#4454 = VERTEX_POINT ( 'NONE', #11101 ) ;
#4455 = EDGE_LOOP ( 'NONE', ( #332 ) ) ;
#4456 = EDGE_LOOP ( 'NONE', ( #4569, #8031, #22, #11695 ) ) ;
#4457 = CARTESIAN_POINT ( 'NONE',  ( 3.100000000000363798, 9.500000000000000000, -870.0000000000000000 ) ) ;
#4458 = VERTEX_POINT ( 'NONE', #6894 ) ;
#4459 = CYLINDRICAL_SURFACE ( 'NONE', #1827, 7.500000000000000000 ) ;
#4460 = FACE_OUTER_BOUND ( 'NONE', #7955, .T. ) ;
#4461 = ORIENTED_EDGE ( 'NONE', *, *, #6985, .T. ) ;
#4462 = CARTESIAN_POINT ( 'NONE',  ( -20.70710678118653902, 32.20000000000000284, 18.29289321881346453 ) ) ;
#4463 = CARTESIAN_POINT ( 'NONE',  ( -5.128648328663922840, -1.505321002607963088, -13.00000000000000000 ) ) ;
#4464 = CARTESIAN_POINT ( 'NONE',  ( -21.00000000000000355, 40.00000000000000000, -21.00000000000000000 ) ) ;
#4465 = CARTESIAN_POINT ( 'NONE',  ( -24.99999999999999645, 0.000000000000000000, 10.00000000000000000 ) ) ;
#4466 = ORIENTED_EDGE ( 'NONE', *, *, #1393, .F. ) ;
#4467 = EDGE_LOOP ( 'NONE', ( #6297, #7441, #3903, #7421 ) ) ;
#4468 = ORIENTED_EDGE ( 'NONE', *, *, #621, .F. ) ;
#4469 = DIRECTION ( 'NONE',  ( 1.000000000000000000, 0.000000000000000000, 0.000000000000000000 ) ) ;
#4470 = VERTEX_POINT ( 'NONE', #326 ) ;
#4471 = DIRECTION ( 'NONE',  ( 1.000000000000000000, 0.000000000000000000, 0.000000000000000000 ) ) ;
#4472 = EDGE_CURVE ( 'NONE', #10553, #5676, #2153, .T. ) ;
#4473 = FACE_OUTER_BOUND ( 'NONE', #10030, .T. ) ;
#4474 =( REPRESENTATION_RELATIONSHIP ('NONE','NONE', #2684, #6443 ) REPRESENTATION_RELATIONSHIP_WITH_TRANSFORMATION ( #2739 )SHAPE_REPRESENTATION_RELATIONSHIP( ) );
#4475 = FACE_OUTER_BOUND ( 'NONE', #8278, .T. ) ;
#4476 = CARTESIAN_POINT ( 'NONE',  ( -0.9749999999999822142, 6.614527269578670321, -13.00000000000000000 ) ) ;
#4477 = CARTESIAN_POINT ( 'NONE',  ( -5.195159997428645759, 0.7413101035398989014, -13.00000000000000000 ) ) ;
#4478 = ORIENTED_EDGE ( 'NONE', *, *, #4803, .T. ) ;
#4479 = ORIENTED_EDGE ( 'NONE', *, *, #5873, .F. ) ;
#4480 = DIRECTION ( 'NONE',  ( 1.000000000000000000, 0.000000000000000000, 0.000000000000000000 ) ) ;
#4481 = VECTOR ( 'NONE', #51, 1000.000000000000000 ) ;
#4482 = DIRECTION ( 'NONE',  ( 0.000000000000000000, 0.000000000000000000, -1.000000000000000000 ) ) ;
#4483 = MECHANICAL_DESIGN_GEOMETRIC_PRESENTATION_REPRESENTATION (  '', ( #7466 ), #1076 ) ;
#4484 = EDGE_LOOP ( 'NONE', ( #2250, #10555, #324, #4344 ) ) ;
#4485 = ADVANCED_FACE ( 'NONE', ( #10110 ), #11168, .T. ) ;
#4486 = EDGE_CURVE ( 'NONE', #2081, #2081, #2249, .T. ) ;
#4487 = DIRECTION ( 'NONE',  ( 0.000000000000000000, 0.000000000000000000, 1.000000000000000000 ) ) ;
#4488 = EDGE_CURVE ( 'NONE', #1237, #4723, #10291, .T. ) ;
#4489 = DIRECTION ( 'NONE',  ( 1.000000000000000000, 0.000000000000000000, 0.000000000000000000 ) ) ;
#4490 = DIRECTION ( 'NONE',  ( 1.000000000000000000, 0.000000000000000000, 0.000000000000000000 ) ) ;
#4491 = CYLINDRICAL_SURFACE ( 'NONE', #2196, 1.000000000000000888 ) ;
#4492 = CARTESIAN_POINT ( 'NONE',  ( 0.000000000000000000, 5.000000000000000000, 0.000000000000000000 ) ) ;
#4493 = AXIS2_PLACEMENT_3D ( 'NONE', #675, #4487, #12123 ) ;
#4494 = AXIS2_PLACEMENT_3D ( 'NONE', #11139, #8123, #6305 ) ;
#4495 = ORIENTED_EDGE ( 'NONE', *, *, #7658, .F. ) ;
#4496 = FACE_OUTER_BOUND ( 'NONE', #8210, .T. ) ;
#4497 = FACE_OUTER_BOUND ( 'NONE', #880, .T. ) ;
#4498 = ORIENTED_EDGE ( 'NONE', *, *, #3754, .T. ) ;
#4499 = AXIS2_PLACEMENT_3D ( 'NONE', #2594, #6103, #4582 ) ;
#4500 = ADVANCED_FACE ( 'NONE', ( #2649 ), #1716, .T. ) ;
#4501 = CIRCLE ( 'NONE', #4889, 1.000000000000000888 ) ;
#4502 = CYLINDRICAL_SURFACE ( 'NONE', #7464, 0.1500000000000013545 ) ;
#4503 = CARTESIAN_POINT ( 'NONE',  ( -5.779348217812155575, 3.361804601292480044, -13.00000000000000000 ) ) ;
#4504 = CARTESIAN_POINT ( 'NONE',  ( 18.15147186257615530, 8.000000000000000000, -20.56568542494923690 ) ) ;
#4505 = CARTESIAN_POINT ( 'NONE',  ( 4.374567281301041888, -3.071186432206673533, -2.000000000000000000 ) ) ;
#4506 = ADVANCED_FACE ( 'NONE', ( #8218 ), #8396, .T. ) ;
#4507 = DIRECTION ( 'NONE',  ( 1.000000000000000000, 0.000000000000000000, 0.000000000000000000 ) ) ;
#4508 = AXIS2_PLACEMENT_3D ( 'NONE', #11097, #10096, #10039 ) ;
#4509 = ORIENTED_EDGE ( 'NONE', *, *, #11346, .T. ) ;
#4510 = ORIENTED_EDGE ( 'NONE', *, *, #1313, .F. ) ;
#4511 = EDGE_CURVE ( 'NONE', #895, #895, #5033, .T. ) ;
#4512 = DIRECTION ( 'NONE',  ( 0.000000000000000000, 0.000000000000000000, -1.000000000000000000 ) ) ;
#4513 = EDGE_LOOP ( 'NONE', ( #2335, #11277, #1060, #1227 ) ) ;
#4514 = DIRECTION ( 'NONE',  ( -1.000000000000000000, 0.000000000000000000, 0.000000000000000000 ) ) ;
#4515 = LINE ( 'NONE', #11913, #6688 ) ;
#4516 = EDGE_LOOP ( 'NONE', ( #3943, #7866, #7576, #1413 ) ) ;
#4517 = FACE_OUTER_BOUND ( 'NONE', #11722, .T. ) ;
#4518 = FACE_OUTER_BOUND ( 'NONE', #5799, .T. ) ;
#4519 = VECTOR ( 'NONE', #9864, 1000.000000000000000 ) ;
#4520 = DIRECTION ( 'NONE',  ( 0.000000000000000000, -0.000000000000000000, 1.000000000000000000 ) ) ;
#4521 = DIRECTION ( 'NONE',  ( -0.000000000000000000, -0.000000000000000000, 1.000000000000000000 ) ) ;
#4522 = CYLINDRICAL_SURFACE ( 'NONE', #7965, 0.2799999999999981393 ) ;
#4523 = ORIENTED_EDGE ( 'NONE', *, *, #7019, .T. ) ;
#4524 = ORIENTED_EDGE ( 'NONE', *, *, #364, .T. ) ;
#4525 = ORIENTED_EDGE ( 'NONE', *, *, #10309, .T. ) ;
#4526 = VECTOR ( 'NONE', #9017, 1000.000000000000000 ) ;
#4527 = EDGE_CURVE ( 'NONE', #10921, #8664, #3463, .T. ) ;
#4528 = CARTESIAN_POINT ( 'NONE',  ( -0.3263478462082365916, 5.335027842783510721, -2.000000000000000000 ) ) ;
#4529 = ORIENTED_EDGE ( 'NONE', *, *, #5695, .T. ) ;
#4530 = DIRECTION ( 'NONE',  ( 0.000000000000000000, 0.000000000000000000, -1.000000000000000000 ) ) ;
#4531 = DIRECTION ( 'NONE',  ( 0.000000000000000000, -0.000000000000000000, 1.000000000000000000 ) ) ;
#4532 = CARTESIAN_POINT ( 'NONE',  ( -18.00000000000001066, 40.00000000000000000, 21.00000000000000355 ) ) ;
#4533 = CARTESIAN_POINT ( 'NONE',  ( -0.9999999999999956701, -28.00000000000000000, 0.000000000000000000 ) ) ;
#4534 = VECTOR ( 'NONE', #5853, 1000.000000000000114 ) ;
#4535 = DIRECTION ( 'NONE',  ( -0.000000000000000000, -0.000000000000000000, -1.000000000000000000 ) ) ;
#4536 = ADVANCED_FACE ( 'NONE', ( #12096, #1598 ), #7274, .F. ) ;
#4537 = ORIENTED_EDGE ( 'NONE', *, *, #1945, .F. ) ;
#4538 = EDGE_LOOP ( 'NONE', ( #7032, #11675, #11212, #9845 ) ) ;
#4539 = EDGE_CURVE ( 'NONE', #9108, #6717, #11055, .T. ) ;
#4540 = CARTESIAN_POINT ( 'NONE',  ( 5.500000000000396128, 8.000000000000000000, -870.0000000000000000 ) ) ;
#4541 = ORIENTED_EDGE ( 'NONE', *, *, #2736, .F. ) ;
#4542 = AXIS2_PLACEMENT_3D ( 'NONE', #10139, #9013, #7189 ) ;
#4543 = CARTESIAN_POINT ( 'NONE',  ( 6.022394731077292285, -0.1771629280985726196, -13.00000000000000000 ) ) ;
#4544 = ORIENTED_EDGE ( 'NONE', *, *, #9871, .F. ) ;
#4545 = CARTESIAN_POINT ( 'NONE',  ( 2.910000000000487308, 3.900000000000267697, -89.99999999999997158 ) ) ;
#4546 = DIRECTION ( 'NONE',  ( -0.000000000000000000, -0.000000000000000000, -1.000000000000000000 ) ) ;
#4547 = DIRECTION ( 'NONE',  ( 0.000000000000000000, -1.000000000000000000, 0.000000000000000000 ) ) ;
#4548 = CARTESIAN_POINT ( 'NONE',  ( -1.878755766203753064, -4.899949473152685364, -13.00000000000000000 ) ) ;
#4549 = CARTESIAN_POINT ( 'NONE',  ( 2.910000000000763976, -3.900000000000090949, -870.0000000000000000 ) ) ;
#4550 = AXIS2_PLACEMENT_3D ( 'NONE', #2579, #3453, #7383 ) ;
#4551 = AXIS2_PLACEMENT_3D ( 'NONE', #9446, #4546, #1686 ) ;
#4552 = CONTEXT_DEPENDENT_SHAPE_REPRESENTATION ( #7497, #9445 ) ;
#4553 = ADVANCED_FACE ( 'NONE', ( #5458 ), #10446, .T. ) ;
#4554 = EDGE_LOOP ( 'NONE', ( #7690, #3762, #6007, #5145 ) ) ;
#4555 = EDGE_CURVE ( 'NONE', #8294, #330, #7033, .T. ) ;
#4556 = DIRECTION ( 'NONE',  ( 0.000000000000000000, 0.000000000000000000, 1.000000000000000000 ) ) ;
#4557 = DIRECTION ( 'NONE',  ( 1.000000000000000000, 0.000000000000000000, 0.000000000000000000 ) ) ;
#4558 = CIRCLE ( 'NONE', #8563, 0.1500000000000031586 ) ;
#4559 = VERTEX_POINT ( 'NONE', #4462 ) ;
#4560 = AXIS2_PLACEMENT_3D ( 'NONE', #4296, #8175, #11937 ) ;
#4561 = AXIS2_PLACEMENT_3D ( 'NONE', #9270, #6433, #8308 ) ;
#4562 = AXIS2_PLACEMENT_3D ( 'NONE', #8602, #1974, #6597 ) ;
#4563 = CARTESIAN_POINT ( 'NONE',  ( -0.4333079431568606643, 5.229863506334589296, -13.00000000000000000 ) ) ;
#4564 = FACE_OUTER_BOUND ( 'NONE', #4255, .T. ) ;
#4565 = DIRECTION ( 'NONE',  ( -1.000000000000000000, 0.000000000000000000, 0.000000000000000000 ) ) ;
#4566 = CARTESIAN_POINT ( 'NONE',  ( 4.984719937775328624, -1.463076259784538369, -13.00000000000000000 ) ) ;
#4567 = VECTOR ( 'NONE', #8038, 1000.000000000000000 ) ;
#4568 = VECTOR ( 'NONE', #2116, 1000.000000000000000 ) ;
#4569 = ORIENTED_EDGE ( 'NONE', *, *, #1919, .F. ) ;
#4570 = ADVANCED_FACE ( 'NONE', ( #4517 ), #3517, .F. ) ;
#4571 = VERTEX_POINT ( 'NONE', #3584 ) ;
#4572 = FACE_OUTER_BOUND ( 'NONE', #899, .T. ) ;
#4573 = ORIENTED_EDGE ( 'NONE', *, *, #10325, .F. ) ;
#4574 = CARTESIAN_POINT ( 'NONE',  ( -20.99999999999999645, 39.80000000000000426, 17.58578643762692195 ) ) ;
#4575 = EDGE_CURVE ( 'NONE', #458, #6372, #2473, .T. ) ;
#4576 = CARTESIAN_POINT ( 'NONE',  ( -19.99999999999999645, 7.800000000000001599, 17.58578643762692195 ) ) ;
#4577 = ORIENTED_EDGE ( 'NONE', *, *, #11322, .T. ) ;
#4578 = VECTOR ( 'NONE', #8876, 1000.000000000000000 ) ;
#4579 = AXIS2_PLACEMENT_3D ( 'NONE', #5922, #6055, #2254 ) ;
#4580 = DIRECTION ( 'NONE',  ( -0.000000000000000000, -0.000000000000000000, 1.000000000000000000 ) ) ;
#4581 = VECTOR ( 'NONE', #4973, 1000.000000000000000 ) ;
#4582 = DIRECTION ( 'NONE',  ( 0.000000000000000000, 0.000000000000000000, -1.000000000000000000 ) ) ;
#4583 = FACE_OUTER_BOUND ( 'NONE', #6606, .T. ) ;
#4584 = LINE ( 'NONE', #6456, #128 ) ;
#4585 = DIRECTION ( 'NONE',  ( 1.000000000000000000, 0.000000000000000000, 0.000000000000000000 ) ) ;
#4586 = ADVANCED_BREP_SHAPE_REPRESENTATION ( '', ( #738, #11368 ), #5171 ) ;
#4587 = ORIENTED_EDGE ( 'NONE', *, *, #4012, .F. ) ;
#4588 = EDGE_CURVE ( 'NONE', #8707, #8707, #10649, .T. ) ;
#4589 = AXIS2_PLACEMENT_3D ( 'NONE', #1036, #10442, #8609 ) ;
#4590 = CIRCLE ( 'NONE', #11599, 1.000000000000000888 ) ;
#4591 = CIRCLE ( 'NONE', #8384, 1.000000000000000888 ) ;
#4592 = ORIENTED_EDGE ( 'NONE', *, *, #12340, .T. ) ;
#4593 = CYLINDRICAL_SURFACE ( 'NONE', #7484, 1.975000000000008971 ) ;
#4594 = DIRECTION ( 'NONE',  ( 1.000000000000000000, 0.000000000000000000, 0.000000000000000000 ) ) ;
#4595 = ORIENTED_EDGE ( 'NONE', *, *, #1185, .T. ) ;
#4596 = CARTESIAN_POINT ( 'NONE',  ( -6.231729350392678057, -2.422425500083453365, -2.000000000000000000 ) ) ;
#4597 = PLANE ( 'NONE',  #7816 ) ;
#4598 = CIRCLE ( 'NONE', #1008, 0.2000000000000002887 ) ;
#4599 = DIRECTION ( 'NONE',  ( -0.7071067811865475727, 0.000000000000000000, 0.7071067811865475727 ) ) ;
#4600 = CIRCLE ( 'NONE', #403, 0.1999999999999987899 ) ;
#4601 = DIRECTION ( 'NONE',  ( -0.000000000000000000, -0.000000000000000000, 1.000000000000000000 ) ) ;
#4602 = CARTESIAN_POINT ( 'NONE',  ( 3.600000000000363798, -9.500000000000000000, -870.0000000000000000 ) ) ;
#4603 = ORIENTED_EDGE ( 'NONE', *, *, #6322, .T. ) ;
#4604 = VERTEX_POINT ( 'NONE', #9102 ) ;
#4605 = AXIS2_PLACEMENT_3D ( 'NONE', #6130, #3251, #7821 ) ;
#4606 = LINE ( 'NONE', #12119, #5762 ) ;
#4607 = ORIENTED_EDGE ( 'NONE', *, *, #2887, .F. ) ;
#4608 = CARTESIAN_POINT ( 'NONE',  ( -3.099999999999454303, 8.000000000000000000, -870.0000000000000000 ) ) ;
#4609 = ORIENTED_EDGE ( 'NONE', *, *, #434, .T. ) ;
#4610 = DIRECTION ( 'NONE',  ( -0.000000000000000000, -0.000000000000000000, -1.000000000000000000 ) ) ;
#4611 = FACE_OUTER_BOUND ( 'NONE', #7807, .T. ) ;
#4612 = FACE_OUTER_BOUND ( 'NONE', #480, .T. ) ;
#4613 = CYLINDRICAL_SURFACE ( 'NONE', #8289, 1.975000000000016742 ) ;
#4614 = CARTESIAN_POINT ( 'NONE',  ( 4.127586995253214930, 4.444537192309534923, -2.000000000000000000 ) ) ;
#4615 = EDGE_CURVE ( 'NONE', #1944, #9751, #1657, .T. ) ;
#4616 = AXIS2_PLACEMENT_3D ( 'NONE', #8510, #12334, #2825 ) ;
#4617 = DIRECTION ( 'NONE',  ( -9.035018104044462114E-14, -1.000000000000000000, 0.000000000000000000 ) ) ;
#4618 = ORIENTED_EDGE ( 'NONE', *, *, #2547, .T. ) ;
#4619 = VERTEX_POINT ( 'NONE', #3403 ) ;
#4620 = DIRECTION ( 'NONE',  ( -1.000000000000000000, 0.000000000000000000, 0.000000000000000000 ) ) ;
#4621 = DIRECTION ( 'NONE',  ( 0.000000000000000000, -1.000000000000000000, 0.000000000000000000 ) ) ;
#4622 = CIRCLE ( 'NONE', #10829, 0.2000000000000002887 ) ;
#4623 = ORIENTED_EDGE ( 'NONE', *, *, #6569, .F. ) ;
#4624 = CARTESIAN_POINT ( 'NONE',  ( 0.000000000000000000, 0.000000000000000000, -13.00000000000000178 ) ) ;
#4625 = DIRECTION ( 'NONE',  ( -0.7071067811865475727, 0.000000000000000000, -0.7071067811865475727 ) ) ;
#4626 = EDGE_CURVE ( 'NONE', #9737, #2841, #10597, .T. ) ;
#4627 = FACE_OUTER_BOUND ( 'NONE', #11959, .T. ) ;
#4628 = CYLINDRICAL_SURFACE ( 'NONE', #8986, 0.6500000000000010214 ) ;
#4629 = EDGE_CURVE ( 'NONE', #7111, #4458, #8635, .T. ) ;
#4630 = EDGE_CURVE ( 'NONE', #10664, #10664, #11648, .T. ) ;
#4631 = LINE ( 'NONE', #11334, #10969 ) ;
#4632 =( NAMED_UNIT ( * ) PLANE_ANGLE_UNIT ( ) SI_UNIT ( $, .RADIAN. ) );
#4633 = VECTOR ( 'NONE', #2295, 1000.000000000000000 ) ;
#4634 = ORIENTED_EDGE ( 'NONE', *, *, #4414, .T. ) ;
#4635 = ORIENTED_EDGE ( 'NONE', *, *, #8753, .F. ) ;
#4636 = DIRECTION ( 'NONE',  ( 0.000000000000000000, 0.000000000000000000, 1.000000000000000000 ) ) ;
#4637 = ORIENTED_EDGE ( 'NONE', *, *, #524, .T. ) ;
#4638 = DIRECTION ( 'NONE',  ( -0.000000000000000000, -0.000000000000000000, -1.000000000000000000 ) ) ;
#4639 = LINE ( 'NONE', #8453, #1692 ) ;
#4640 = ORIENTED_EDGE ( 'NONE', *, *, #4630, .T. ) ;
#4641 = AXIS2_PLACEMENT_3D ( 'NONE', #8913, #2411, #6216 ) ;
#4642 = EDGE_CURVE ( 'NONE', #9662, #9662, #5246, .T. ) ;
#4643 = DIRECTION ( 'NONE',  ( -1.000000000000000000, 0.000000000000000000, 0.000000000000000000 ) ) ;
#4644 = DIRECTION ( 'NONE',  ( 1.000000000000000000, 0.000000000000000000, 0.000000000000000000 ) ) ;
#4645 = ADVANCED_FACE ( 'NONE', ( #3010 ), #4698, .T. ) ;
#4646 = FACE_OUTER_BOUND ( 'NONE', #10492, .T. ) ;
#4647 = PLANE ( 'NONE',  #7125 ) ;
#4648 = DIRECTION ( 'NONE',  ( 0.000000000000000000, 0.000000000000000000, 1.000000000000000000 ) ) ;
#4649 = ORIENTED_EDGE ( 'NONE', *, *, #6545, .T. ) ;
#4650 = AXIS2_PLACEMENT_3D ( 'NONE', #378, #4263, #194 ) ;
#4651 = VERTEX_POINT ( 'NONE', #8703 ) ;
#4652 = DIRECTION ( 'NONE',  ( -0.000000000000000000, -0.000000000000000000, 1.000000000000000000 ) ) ;
#4653 = FACE_OUTER_BOUND ( 'NONE', #1570, .T. ) ;
#4654 = VERTEX_POINT ( 'NONE', #2019 ) ;
#4655 = CARTESIAN_POINT ( 'NONE',  ( 3.900000000000319655, 2.910000000000308340, -870.0000000000000000 ) ) ;
#4656 = CARTESIAN_POINT ( 'NONE',  ( -9.500000000000000000, 3.599999999999909051, -870.0000000000000000 ) ) ;
#4657 = EDGE_CURVE ( 'NONE', #3742, #3441, #9598, .T. ) ;
#4658 = DIRECTION ( 'NONE',  ( -0.7071067811865475727, 0.000000000000000000, 0.7071067811865475727 ) ) ;
#4659 = CARTESIAN_POINT ( 'NONE',  ( -30.00000000000000000, -29.99999999999999289, 5.000000000000000000 ) ) ;
#4660 = LINE ( 'NONE', #9252, #4360 ) ;
#4661 = EDGE_CURVE ( 'NONE', #9247, #6156, #6245, .T. ) ;
#4662 = ORIENTED_EDGE ( 'NONE', *, *, #4629, .F. ) ;
#4663 = EDGE_LOOP ( 'NONE', ( #1793, #729, #11254, #12317 ) ) ;
#4664 = ORIENTED_EDGE ( 'NONE', *, *, #11425, .T. ) ;
#4665 = CARTESIAN_POINT ( 'NONE',  ( 3.100000000000363798, -9.500000000000000000, -89.99999999999997158 ) ) ;
#4666 = ORIENTED_EDGE ( 'NONE', *, *, #10311, .F. ) ;
#4667 = LINE ( 'NONE', #12026, #634 ) ;
#4668 = FACE_OUTER_BOUND ( 'NONE', #7018, .T. ) ;
#4669 = DIRECTION ( 'NONE',  ( -0.000000000000000000, -0.000000000000000000, -1.000000000000000000 ) ) ;
#4670 = FACE_OUTER_BOUND ( 'NONE', #9861, .T. ) ;
#4671 = CARTESIAN_POINT ( 'NONE',  ( 17.58578643762691840, 32.00000000000000000, -20.80000000000000071 ) ) ;
#4672 = CYLINDRICAL_SURFACE ( 'NONE', #6531, 0.2000000000000002887 ) ;
#4673 = VERTEX_POINT ( 'NONE', #3766 ) ;
#4674 = ITEM_DEFINED_TRANSFORMATION ( 'NONE', 'NONE', #8319,  #11368 ) ;
#4675 = AXIS2_PLACEMENT_3D ( 'NONE', #6214, #764, #10471 ) ;
#4676 = EDGE_LOOP ( 'NONE', ( #659 ) ) ;
#4677 = AXIS2_PLACEMENT_3D ( 'NONE', #7869, #1308, #8881 ) ;
#4678 = FACE_OUTER_BOUND ( 'NONE', #6366, .T. ) ;
#4679 = DIRECTION ( 'NONE',  ( 0.000000000000000000, -1.000000000000000000, 0.000000000000000000 ) ) ;
#4680 = ORIENTED_EDGE ( 'NONE', *, *, #7815, .F. ) ;
#4681 = CARTESIAN_POINT ( 'NONE',  ( 8.500000000000000000, -8.500000000000000000, -870.0000000000000000 ) ) ;
#4682 = CARTESIAN_POINT ( 'NONE',  ( -30.00000000000000000, -29.99999999999999289, 0.000000000000000000 ) ) ;
#4683 = CIRCLE ( 'NONE', #7087, 0.7999999999999986011 ) ;
#4684 = FACE_OUTER_BOUND ( 'NONE', #8825, .T. ) ;
#4685 = FACE_BOUND ( 'NONE', #165, .T. ) ;
#4686 =( LENGTH_UNIT ( ) NAMED_UNIT ( * ) SI_UNIT ( .MILLI., .METRE. ) );
#4687 = EDGE_LOOP ( 'NONE', ( #5274 ) ) ;
#4688 = EDGE_CURVE ( 'NONE', #11198, #7604, #1892, .T. ) ;
#4689 = AXIS2_PLACEMENT_3D ( 'NONE', #7422, #11444, #11259 ) ;
#4690 = ORIENTED_EDGE ( 'NONE', *, *, #4014, .F. ) ;
#4691 = EDGE_CURVE ( 'NONE', #8760, #3538, #1841, .T. ) ;
#4692 = AXIS2_PLACEMENT_3D ( 'NONE', #7146, #10108, #6330 ) ;
#4693 = CARTESIAN_POINT ( 'NONE',  ( 1.221639864514395768, -6.185517039134985851, -13.00000000000000000 ) ) ;
#4694 = ORIENTED_EDGE ( 'NONE', *, *, #11377, .F. ) ;
#4695 = DIRECTION ( 'NONE',  ( 1.000000000000000000, 0.000000000000000000, 0.000000000000000000 ) ) ;
#4696 = LINE ( 'NONE', #9594, #7493 ) ;
#4697 = ORIENTED_EDGE ( 'NONE', *, *, #1804, .F. ) ;
#4698 = PLANE ( 'NONE',  #12241 ) ;
#4699 = DIRECTION ( 'NONE',  ( 0.000000000000000000, 0.000000000000000000, 1.000000000000000000 ) ) ;
#4700 = CARTESIAN_POINT ( 'NONE',  ( -5.128648328663922840, -1.505321002607963088, -13.00000000000000000 ) ) ;
#4701 = CIRCLE ( 'NONE', #9704, 0.1999999999999987899 ) ;
#4702 = CARTESIAN_POINT ( 'NONE',  ( -18.29289321881346453, 8.000000000000000000, 20.70710678118654968 ) ) ;
#4703 = CARTESIAN_POINT ( 'NONE',  ( 0.000000000000000000, 39.89999999999999858, 11.00000000000000000 ) ) ;
#4705 = EDGE_LOOP ( 'NONE', ( #8357, #7082, #3034, #11161 ) ) ;
#4704 = APPLICATION_CONTEXT ( 'automotive_design' ) ;
#4706 = EDGE_CURVE ( 'NONE', #7257, #4415, #6581, .T. ) ;
#4707 = EDGE_CURVE ( 'NONE', #11678, #6798, #8444, .T. ) ;
#4708 = EDGE_LOOP ( 'NONE', ( #3209, #7024, #2641, #10454 ) ) ;
#4709 = CARTESIAN_POINT ( 'NONE',  ( -3.599999999999454303, -10.00000000000000000, -870.0000000000000000 ) ) ;
#4710 = EDGE_CURVE ( 'NONE', #1877, #8543, #10658, .T. ) ;
#4711 = CARTESIAN_POINT ( 'NONE',  ( -9.500000000000000000, 3.099999999999909051, -89.99999999999997158 ) ) ;
#4712 = ORIENTED_EDGE ( 'NONE', *, *, #11014, .F. ) ;
#4713 = DIRECTION ( 'NONE',  ( 0.000000000000000000, 0.000000000000000000, 1.000000000000000000 ) ) ;
#4714 = CARTESIAN_POINT ( 'NONE',  ( 17.85857864376270498, 32.20000000000000284, -20.85857864376269433 ) ) ;
#4715 = DIRECTION ( 'NONE',  ( 0.7071067811865303643, 0.7071067811865647812, -0.000000000000000000 ) ) ;
#4716 = CARTESIAN_POINT ( 'NONE',  ( -10.00000000000000000, -8.500000000000000000, -870.0000000000000000 ) ) ;
#4717 = DIRECTION ( 'NONE',  ( -0.000000000000000000, -1.000000000000000000, -0.000000000000000000 ) ) ;
#4718 = VECTOR ( 'NONE', #2597, 1000.000000000000000 ) ;
#4719 = ORIENTED_EDGE ( 'NONE', *, *, #7292, .T. ) ;
#4720 = EDGE_CURVE ( 'NONE', #4840, #648, #2847, .T. ) ;
#4721 = VERTEX_POINT ( 'NONE', #6757 ) ;
#4722 = CARTESIAN_POINT ( 'NONE',  ( 6.302273656338975627, -0.1853962260019088315, -13.00000000000000000 ) ) ;
#4723 = VERTEX_POINT ( 'NONE', #7641 ) ;
#4724 = DIRECTION ( 'NONE',  ( 1.000000000000000000, 0.000000000000000000, 0.000000000000000000 ) ) ;
#4725 = PRODUCT_DEFINITION_FORMATION_WITH_SPECIFIED_SOURCE ( 'ä»', '', #1448, .NOT_KNOWN. ) ;
#4726 = ORIENTED_EDGE ( 'NONE', *, *, #5347, .F. ) ;
#4727 = CARTESIAN_POINT ( 'NONE',  ( 0.000000000000000000, 0.000000000000000000, -13.00000000000000000 ) ) ;
#4728 = TOROIDAL_SURFACE ( 'NONE', #9542, 0.8000000000000000444, 0.2000000000000000111 ) ;
#4729 = EDGE_CURVE ( 'NONE', #6129, #11863, #11473, .T. ) ;
#4730 = CARTESIAN_POINT ( 'NONE',  ( -1.221639864514394658, 6.185517039134986739, -2.000000000000000000 ) ) ;
#4731 = LINE ( 'NONE', #10563, #3760 ) ;
#4732 = DIRECTION ( 'NONE',  ( 0.000000000000000000, 0.000000000000000000, 1.000000000000000000 ) ) ;
#4733 = CARTESIAN_POINT ( 'NONE',  ( -6.489999999999564118, -5.500000000000096811, -870.0000000000000000 ) ) ;
#4734 = FACE_OUTER_BOUND ( 'NONE', #4663, .T. ) ;
#4735 = ORIENTED_EDGE ( 'NONE', *, *, #7527, .T. ) ;
#4736 = ITEM_DEFINED_TRANSFORMATION ( 'NONE', 'NONE', #2109,  #11368 ) ;
#4737 = EDGE_LOOP ( 'NONE', ( #11540 ) ) ;
#4738 = AXIS2_PLACEMENT_3D ( 'NONE', #2124, #1939, #9758 ) ;
#4739 = ADVANCED_FACE ( 'NONE', ( #1068 ), #4880, .T. ) ;
#4740 = DIRECTION ( 'NONE',  ( -0.000000000000000000, -0.000000000000000000, 1.000000000000000000 ) ) ;
#4741 = DIRECTION ( 'NONE',  ( 1.000000000000000000, 0.000000000000000000, 0.000000000000000000 ) ) ;
#4742 = ORIENTED_EDGE ( 'NONE', *, *, #10381, .T. ) ;
#4743 = DIRECTION ( 'NONE',  ( -0.000000000000000000, -0.000000000000000000, -1.000000000000000000 ) ) ;
#4744 = DIRECTION ( 'NONE',  ( -1.000000000000000000, 0.000000000000000000, 0.000000000000000000 ) ) ;
#4745 = CARTESIAN_POINT ( 'NONE',  ( 4.984719937775328624, -1.463076259784538369, -13.00000000000000000 ) ) ;
#4746 = VECTOR ( 'NONE', #447, 1000.000000000000000 ) ;
#4747 = DIRECTION ( 'NONE',  ( 0.000000000000000000, -1.000000000000000000, 0.000000000000000000 ) ) ;
#4748 = EDGE_CURVE ( 'NONE', #5425, #6988, #5043, .T. ) ;
#4749 = ORIENTED_EDGE ( 'NONE', *, *, #1978, .T. ) ;
#4750 = ORIENTED_EDGE ( 'NONE', *, *, #11622, .T. ) ;
#4751 = CIRCLE ( 'NONE', #1154, 5.195000000000000284 ) ;
#4752 = EDGE_LOOP ( 'NONE', ( #2918 ) ) ;
#4753 = AXIS2_PLACEMENT_3D ( 'NONE', #5085, #9922, #8094 ) ;
#4754 = CARTESIAN_POINT ( 'NONE',  ( -5.779348217812155575, 3.361804601292480044, -13.00000000000000000 ) ) ;
#4755 = ORIENTED_EDGE ( 'NONE', *, *, #629, .T. ) ;
#4756 = DIRECTION ( 'NONE',  ( -0.000000000000000000, 1.000000000000000000, 0.000000000000000000 ) ) ;
#4757 = DIRECTION ( 'NONE',  ( -0.000000000000000000, -0.000000000000000000, 1.000000000000000000 ) ) ;
#4758 = ORIENTED_EDGE ( 'NONE', *, *, #6877, .T. ) ;
#4759 = DIRECTION ( 'NONE',  ( 0.000000000000000000, 0.000000000000000000, 1.000000000000000000 ) ) ;
#4760 = CARTESIAN_POINT ( 'NONE',  ( 5.502858276596627185, -2.453400861598449278, -13.00000000000000000 ) ) ;
#4761 = DIRECTION ( 'NONE',  ( 1.000000000000000000, 0.000000000000000000, 0.000000000000000000 ) ) ;
#4762 = EDGE_CURVE ( 'NONE', #9781, #2328, #5643, .T. ) ;
#4763 = CIRCLE ( 'NONE', #8169, 0.2800000000000007483 ) ;
#4764 = TOROIDAL_SURFACE ( 'NONE', #1387, 0.8000000000000000444, 0.2000000000000000111 ) ;
#4765 = CARTESIAN_POINT ( 'NONE',  ( 19.35857864376278670, 0.2000000000000000111, -19.35857864376259485 ) ) ;
#4766 = VECTOR ( 'NONE', #3704, 1000.000000000000000 ) ;
#4767 = EDGE_CURVE ( 'NONE', #5513, #1020, #11344, .T. ) ;
#4768 = VERTEX_POINT ( 'NONE', #9718 ) ;
#4769 = ORIENTED_EDGE ( 'NONE', *, *, #9524, .F. ) ;
#4770 = ORIENTED_EDGE ( 'NONE', *, *, #1427, .F. ) ;
#4771 = FACE_OUTER_BOUND ( 'NONE', #5483, .T. ) ;
#4772 = DIRECTION ( 'NONE',  ( -0.000000000000000000, 1.000000000000000000, -0.000000000000000000 ) ) ;
#4773 = ORIENTED_EDGE ( 'NONE', *, *, #3908, .F. ) ;
#4774 = AXIS2_PLACEMENT_3D ( 'NONE', #7870, #1057, #3178 ) ;
#4775 = VECTOR ( 'NONE', #3153, 1000.000000000000000 ) ;
#4776 = CARTESIAN_POINT ( 'NONE',  ( 0.000000000000000000, 0.000000000000000000, 5.000000000000000000 ) ) ;
#4777 = DIRECTION ( 'NONE',  ( -0.000000000000000000, -0.000000000000000000, -1.000000000000000000 ) ) ;
#4778 = LINE ( 'NONE', #4035, #8761 ) ;
#4779 = EDGE_CURVE ( 'NONE', #4885, #4885, #11455, .T. ) ;
#4780 = ADVANCED_FACE ( 'NONE', ( #11658 ), #8899, .T. ) ;
#4781 = CARTESIAN_POINT ( 'NONE',  ( -8.500000000000000000, 8.500000000000000000, -870.0000000000000000 ) ) ;
#4782 = CIRCLE ( 'NONE', #6181, 0.1499999999999964972 ) ;
#4783 = VECTOR ( 'NONE', #10449, 1000.000000000000000 ) ;
#4784 = AXIS2_PLACEMENT_3D ( 'NONE', #1332, #8908, #6079 ) ;
#4785 = EDGE_LOOP ( 'NONE', ( #5093, #855, #6268, #181 ) ) ;
#4786 = ORIENTED_EDGE ( 'NONE', *, *, #2010, .T. ) ;
#4787 = DIRECTION ( 'NONE',  ( 0.000000000000000000, 0.000000000000000000, 1.000000000000000000 ) ) ;
#4788 = ORIENTED_EDGE ( 'NONE', *, *, #10962, .F. ) ;
#4789 = LINE ( 'NONE', #1864, #10607 ) ;
#4790 = CIRCLE ( 'NONE', #2007, 1.000000000000000888 ) ;
#4791 = ORIENTED_EDGE ( 'NONE', *, *, #1820, .F. ) ;
#4792 = COLOUR_RGB ( '',0.7921568627450980005, 0.8196078431372548767, 0.9333333333333333481 ) ;
#4793 = CARTESIAN_POINT ( 'NONE',  ( -20.00000000000000355, 32.00000000000000000, -17.58578643762691840 ) ) ;
#4794 = DIRECTION ( 'NONE',  ( 0.000000000000000000, 0.000000000000000000, 1.000000000000000000 ) ) ;
#4795 = DIRECTION ( 'NONE',  ( 0.8661855860484617420, -0.4997224534898177528, 0.000000000000000000 ) ) ;
#4796 = DIRECTION ( 'NONE',  ( 0.000000000000000000, -1.000000000000000000, 0.000000000000000000 ) ) ;
#4797 = DIRECTION ( 'NONE',  ( -0.000000000000000000, -0.000000000000000000, 1.000000000000000000 ) ) ;
#4798 = EDGE_CURVE ( 'NONE', #3538, #6405, #9846, .T. ) ;
#4799 = CARTESIAN_POINT ( 'NONE',  ( -3.055154768962719647, -28.00000000000000000, 0.000000000000000000 ) ) ;
#4800 = VERTEX_POINT ( 'NONE', #3067 ) ;
#4801 = CIRCLE ( 'NONE', #8803, 5.194999999999999396 ) ;
#4802 = EDGE_LOOP ( 'NONE', ( #8505 ) ) ;
#4803 = EDGE_CURVE ( 'NONE', #1608, #3073, #10847, .T. ) ;
#4804 = CARTESIAN_POINT ( 'NONE',  ( 0.000000000000000000, 41.50000000000000000, 0.000000000000000000 ) ) ;
#4805 = DIRECTION ( 'NONE',  ( 0.000000000000000000, -1.000000000000000000, 0.000000000000000000 ) ) ;
#4806 = ORIENTED_EDGE ( 'NONE', *, *, #6616, .F. ) ;
#4807 = DIRECTION ( 'NONE',  ( -0.000000000000000000, -0.000000000000000000, -1.000000000000000000 ) ) ;
#4808 = DIRECTION ( 'NONE',  ( 1.000000000000000000, 0.000000000000000000, 0.000000000000000000 ) ) ;
#4809 = DIRECTION ( 'NONE',  ( -0.7071067811865475727, 0.000000000000000000, -0.7071067811865475727 ) ) ;
#4810 = CARTESIAN_POINT ( 'NONE',  ( 4.127586995253214930, 4.444537192309534923, -13.00000000000000000 ) ) ;
#4811 = EDGE_CURVE ( 'NONE', #6824, #6824, #7437, .T. ) ;
#4812 =( NAMED_UNIT ( * ) SI_UNIT ( $, .STERADIAN. ) SOLID_ANGLE_UNIT ( ) );
#4813 = ORIENTED_EDGE ( 'NONE', *, *, #10241, .F. ) ;
#4814 = EDGE_CURVE ( 'NONE', #7646, #7646, #7042, .T. ) ;
#4815 = CIRCLE ( 'NONE', #5229, 11.00000000000000000 ) ;
#4816 = EDGE_LOOP ( 'NONE', ( #4541, #370, #2745, #4989 ) ) ;
#4817 = VERTEX_POINT ( 'NONE', #2268 ) ;
#4818 = CARTESIAN_POINT ( 'NONE',  ( -5.349122049243778321, -2.772637427124941656, -13.00000000000000000 ) ) ;
#4819 = EDGE_LOOP ( 'NONE', ( #4770, #260, #1698, #11847 ) ) ;
#4820 = LINE ( 'NONE', #9654, #12212 ) ;
#4821 = ADVANCED_FACE ( 'NONE', ( #310 ), #6133, .T. ) ;
#4822 = DIRECTION ( 'NONE',  ( 0.000000000000000000, -0.000000000000000000, 1.000000000000000000 ) ) ;
#4823 = ORIENTED_EDGE ( 'NONE', *, *, #7440, .F. ) ;
#4824 = DIRECTION ( 'NONE',  ( 0.000000000000000000, 0.000000000000000000, 1.000000000000000000 ) ) ;
#4825 = DIRECTION ( 'NONE',  ( -0.4472135954999579277, 0.8944271909999157444, 0.000000000000000000 ) ) ;
#4826 = CARTESIAN_POINT ( 'NONE',  ( -20.80000000000000426, 7.800000000000001599, -17.58578643762691840 ) ) ;
#4827 = CARTESIAN_POINT ( 'NONE',  ( 8.000000000000000000, 0.000000000000000000, -14.50000000000001243 ) ) ;
#4828 = ORIENTED_EDGE ( 'NONE', *, *, #4054, .F. ) ;
#4829 = ORIENTED_EDGE ( 'NONE', *, *, #2025, .T. ) ;
#4830 = VECTOR ( 'NONE', #3210, 1000.000000000000000 ) ;
#4831 = CARTESIAN_POINT ( 'NONE',  ( 18.15147186257615175, 39.80000000000000426, -20.56568542494923335 ) ) ;
#4832 = VERTEX_POINT ( 'NONE', #6068 ) ;
#4833 = FACE_BOUND ( 'NONE', #11510, .T. ) ;
#4834 = DIRECTION ( 'NONE',  ( -0.7071067811865475727, 0.000000000000000000, 0.7071067811865475727 ) ) ;
#4835 = CARTESIAN_POINT ( 'NONE',  ( 0.000000000000000000, -3.599999999999909051, -870.0000000000000000 ) ) ;
#4836 = CARTESIAN_POINT ( 'NONE',  ( 17.58578643762691840, 39.80000000000000426, -20.80000000000000426 ) ) ;
#4837 = FACE_BOUND ( 'NONE', #2115, .T. ) ;
#4838 = AXIS2_PLACEMENT_3D ( 'NONE', #11841, #1201, #8075 ) ;
#4839 = EDGE_LOOP ( 'NONE', ( #6706, #11653, #12103, #4468 ) ) ;
#4840 = VERTEX_POINT ( 'NONE', #7011 ) ;
#4841 = ORIENTED_EDGE ( 'NONE', *, *, #1744, .T. ) ;
#4842 = DIRECTION ( 'NONE',  ( -0.000000000000000000, -0.000000000000000000, 1.000000000000000000 ) ) ;
#4843 = EDGE_CURVE ( 'NONE', #8912, #12229, #10262, .T. ) ;
#4844 = EDGE_LOOP ( 'NONE', ( #7631, #4020, #10666, #4529 ) ) ;
#4845 = DIRECTION ( 'NONE',  ( 0.8657687109979865792, -0.5004443416174118031, 0.000000000000000000 ) ) ;
#4846 = EDGE_CURVE ( 'NONE', #3059, #12050, #3452, .T. ) ;
#4847 = ORIENTED_EDGE ( 'NONE', *, *, #4995, .T. ) ;
#4848 = CARTESIAN_POINT ( 'NONE',  ( 8.000000000000216716, -5.500000000000095035, -870.0000000000000000 ) ) ;
#4849 = LINE ( 'NONE', #3921, #1297 ) ;
#4850 = PLANE ( 'NONE',  #6552 ) ;
#4851 = CARTESIAN_POINT ( 'NONE',  ( -1.221639864514396434, -6.185517039134985851, -13.00000000000000000 ) ) ;
#4852 = DIRECTION ( 'NONE',  ( 0.4997224534901451576, 0.8661855860482727820, -0.000000000000000000 ) ) ;
#4853 = DIRECTION ( 'NONE',  ( -1.000000000000000000, 0.000000000000000000, 0.000000000000000000 ) ) ;
#4854 = ORIENTED_EDGE ( 'NONE', *, *, #11911, .T. ) ;
#4855 = CONTEXT_DEPENDENT_SHAPE_REPRESENTATION ( #3666, #9132 ) ;
#4856 = ORIENTED_EDGE ( 'NONE', *, *, #6109, .T. ) ;
#4857 = FACE_OUTER_BOUND ( 'NONE', #5218, .T. ) ;
#4858 = EDGE_CURVE ( 'NONE', #10785, #7748, #254, .T. ) ;
#4859 = ADVANCED_FACE ( 'NONE', ( #3315 ), #11902, .T. ) ;
#4860 = DIRECTION ( 'NONE',  ( 0.000000000000000000, 0.000000000000000000, -1.000000000000000000 ) ) ;
#4861 = EDGE_CURVE ( 'NONE', #10163, #3222, #2139, .T. ) ;
#4862 = ORIENTED_EDGE ( 'NONE', *, *, #1268, .F. ) ;
#4863 = CARTESIAN_POINT ( 'NONE',  ( -29.99999999999999289, -20.00000000000000000, 0.000000000000000000 ) ) ;
#4864 = CARTESIAN_POINT ( 'NONE',  ( -3.893413252308144834, 4.598038521668920353, -13.00000000000000000 ) ) ;
#4865 = DIRECTION ( 'NONE',  ( 0.000000000000000000, 0.000000000000000000, 1.000000000000000000 ) ) ;
#4866 = CARTESIAN_POINT ( 'NONE',  ( 3.900000000000319655, -2.909999999999855369, -870.0000000000000000 ) ) ;
#4867 = CIRCLE ( 'NONE', #11310, 2.099999999999997868 ) ;
#4868 = CIRCLE ( 'NONE', #10889, 2.700000000000000178 ) ;
#4869 = ORIENTED_EDGE ( 'NONE', *, *, #598, .F. ) ;
#4870 = ORIENTED_EDGE ( 'NONE', *, *, #2334, .T. ) ;
#4871 = ORIENTED_EDGE ( 'NONE', *, *, #11866, .F. ) ;
#4872 = ADVANCED_FACE ( 'NONE', ( #5938 ), #7067, .T. ) ;
#4873 = DIRECTION ( 'NONE',  ( -1.000000000000000000, 0.000000000000000000, 0.000000000000000000 ) ) ;
#4874 = VERTEX_POINT ( 'NONE', #10721 ) ;
#4875 = AXIS2_PLACEMENT_3D ( 'NONE', #4923, #10582, #8745 ) ;
#4876 = DIRECTION ( 'NONE',  ( 1.000000000000000000, 0.000000000000000000, 0.000000000000000000 ) ) ;
#4877 = VECTOR ( 'NONE', #11857, 1000.000000000000000 ) ;
#4878 = CARTESIAN_POINT ( 'NONE',  ( 17.58578643762691840, 39.80000000000000426, -20.00000000000000355 ) ) ;
#4879 = ORIENTED_EDGE ( 'NONE', *, *, #10397, .T. ) ;
#4880 = CYLINDRICAL_SURFACE ( 'NONE', #9854, 0.1999999999999987899 ) ;
#4881 = VERTEX_POINT ( 'NONE', #1262 ) ;
#4882 = CARTESIAN_POINT ( 'NONE',  ( 10.00000000000000533, 0.000000000000000000, -0.5000000000000004441 ) ) ;
#4883 = EDGE_CURVE ( 'NONE', #9065, #10552, #9028, .T. ) ;
#4884 = FACE_OUTER_BOUND ( 'NONE', #5925, .T. ) ;
#4885 = VERTEX_POINT ( 'NONE', #7830 ) ;
#4886 = VECTOR ( 'NONE', #8247, 1000.000000000000000 ) ;
#4887 = VERTEX_POINT ( 'NONE', #3196 ) ;
#4888 = EDGE_CURVE ( 'NONE', #9326, #3232, #8017, .T. ) ;
#4889 = AXIS2_PLACEMENT_3D ( 'NONE', #11481, #6934, #6591 ) ;
#4890 = ADVANCED_BREP_SHAPE_REPRESENTATION ( '', ( #4901, #11368 ), #3377 ) ;
#4891 = ORIENTED_EDGE ( 'NONE', *, *, #11288, .T. ) ;
#4892 = CARTESIAN_POINT ( 'NONE',  ( -4.984719937775328624, 1.463076259784537703, -13.00000000000000000 ) ) ;
#4893 = ORIENTED_EDGE ( 'NONE', *, *, #5540, .F. ) ;
#4894 = FACE_BOUND ( 'NONE', #4227, .T. ) ;
#4895 = CYLINDRICAL_SURFACE ( 'NONE', #5238, 0.2800000000000015810 ) ;
#4896 = AXIS2_PLACEMENT_3D ( 'NONE', #6514, #8705, #8456 ) ;
#4897 = CIRCLE ( 'NONE', #12303, 0.6500000000000012434 ) ;
#4898 = DIRECTION ( 'NONE',  ( -0.000000000000000000, -0.000000000000000000, 1.000000000000000000 ) ) ;
#4899 = CARTESIAN_POINT ( 'NONE',  ( -6.489999999999564118, -5.500000000000096811, -870.0000000000000000 ) ) ;
#4900 = EDGE_CURVE ( 'NONE', #10728, #9689, #5878, .T. ) ;
#4901 = MANIFOLD_SOLID_BREP ( '\X2\52079664\X0\-\X2\62c94f38\X0\1', #4353 ) ;
#4902 = ORIENTED_EDGE ( 'NONE', *, *, #1880, .F. ) ;
#4903 = ORIENTED_EDGE ( 'NONE', *, *, #1677, .F. ) ;
#4904 = DIRECTION ( 'NONE',  ( 0.000000000000000000, 1.000000000000000000, -0.000000000000000000 ) ) ;
#4905 = ORIENTED_EDGE ( 'NONE', *, *, #1537, .T. ) ;
#4906 = FACE_OUTER_BOUND ( 'NONE', #377, .T. ) ;
#4907 = DIRECTION ( 'NONE',  ( 1.000000000000000000, 0.000000000000000000, 0.000000000000000000 ) ) ;
#4908 = DIRECTION ( 'NONE',  ( 0.000000000000000000, -1.000000000000000000, -1.050842105639794542E-14 ) ) ;
#4909 = DIRECTION ( 'NONE',  ( 0.000000000000000000, -1.000000000000000000, 0.000000000000000000 ) ) ;
#4910 = FACE_OUTER_BOUND ( 'NONE', #4156, .T. ) ;
#4911 = DIRECTION ( 'NONE',  ( -0.000000000000000000, -0.000000000000000000, 1.000000000000000000 ) ) ;
#4912 = CIRCLE ( 'NONE', #9324, 2.500000000000000000 ) ;
#4913 = DIRECTION ( 'NONE',  ( 0.000000000000000000, 0.000000000000000000, 1.000000000000000000 ) ) ;
#4914 = DIRECTION ( 'NONE',  ( 1.000000000000000000, 0.000000000000000000, 0.000000000000000000 ) ) ;
#4915 = EDGE_CURVE ( 'NONE', #3077, #6372, #6640, .T. ) ;
#4916 = EDGE_CURVE ( 'NONE', #10166, #2012, #4254, .T. ) ;
#4917 = VERTEX_POINT ( 'NONE', #4323 ) ;
#4918 = ORIENTED_EDGE ( 'NONE', *, *, #4811, .T. ) ;
#4919 = DIRECTION ( 'NONE',  ( 0.000000000000000000, 0.000000000000000000, -1.000000000000000000 ) ) ;
#4920 = STYLED_ITEM ( 'NONE', ( #6056 ), #9168 ) ;
#4921 = DIRECTION ( 'NONE',  ( 1.000000000000000000, 0.000000000000000000, 0.000000000000000000 ) ) ;
#4922 = ORIENTED_EDGE ( 'NONE', *, *, #1747, .T. ) ;
#4923 = CARTESIAN_POINT ( 'NONE',  ( 37.60000000000000853, 4.550000000000005151, -0.9526279441628751066 ) ) ;
#4924 = FACE_OUTER_BOUND ( 'NONE', #250, .T. ) ;
#4925 = FACE_BOUND ( 'NONE', #8355, .T. ) ;
#4926 = FACE_OUTER_BOUND ( 'NONE', #4429, .T. ) ;
#4927 = EDGE_CURVE ( 'NONE', #4025, #4025, #7844, .T. ) ;
#4928 = ADVANCED_FACE ( 'NONE', ( #3504 ), #8261, .F. ) ;
#4929 = AXIS2_PLACEMENT_3D ( 'NONE', #3619, #927, #4853 ) ;
#4930 = EDGE_CURVE ( 'NONE', #8013, #997, #11218, .T. ) ;
#4931 = SHAPE_REPRESENTATION_RELATIONSHIP ( 'NONE' , 'NONE' ,  #8209, #10876 ) ;
#4932 = EDGE_LOOP ( 'NONE', ( #12072, #8521, #11909, #336 ) ) ;
#4933 = ORIENTED_EDGE ( 'NONE', *, *, #6698, .T. ) ;
#4934 = ORIENTED_EDGE ( 'NONE', *, *, #9764, .T. ) ;
#4935 = DIRECTION ( 'NONE',  ( 0.000000000000000000, 0.000000000000000000, -1.000000000000000000 ) ) ;
#4936 = ORIENTED_EDGE ( 'NONE', *, *, #1343, .T. ) ;
#4937 = VECTOR ( 'NONE', #5268, 1000.000000000000000 ) ;
#4938 =( REPRESENTATION_RELATIONSHIP ('NONE','NONE', #2684, #6840 ) REPRESENTATION_RELATIONSHIP_WITH_TRANSFORMATION ( #3677 )SHAPE_REPRESENTATION_RELATIONSHIP( ) );
#4939 = AXIS2_PLACEMENT_3D ( 'NONE', #3239, #4438, #4185 ) ;
#4940 = DIRECTION ( 'NONE',  ( -1.000000000000000000, 0.000000000000000000, 0.000000000000000000 ) ) ;
#4941 = DIRECTION ( 'NONE',  ( -0.000000000000000000, -0.000000000000000000, -1.000000000000000000 ) ) ;
#4942 = ORIENTED_EDGE ( 'NONE', *, *, #8051, .F. ) ;
#4943 = CARTESIAN_POINT ( 'NONE',  ( 6.231729350392682498, 2.422425500083462246, -2.000000000000000000 ) ) ;
#4944 = EDGE_LOOP ( 'NONE', ( #3727, #858, #6718, #2848 ) ) ;
#4945 = CARTESIAN_POINT ( 'NONE',  ( -4.563543104187643529, 4.886375992105164379, -2.000000000000000000 ) ) ;
#4946 = DIRECTION ( 'NONE',  ( 1.000000000000000000, 0.000000000000000000, 0.000000000000000000 ) ) ;
#4947 = MANIFOLD_SOLID_BREP ( '\X2\51f853f0\X0\-\X2\62c94f38\X0\2', #3751 ) ;
#4948 = EDGE_CURVE ( 'NONE', #1937, #595, #6674, .T. ) ;
#4949 = CARTESIAN_POINT ( 'NONE',  ( 2.700000000000000178, 0.000000000000000000, -15.00000000000000000 ) ) ;
#4950 = AXIS2_PLACEMENT_3D ( 'NONE', #10221, #12141, #10098 ) ;
#4951 = CIRCLE ( 'NONE', #1376, 0.7999999999999986011 ) ;
#4952 = ORIENTED_EDGE ( 'NONE', *, *, #6189, .F. ) ;
#4953 = AXIS2_PLACEMENT_3D ( 'NONE', #9743, #6666, #4049 ) ;
#4954 = ORIENTED_EDGE ( 'NONE', *, *, #8629, .F. ) ;
#4955 = EDGE_CURVE ( 'NONE', #11198, #1832, #12206, .T. ) ;
#4956 = CARTESIAN_POINT ( 'NONE',  ( -1.167387816605745865, 5.910823181726930109, -13.00000000000000000 ) ) ;
#4957 = ORIENTED_EDGE ( 'NONE', *, *, #9911, .F. ) ;
#4958 = DIRECTION ( 'NONE',  ( 0.000000000000000000, 0.000000000000000000, 1.000000000000000000 ) ) ;
#4959 = PLANE ( 'NONE',  #5099 ) ;
#4960 = CIRCLE ( 'NONE', #2377, 0.2000000000000002887 ) ;
#4961 = CARTESIAN_POINT ( 'NONE',  ( -1.512829983820067614, 5.831978261281080655, -2.000000000000000000 ) ) ;
#4962 = VECTOR ( 'NONE', #8419, 1000.000000000000000 ) ;
#4963 = CIRCLE ( 'NONE', #1168, 1.975000000000016742 ) ;
#4964 = LINE ( 'NONE', #8790, #5376 ) ;
#4965 = CARTESIAN_POINT ( 'NONE',  ( -3.099999999999454303, -8.000000000000000000, -89.99999999999997158 ) ) ;
#4966 = EDGE_CURVE ( 'NONE', #3510, #9806, #8316, .T. ) ;
#4967 = CARTESIAN_POINT ( 'NONE',  ( 22.20000000000000284, 4.000000000000000000, -2.377745136066868426E-16 ) ) ;
#4968 = ORIENTED_EDGE ( 'NONE', *, *, #2307, .T. ) ;
#4969 = CIRCLE ( 'NONE', #6571, 0.2799999999999994160 ) ;
#4970 = VERTEX_POINT ( 'NONE', #7207 ) ;
#4971 = VECTOR ( 'NONE', #2532, 1000.000000000000000 ) ;
#4972 = ORIENTED_EDGE ( 'NONE', *, *, #11227, .T. ) ;
#4973 = DIRECTION ( 'NONE',  ( 0.000000000000000000, 0.000000000000000000, 1.000000000000000000 ) ) ;
#4974 = EDGE_LOOP ( 'NONE', ( #5738 ) ) ;
#4975 = EDGE_CURVE ( 'NONE', #2012, #4095, #5389, .T. ) ;
#4976 = CARTESIAN_POINT ( 'NONE',  ( -20.70710678118654968, 7.800000000000000711, -18.29289321881346808 ) ) ;
#4977 = CARTESIAN_POINT ( 'NONE',  ( -17.58578643762691485, 32.20000000000000284, 20.00000000000000355 ) ) ;
#4978 = EDGE_CURVE ( 'NONE', #4832, #1670, #9892, .T. ) ;
#4979 = DIRECTION ( 'NONE',  ( 1.000000000000000000, 0.000000000000000000, 0.000000000000000000 ) ) ;
#4980 = AXIS2_PLACEMENT_3D ( 'NONE', #8816, #4057, #7864 ) ;
#4981 = CARTESIAN_POINT ( 'NONE',  ( 0.000000000000000000, 0.000000000000000000, -15.00000000000000000 ) ) ;
#4982 = DIRECTION ( 'NONE',  ( 0.7071067811865525687, 0.7071067811865425767, 0.000000000000000000 ) ) ;
#4983 = AXIS2_PLACEMENT_3D ( 'NONE', #5390, #5267, #2519 ) ;
#4984 = VECTOR ( 'NONE', #9282, 1000.000000000000000 ) ;
#4985 = CARTESIAN_POINT ( 'NONE',  ( 5.758592769118959787, 2.567417831100118786, -13.00000000000000000 ) ) ;
#4986 = DIRECTION ( 'NONE',  ( -0.000000000000000000, -0.000000000000000000, 1.000000000000000000 ) ) ;
#4987 = DIRECTION ( 'NONE',  ( 0.000000000000000000, -1.000000000000000000, 0.000000000000000000 ) ) ;
#4988 = ORIENTED_EDGE ( 'NONE', *, *, #6767, .T. ) ;
#4989 = ORIENTED_EDGE ( 'NONE', *, *, #551, .T. ) ;
#4990 = VECTOR ( 'NONE', #7791, 1000.000000000000000 ) ;
#4991 = DIRECTION ( 'NONE',  ( 1.000000000000000000, 0.000000000000000000, 0.000000000000000000 ) ) ;
#4992 = AXIS2_PLACEMENT_3D ( 'NONE', #11319, #1688, #6548 ) ;
#4993 = CYLINDRICAL_SURFACE ( 'NONE', #6978, 1.975000000000013189 ) ;
#4994 = ORIENTED_EDGE ( 'NONE', *, *, #8828, .T. ) ;
#4995 = EDGE_CURVE ( 'NONE', #10077, #7936, #6502, .T. ) ;
#4996 = DIRECTION ( 'NONE',  ( 0.000000000000000000, 0.000000000000000000, 1.000000000000000000 ) ) ;
#4997 = CARTESIAN_POINT ( 'NONE',  ( -4.127586995253213153, 4.444537192309537588, -13.00000000000000000 ) ) ;
#4998 = FACE_OUTER_BOUND ( 'NONE', #405, .T. ) ;
#4999 = LINE ( 'NONE', #5116, #5580 ) ;
#5000 = AXIS2_PLACEMENT_3D ( 'NONE', #9918, #9859, #3022 ) ;
#5001 = DIRECTION ( 'NONE',  ( 1.105041124001976644E-16, 1.000000000000000000, -1.110223024625146187E-16 ) ) ;
#5002 = ORIENTED_EDGE ( 'NONE', *, *, #10620, .T. ) ;
#5003 = ORIENTED_EDGE ( 'NONE', *, *, #5488, .T. ) ;
#5004 = ORIENTED_EDGE ( 'NONE', *, *, #7545, .T. ) ;
#5005 = DIRECTION ( 'NONE',  ( -0.000000000000000000, -0.000000000000000000, -1.000000000000000000 ) ) ;
#5006 = VECTOR ( 'NONE', #5819, 1000.000000000000000 ) ;
#5007 = DIRECTION ( 'NONE',  ( -0.000000000000000000, -0.000000000000000000, -1.000000000000000000 ) ) ;
#5008 = ORIENTED_EDGE ( 'NONE', *, *, #2462, .T. ) ;
#5009 = ADVANCED_FACE ( 'NONE', ( #7682 ), #11460, .F. ) ;
#5010 = DIRECTION ( 'NONE',  ( -1.000000000000000000, 0.000000000000000000, 8.260587980841938780E-17 ) ) ;
#5011 = LINE ( 'NONE', #3008, #3074 ) ;
#5012 = ORIENTED_EDGE ( 'NONE', *, *, #8634, .T. ) ;
#5013 = DIRECTION ( 'NONE',  ( 0.000000000000000000, 1.000000000000000000, 0.000000000000000000 ) ) ;
#5014 = ORIENTED_EDGE ( 'NONE', *, *, #11470, .T. ) ;
#5015 = DIRECTION ( 'NONE',  ( -0.7071067811865463515, 0.000000000000000000, -0.7071067811865487940 ) ) ;
#5016 = CARTESIAN_POINT ( 'NONE',  ( 1.964042965173691480, 4.809424105956109585, -13.00000000000000000 ) ) ;
#5017 = VERTEX_POINT ( 'NONE', #6137 ) ;
#5018 = AXIS2_PLACEMENT_3D ( 'NONE', #10384, #503, #11092 ) ;
#5019 = ORIENTED_EDGE ( 'NONE', *, *, #4320, .T. ) ;
#5020 = ORIENTED_EDGE ( 'NONE', *, *, #10243, .T. ) ;
#5021 = CARTESIAN_POINT ( 'NONE',  ( 25.00000000000000000, 24.99999999999999645, 5.000000000000000000 ) ) ;
#5022 = ORIENTED_EDGE ( 'NONE', *, *, #4710, .F. ) ;
#5023 = EDGE_CURVE ( 'NONE', #2146, #8243, #8669, .T. ) ;
#5024 = EDGE_CURVE ( 'NONE', #8103, #3341, #3276, .T. ) ;
#5025 = DIRECTION ( 'NONE',  ( -1.000000000000000000, 0.000000000000000000, 0.000000000000000000 ) ) ;
#5026 = FACE_OUTER_BOUND ( 'NONE', #7453, .T. ) ;
#5027 = AXIS2_PLACEMENT_3D ( 'NONE', #1230, #5041, #11185 ) ;
#5028 = LINE ( 'NONE', #9043, #7835 ) ;
#5029 = CARTESIAN_POINT ( 'NONE',  ( 8.500000000000000000, -10.00000000000000000, -870.0000000000000000 ) ) ;
#5030 = CARTESIAN_POINT ( 'NONE',  ( 22.20000000000000284, 4.000000000000000000, -2.377745136066868426E-16 ) ) ;
#5031 = CARTESIAN_POINT ( 'NONE',  ( 8.000000000000000000, 3.099999999999909051, -870.0000000000000000 ) ) ;
#5032 = VERTEX_POINT ( 'NONE', #4745 ) ;
#5033 = CIRCLE ( 'NONE', #6432, 11.00000000000000000 ) ;
#5034 = MANIFOLD_SOLID_BREP ( 'M5 \X2\87ba7eb95b54\X0\1', #348 ) ;
#5035 = ORIENTED_EDGE ( 'NONE', *, *, #1590, .T. ) ;
#5036 = EDGE_LOOP ( 'NONE', ( #8161 ) ) ;
#5037 = DIRECTION ( 'NONE',  ( 0.000000000000000000, -1.000000000000000000, 0.000000000000000000 ) ) ;
#5038 = VERTEX_POINT ( 'NONE', #11401 ) ;
#5039 = ADVANCED_FACE ( 'NONE', ( #3629 ), #9520, .F. ) ;
#5040 = CARTESIAN_POINT ( 'NONE',  ( 20.80000000000000426, 0.000000000000000000, -17.58578643762690774 ) ) ;
#5041 = DIRECTION ( 'NONE',  ( -0.000000000000000000, 0.000000000000000000, -1.000000000000000000 ) ) ;
#5042 = CYLINDRICAL_SURFACE ( 'NONE', #4108, 0.2799999999999993050 ) ;
#5043 = CIRCLE ( 'NONE', #1472, 0.7999999999999986011 ) ;
#5044 = CARTESIAN_POINT ( 'NONE',  ( -5.273886783729711425, 0.8689897539102943158, -13.00000000000000000 ) ) ;
#5045 = CARTESIAN_POINT ( 'NONE',  ( -5.251577878682485157, 3.035097204594769060, -2.000000000000000000 ) ) ;
#5046 = ADVANCED_FACE ( 'NONE', ( #4627 ), #9680, .T. ) ;
#5047 = DIRECTION ( 'NONE',  ( 0.7071067811865474617, 0.000000000000000000, -0.7071067811865474617 ) ) ;
#5048 = DIRECTION ( 'NONE',  ( -0.000000000000000000, 1.000000000000000000, 0.000000000000000000 ) ) ;
#5049 = ORIENTED_EDGE ( 'NONE', *, *, #5528, .T. ) ;
#5050 = ORIENTED_EDGE ( 'NONE', *, *, #10270, .F. ) ;
#5051 = EDGE_CURVE ( 'NONE', #10320, #1258, #5810, .T. ) ;
#5052 = CARTESIAN_POINT ( 'NONE',  ( -2.608811078263816530, -4.665096971974739049, -2.000000000000000000 ) ) ;
#5053 = DIRECTION ( 'NONE',  ( -0.000000000000000000, -0.000000000000000000, -1.000000000000000000 ) ) ;
#5054 = EDGE_LOOP ( 'NONE', ( #2895 ) ) ;
#5055 = LINE ( 'NONE', #8684, #1082 ) ;
#5056 = LINE ( 'NONE', #10702, #5140 ) ;
#5057 = FACE_OUTER_BOUND ( 'NONE', #11577, .T. ) ;
#5058 = CARTESIAN_POINT ( 'NONE',  ( -21.00000000000000355, 0.1999999999999987899, -17.58578643762691840 ) ) ;
#5059 = DIRECTION ( 'NONE',  ( 0.000000000000000000, -1.000000000000000000, -0.000000000000000000 ) ) ;
#5060 = ORIENTED_EDGE ( 'NONE', *, *, #12011, .F. ) ;
#5061 = DIRECTION ( 'NONE',  ( 0.000000000000000000, 1.000000000000000000, -0.000000000000000000 ) ) ;
#5062 = VERTEX_POINT ( 'NONE', #5628 ) ;
#5063 = FACE_OUTER_BOUND ( 'NONE', #7294, .T. ) ;
#5064 = CARTESIAN_POINT ( 'NONE',  ( 12.82917960675006164, -4.341640786499876725, 5.000000000000000000 ) ) ;
#5065 = ORIENTED_EDGE ( 'NONE', *, *, #2506, .T. ) ;
#5066 = DIRECTION ( 'NONE',  ( -0.000000000000000000, -0.000000000000000000, 1.000000000000000000 ) ) ;
#5067 = DIRECTION ( 'NONE',  ( 1.000000000000000000, 0.000000000000000000, 0.000000000000000000 ) ) ;
#5068 = VERTEX_POINT ( 'NONE', #2814 ) ;
#5069 = CARTESIAN_POINT ( 'NONE',  ( -5.500000000000000000, -6.490000000000009983, -89.99999999999997158 ) ) ;
#5070 = ORIENTED_EDGE ( 'NONE', *, *, #7527, .F. ) ;
#5071 = CARTESIAN_POINT ( 'NONE',  ( -0.9013707041225494931, 5.998201072901427011, -13.00000000000000000 ) ) ;
#5072 = CARTESIAN_POINT ( 'NONE',  ( -3.893413252308146610, -4.598038521668920353, -2.000000000000000000 ) ) ;
#5073 = VERTEX_POINT ( 'NONE', #7071 ) ;
#5074 = EDGE_CURVE ( 'NONE', #3073, #1787, #6739, .T. ) ;
#5075 = VERTEX_POINT ( 'NONE', #9643 ) ;
#5076 = EDGE_CURVE ( 'NONE', #7376, #5350, #7435, .T. ) ;
#5077 = ORIENTED_EDGE ( 'NONE', *, *, #6834, .F. ) ;
#5078 = MECHANICAL_DESIGN_GEOMETRIC_PRESENTATION_REPRESENTATION (  '', ( #2467 ), #12082 ) ;
#5079 = CARTESIAN_POINT ( 'NONE',  ( -3.818708854640332717, 3.599540352876276383, -2.000000000000000000 ) ) ;
#5080 = ORIENTED_EDGE ( 'NONE', *, *, #10476, .F. ) ;
#5081 = DIRECTION ( 'NONE',  ( 0.000000000000000000, 0.000000000000000000, -1.000000000000000000 ) ) ;
#5082 = CARTESIAN_POINT ( 'NONE',  ( -3.599999999999454303, -10.00000000000000000, -89.99999999999997158 ) ) ;
#5083 = ORIENTED_EDGE ( 'NONE', *, *, #837, .T. ) ;
#5084 = DIRECTION ( 'NONE',  ( -0.000000000000000000, -0.000000000000000000, 1.000000000000000000 ) ) ;
#5085 = CARTESIAN_POINT ( 'NONE',  ( 37.60000000000000853, 4.952627944162877327, 0.5500000000000148104 ) ) ;
#5086 = VECTOR ( 'NONE', #7612, 1000.000000000000000 ) ;
#5087 = DIRECTION ( 'NONE',  ( 0.000000000000000000, 0.000000000000000000, -1.000000000000000000 ) ) ;
#5088 = VECTOR ( 'NONE', #7730, 1000.000000000000000 ) ;
#5089 = CARTESIAN_POINT ( 'NONE',  ( 1.964042965173692812, -4.809424105956109585, -13.00000000000000000 ) ) ;
#5090 = EDGE_CURVE ( 'NONE', #11751, #12050, #6867, .T. ) ;
#5091 = ADVANCED_FACE ( 'NONE', ( #876, #4925 ), #2297, .F. ) ;
#5092 = ADVANCED_FACE ( 'NONE', ( #2063 ), #6054, .T. ) ;
#5093 = ORIENTED_EDGE ( 'NONE', *, *, #1173, .F. ) ;
#5094 = ORIENTED_EDGE ( 'NONE', *, *, #12176, .T. ) ;
#5095 = LINE ( 'NONE', #2097, #2401 ) ;
#5096 = ORIENTED_EDGE ( 'NONE', *, *, #669, .F. ) ;
#5097 = AXIS2_PLACEMENT_3D ( 'NONE', #10849, #5015, #11842 ) ;
#5098 = DIRECTION ( 'NONE',  ( -0.000000000000000000, 1.000000000000000000, 0.000000000000000000 ) ) ;
#5099 = AXIS2_PLACEMENT_3D ( 'NONE', #11615, #5144, #6893 ) ;
#5100 = FACE_OUTER_BOUND ( 'NONE', #2353, .T. ) ;
#5101 = DIRECTION ( 'NONE',  ( -0.000000000000000000, 1.000000000000000000, -0.000000000000000000 ) ) ;
#5102 = DIRECTION ( 'NONE',  ( 1.000000000000000000, 0.000000000000000000, 0.000000000000000000 ) ) ;
#5103 = LINE ( 'NONE', #6910, #6588 ) ;
#5104 = PLANE ( 'NONE',  #7352 ) ;
#5105 = DIRECTION ( 'NONE',  ( -0.000000000000000000, -0.000000000000000000, 1.000000000000000000 ) ) ;
#5106 = EDGE_CURVE ( 'NONE', #1832, #11923, #3681, .T. ) ;
#5107 = ORIENTED_EDGE ( 'NONE', *, *, #2508, .T. ) ;
#5108 = ORIENTED_EDGE ( 'NONE', *, *, #6092, .T. ) ;
#5109 = CARTESIAN_POINT ( 'NONE',  ( 0.000000000000000000, 0.000000000000000000, -2.000000000000000000 ) ) ;
#5110 = CYLINDRICAL_SURFACE ( 'NONE', #8781, 0.1499999999999956368 ) ;
#5111 = ADVANCED_FACE ( 'NONE', ( #5057 ), #4186, .T. ) ;
#5112 = ORIENTED_EDGE ( 'NONE', *, *, #10489, .F. ) ;
#5113 = LINE ( 'NONE', #4863, #10298 ) ;
#5114 = CARTESIAN_POINT ( 'NONE',  ( 4.127586995253213153, -4.444537192309538476, -13.00000000000000000 ) ) ;
#5115 = CARTESIAN_POINT ( 'NONE',  ( -8.500000000000000000, 10.00000000000000000, -89.99999999999997158 ) ) ;
#5116 = CARTESIAN_POINT ( 'NONE',  ( -5.647239797928351734, -2.213496763471850315, -13.00000000000000000 ) ) ;
#5117 = CARTESIAN_POINT ( 'NONE',  ( -17.58578643762690774, 40.00000000000000000, -20.00000000000000000 ) ) ;
#5118 = ADVANCED_FACE ( 'NONE', ( #6863 ), #7744, .T. ) ;
#5119 = CARTESIAN_POINT ( 'NONE',  ( 19.17830385246253400, 4.567761670433478471, 407.5000000000001137 ) ) ;
#5120 =( GEOMETRIC_REPRESENTATION_CONTEXT ( 3 ) GLOBAL_UNCERTAINTY_ASSIGNED_CONTEXT ( ( #3214 ) ) GLOBAL_UNIT_ASSIGNED_CONTEXT ( ( #8690, #7501, #2872 ) ) REPRESENTATION_CONTEXT ( 'NONE', 'WORKASPACE' ) );
#5121 = ORIENTED_EDGE ( 'NONE', *, *, #11973, .F. ) ;
#5122 = MECHANICAL_DESIGN_GEOMETRIC_PRESENTATION_REPRESENTATION (  '', ( #4920 ), #11725 ) ;
#5123 = LINE ( 'NONE', #7127, #7548 ) ;
#5124 = ORIENTED_EDGE ( 'NONE', *, *, #6094, .T. ) ;
#5125 = DIRECTION ( 'NONE',  ( -0.000000000000000000, -0.000000000000000000, 1.000000000000000000 ) ) ;
#5126 = VERTEX_POINT ( 'NONE', #11827 ) ;
#5127 = CARTESIAN_POINT ( 'NONE',  ( 0.000000000000000000, 39.80000000000000426, 0.000000000000000000 ) ) ;
#5128 = DIRECTION ( 'NONE',  ( 0.000000000000000000, 0.000000000000000000, 1.000000000000000000 ) ) ;
#5129 = ORIENTED_EDGE ( 'NONE', *, *, #1523, .F. ) ;
#5130 = CARTESIAN_POINT ( 'NONE',  ( -3.099999999999454303, -9.500000000000000000, -870.0000000000000000 ) ) ;
#5131 = ORIENTED_EDGE ( 'NONE', *, *, #3567, .T. ) ;
#5132 = DIRECTION ( 'NONE',  ( -0.000000000000000000, 1.000000000000000000, -0.000000000000000000 ) ) ;
#5133 = CIRCLE ( 'NONE', #5532, 2.049999999999999822 ) ;
#5134 = ADVANCED_FACE ( 'NONE', ( #8821, #10892 ), #5862, .F. ) ;
#5135 = DIRECTION ( 'NONE',  ( -0.000000000000000000, 1.000000000000000000, 0.000000000000000000 ) ) ;
#5136 = CARTESIAN_POINT ( 'NONE',  ( 20.00000000000000355, 5.000000000000000000, 2.099999999999997868 ) ) ;
#5137 = VERTEX_POINT ( 'NONE', #3241 ) ;
#5138 = EDGE_CURVE ( 'NONE', #10320, #5398, #888, .T. ) ;
#5139 = ORIENTED_EDGE ( 'NONE', *, *, #8424, .F. ) ;
#5140 = VECTOR ( 'NONE', #8685, 1000.000000000000000 ) ;
#5141 = DIRECTION ( 'NONE',  ( -1.000000000000000000, 0.000000000000000000, 0.000000000000000000 ) ) ;
#5142 = VERTEX_POINT ( 'NONE', #1113 ) ;
#5143 = LINE ( 'NONE', #8028, #2417 ) ;
#5144 = DIRECTION ( 'NONE',  ( -1.814564305414821333E-16, 1.000000000000000000, 0.000000000000000000 ) ) ;
#5145 = ORIENTED_EDGE ( 'NONE', *, *, #6474, .F. ) ;
#5146 = EDGE_CURVE ( 'NONE', #9292, #4874, #7676, .T. ) ;
#5147 = CARTESIAN_POINT ( 'NONE',  ( -15.47157287525383396, 32.00000000000000000, -20.70000000000000639 ) ) ;
#5148 = ADVANCED_FACE ( 'NONE', ( #241 ), #7928, .F. ) ;
#5149 = CARTESIAN_POINT ( 'NONE',  ( -15.00000000000000000, 0.000000000000000000, 5.000000000000000000 ) ) ;
#5150 = AXIS2_PLACEMENT_3D ( 'NONE', #8080, #4206, #10977 ) ;
#5151 = DIRECTION ( 'NONE',  ( -0.7071067811865474617, 0.000000000000000000, 0.7071067811865474617 ) ) ;
#5152 = CARTESIAN_POINT ( 'NONE',  ( 18.29289321881345742, 7.800000000000000711, 20.70710678118654968 ) ) ;
#5153 = EDGE_LOOP ( 'NONE', ( #9054, #7390, #3869, #11239 ) ) ;
#5154 = ORIENTED_EDGE ( 'NONE', *, *, #4232, .T. ) ;
#5155 = ORIENTED_EDGE ( 'NONE', *, *, #8916, .F. ) ;
#5156 = ORIENTED_EDGE ( 'NONE', *, *, #5912, .F. ) ;
#5157 = CIRCLE ( 'NONE', #10182, 0.2799999999999998601 ) ;
#5158 = DIRECTION ( 'NONE',  ( 0.000000000000000000, 0.000000000000000000, 1.000000000000000000 ) ) ;
#5159 = ORIENTED_EDGE ( 'NONE', *, *, #7705, .T. ) ;
#5160 = AXIS2_PLACEMENT_3D ( 'NONE', #2903, #11674, #5839 ) ;
#5161 = CIRCLE ( 'NONE', #9360, 1.000000000000000888 ) ;
#5162 = VECTOR ( 'NONE', #12001, 1000.000000000000000 ) ;
#5163 = EDGE_CURVE ( 'NONE', #3841, #5493, #2253, .T. ) ;
#5164 = DIRECTION ( 'NONE',  ( -0.000000000000000000, -0.000000000000000000, -1.000000000000000000 ) ) ;
#5165 = ADVANCED_FACE ( 'NONE', ( #10703, #6926, #6118 ), #2998, .F. ) ;
#5166 = LINE ( 'NONE', #12221, #7899 ) ;
#5167 = LINE ( 'NONE', #4294, #10164 ) ;
#5168 = DIRECTION ( 'NONE',  ( 0.000000000000000000, -1.000000000000000000, 0.000000000000000000 ) ) ;
#5169 = CARTESIAN_POINT ( 'NONE',  ( 3.900000000000319655, 2.910000000000308340, -870.0000000000000000 ) ) ;
#5170 = DIRECTION ( 'NONE',  ( 1.000000000000000000, 0.000000000000000000, 0.000000000000000000 ) ) ;
#5171 =( GEOMETRIC_REPRESENTATION_CONTEXT ( 3 ) GLOBAL_UNCERTAINTY_ASSIGNED_CONTEXT ( ( #113 ) ) GLOBAL_UNIT_ASSIGNED_CONTEXT ( ( #12210, #575, #4396 ) ) REPRESENTATION_CONTEXT ( 'NONE', 'WORKASPACE' ) );
#5172 = CIRCLE ( 'NONE', #6175, 2.099999999999997868 ) ;
#5173 = AXIS2_PLACEMENT_3D ( 'NONE', #526, #1479, #5280 ) ;
#5174 = EDGE_LOOP ( 'NONE', ( #11337, #10073, #9064, #7199 ) ) ;
#5175 = ORIENTED_EDGE ( 'NONE', *, *, #7716, .F. ) ;
#5176 = DIRECTION ( 'NONE',  ( 0.000000000000000000, -1.000000000000000000, 0.000000000000000000 ) ) ;
#5177 = DIRECTION ( 'NONE',  ( 1.000000000000000000, 0.000000000000000000, 0.000000000000000000 ) ) ;
#5178 = AXIS2_PLACEMENT_3D ( 'NONE', #10031, #8011, #1459 ) ;
#5179 = EDGE_LOOP ( 'NONE', ( #2350, #5688, #7625, #7539 ) ) ;
#5180 = AXIS2_PLACEMENT_3D ( 'NONE', #6927, #8751, #176 ) ;
#5181 = EDGE_CURVE ( 'NONE', #4095, #9511, #8886, .T. ) ;
#5182 = CIRCLE ( 'NONE', #2982, 8.000000000000000000 ) ;
#5183 = ADVANCED_FACE ( 'NONE', ( #4998 ), #11760, .F. ) ;
#5184 = DIRECTION ( 'NONE',  ( 0.000000000000000000, 0.000000000000000000, -1.000000000000000000 ) ) ;
#5185 = CARTESIAN_POINT ( 'NONE',  ( 17.58578643762691840, 8.000000000000000000, -20.80000000000000426 ) ) ;
#5186 = CARTESIAN_POINT ( 'NONE',  ( 3.748380470424685029, -5.536446500142361948, -2.000000000000000000 ) ) ;
#5187 = CYLINDRICAL_SURFACE ( 'NONE', #2407, 0.1499999999999999667 ) ;
#5188 = DIRECTION ( 'NONE',  ( -0.000000000000000000, 1.000000000000000000, 0.000000000000000000 ) ) ;
#5189 = DIRECTION ( 'NONE',  ( 1.000000000000000000, 0.000000000000000000, 0.000000000000000000 ) ) ;
#5190 = CONICAL_SURFACE ( 'NONE', #2990, 2.200000000000007283, 0.7853981633974678189 ) ;
#5191 = AXIS2_PLACEMENT_3D ( 'NONE', #3043, #7987, #9745 ) ;
#5192 = CIRCLE ( 'NONE', #9599, 5.194999999999999396 ) ;
#5193 = ORIENTED_EDGE ( 'NONE', *, *, #6335, .F. ) ;
#5194 = CARTESIAN_POINT ( 'NONE',  ( 0.4333079431568576112, -5.229863506334584855, -2.000000000000000000 ) ) ;
#5195 = VERTEX_POINT ( 'NONE', #5115 ) ;
#5196 = DIRECTION ( 'NONE',  ( 0.000000000000000000, 0.000000000000000000, 1.000000000000000000 ) ) ;
#5197 = ORIENTED_EDGE ( 'NONE', *, *, #11533, .F. ) ;
#5198 = EDGE_CURVE ( 'NONE', #9019, #643, #9285, .T. ) ;
#5199 = CARTESIAN_POINT ( 'NONE',  ( 20.80000000000000426, 39.80000000000000426, -17.58578643762690774 ) ) ;
#5200 = FACE_OUTER_BOUND ( 'NONE', #2396, .T. ) ;
#5201 = ORIENTED_EDGE ( 'NONE', *, *, #11214, .T. ) ;
#5202 = VECTOR ( 'NONE', #8728, 1000.000000000000000 ) ;
#5203 = VECTOR ( 'NONE', #968, 1000.000000000000000 ) ;
#5204 = CARTESIAN_POINT ( 'NONE',  ( 3.600000000000363798, -9.500000000000000000, -870.0000000000000000 ) ) ;
#5205 = DIRECTION ( 'NONE',  ( 0.000000000000000000, 0.000000000000000000, 1.000000000000000000 ) ) ;
#5206 = DIRECTION ( 'NONE',  ( 0.000000000000000000, 0.000000000000000000, 1.000000000000000000 ) ) ;
#5207 = PRODUCT_DEFINITION ( 'æœ', '', #4725, #7554 ) ;
#5208 = EDGE_CURVE ( 'NONE', #1132, #1132, #4868, .T. ) ;
#5209 = VERTEX_POINT ( 'NONE', #6015 ) ;
#5210 = ORIENTED_EDGE ( 'NONE', *, *, #3473, .T. ) ;
#5211 = VECTOR ( 'NONE', #3532, 1000.000000000000000 ) ;
#5212 = ORIENTED_EDGE ( 'NONE', *, *, #8162, .T. ) ;
#5213 = EDGE_CURVE ( 'NONE', #1330, #4800, #5476, .T. ) ;
#5214 = DIRECTION ( 'NONE',  ( -0.000000000000000000, -0.000000000000000000, -1.000000000000000000 ) ) ;
#5215 = ORIENTED_EDGE ( 'NONE', *, *, #1016, .T. ) ;
#5216 = DIRECTION ( 'NONE',  ( -1.000000000000000000, 0.000000000000000000, 8.260587980841938780E-17 ) ) ;
#5217 = CARTESIAN_POINT ( 'NONE',  ( 37.60000000000000853, 4.000000000000000000, 4.883262201417498631E-15 ) ) ;
#5218 = EDGE_LOOP ( 'NONE', ( #11876 ) ) ;
#5219 = CARTESIAN_POINT ( 'NONE',  ( 20.00000000000000355, 40.00000000000000000, -17.58578643762690774 ) ) ;
#5220 = CARTESIAN_POINT ( 'NONE',  ( -3.599999999999454303, 9.500000000000000000, -89.99999999999997158 ) ) ;
#5221 = CIRCLE ( 'NONE', #9820, 0.7999999999999986011 ) ;
#5222 = DIRECTION ( 'NONE',  ( -1.000000000000000000, 0.000000000000000000, 0.000000000000000000 ) ) ;
#5223 = LINE ( 'NONE', #5340, #7906 ) ;
#5224 = PLANE ( 'NONE',  #5374 ) ;
#5225 = ORIENTED_EDGE ( 'NONE', *, *, #10642, .T. ) ;
#5226 = ORIENTED_EDGE ( 'NONE', *, *, #4661, .F. ) ;
#5227 = ORIENTED_EDGE ( 'NONE', *, *, #4027, .F. ) ;
#5228 = VERTEX_POINT ( 'NONE', #7364 ) ;
#5229 = AXIS2_PLACEMENT_3D ( 'NONE', #36, #3986, #920 ) ;
#5230 = DIRECTION ( 'NONE',  ( 0.000000000000000000, 0.000000000000000000, 1.000000000000000000 ) ) ;
#5231 = ORIENTED_EDGE ( 'NONE', *, *, #9692, .F. ) ;
#5232 = DIRECTION ( 'NONE',  ( -1.000000000000000000, 0.000000000000000000, 8.260587980841938780E-17 ) ) ;
#5233 = CARTESIAN_POINT ( 'NONE',  ( 2.659549700202073375, -4.523938932020209691, -13.00000000000000000 ) ) ;
#5234 = DIRECTION ( 'NONE',  ( 0.7071067811865491270, 0.000000000000000000, -0.7071067811865459074 ) ) ;
#5235 = DIRECTION ( 'NONE',  ( 0.000000000000000000, 0.000000000000000000, -1.000000000000000000 ) ) ;
#5236 = DIRECTION ( 'NONE',  ( -0.000000000000000000, -0.000000000000000000, -1.000000000000000000 ) ) ;
#5237 = CARTESIAN_POINT ( 'NONE',  ( 9.500000000000000000, 3.599999999999909051, -89.99999999999997158 ) ) ;
#5238 = AXIS2_PLACEMENT_3D ( 'NONE', #25, #7780, #5891 ) ;
#5239 = DIRECTION ( 'NONE',  ( 0.000000000000000000, -1.000000000000000000, 0.000000000000000000 ) ) ;
#5240 = EDGE_CURVE ( 'NONE', #11560, #7733, #7303, .T. ) ;
#5241 = ORIENTED_EDGE ( 'NONE', *, *, #435, .T. ) ;
#5242 = VERTEX_POINT ( 'NONE', #2558 ) ;
#5243 = EDGE_CURVE ( 'NONE', #8661, #233, #11881, .T. ) ;
#5244 = DIRECTION ( 'NONE',  ( -1.000000000000000000, 0.000000000000000000, 0.000000000000000000 ) ) ;
#5245 = DIRECTION ( 'NONE',  ( 1.000000000000000000, 0.000000000000000000, 0.000000000000000000 ) ) ;
#5246 = CIRCLE ( 'NONE', #9253, 6.500000000000000888 ) ;
#5247 = ORIENTED_EDGE ( 'NONE', *, *, #6076, .F. ) ;
#5248 = DIRECTION ( 'NONE',  ( 0.000000000000000000, 0.000000000000000000, -1.000000000000000000 ) ) ;
#5249 = CARTESIAN_POINT ( 'NONE',  ( -29.99999999999999289, 20.00000000000000000, -0.5000000000000000000 ) ) ;
#5250 = DIRECTION ( 'NONE',  ( 1.000000000000000000, 0.000000000000000000, 0.000000000000000000 ) ) ;
#5251 = LINE ( 'NONE', #9072, #6980 ) ;
#5252 = LINE ( 'NONE', #4549, #2546 ) ;
#5253 = DIRECTION ( 'NONE',  ( 0.000000000000000000, 0.000000000000000000, 1.000000000000000000 ) ) ;
#5254 = VECTOR ( 'NONE', #2077, 1000.000000000000000 ) ;
#5255 = EDGE_CURVE ( 'NONE', #5497, #9228, #10080, .T. ) ;
#5256 = ORIENTED_EDGE ( 'NONE', *, *, #5322, .T. ) ;
#5257 = EDGE_CURVE ( 'NONE', #11428, #3363, #3489, .T. ) ;
#5258 = EDGE_CURVE ( 'NONE', #9375, #11797, #289, .T. ) ;
#5259 = LINE ( 'NONE', #10088, #8353 ) ;
#5260 = ORIENTED_EDGE ( 'NONE', *, *, #6189, .T. ) ;
#5261 = DIRECTION ( 'NONE',  ( -0.000000000000000000, -0.000000000000000000, -1.000000000000000000 ) ) ;
#5262 = EDGE_LOOP ( 'NONE', ( #3952 ) ) ;
#5263 = DIRECTION ( 'NONE',  ( 0.000000000000000000, 0.000000000000000000, 1.000000000000000000 ) ) ;
#5264 = CARTESIAN_POINT ( 'NONE',  ( -4.074351959469353801, -4.811723299439425006, -2.000000000000000000 ) ) ;
#5265 = VERTEX_POINT ( 'NONE', #10141 ) ;
#5266 = DIRECTION ( 'NONE',  ( -1.000000000000000000, 0.000000000000000000, 0.000000000000000000 ) ) ;
#5267 = DIRECTION ( 'NONE',  ( 0.000000000000000000, 0.000000000000000000, 1.000000000000000000 ) ) ;
#5268 = DIRECTION ( 'NONE',  ( -0.000000000000000000, -0.000000000000000000, 1.000000000000000000 ) ) ;
#5269 = CARTESIAN_POINT ( 'NONE',  ( -18.99999999999999645, -16.50000000000000000, 5.000000000000000000 ) ) ;
#5270 = ORIENTED_EDGE ( 'NONE', *, *, #5023, .T. ) ;
#5271 = EDGE_CURVE ( 'NONE', #3669, #8507, #3435, .T. ) ;
#5272 = ORIENTED_EDGE ( 'NONE', *, *, #5494, .T. ) ;
#5273 = LINE ( 'NONE', #5400, #4984 ) ;
#5274 = ORIENTED_EDGE ( 'NONE', *, *, #5715, .F. ) ;
#5275 = CARTESIAN_POINT ( 'NONE',  ( -4.251801127475944853, 2.984997851321552265, -13.00000000000000000 ) ) ;
#5276 = EDGE_CURVE ( 'NONE', #5823, #3963, #5307, .T. ) ;
#5277 = DIRECTION ( 'NONE',  ( 0.7071067811865492381, 0.000000000000000000, -0.7071067811865459074 ) ) ;
#5278 = EDGE_LOOP ( 'NONE', ( #4823, #8323, #4952, #6108 ) ) ;
#5279 = DIRECTION ( 'NONE',  ( 0.000000000000000000, 0.000000000000000000, 1.000000000000000000 ) ) ;
#5280 = DIRECTION ( 'NONE',  ( -1.000000000000000000, 0.000000000000000000, 0.000000000000000000 ) ) ;
#5281 = LINE ( 'NONE', #401, #973 ) ;
#5282 = AXIS2_PLACEMENT_3D ( 'NONE', #8580, #8511, #4822 ) ;
#5283 = ORIENTED_EDGE ( 'NONE', *, *, #9929, .F. ) ;
#5284 = ORIENTED_EDGE ( 'NONE', *, *, #8237, .T. ) ;
#5285 = VECTOR ( 'NONE', #8632, 1000.000000000000000 ) ;
#5286 = ORIENTED_EDGE ( 'NONE', *, *, #805, .F. ) ;
#5287 = EDGE_LOOP ( 'NONE', ( #10782, #10933, #3091, #6639 ) ) ;
#5288 = DIRECTION ( 'NONE',  ( -0.000000000000000000, -0.000000000000000000, -1.000000000000000000 ) ) ;
#5289 = ORIENTED_EDGE ( 'NONE', *, *, #3268, .T. ) ;
#5290 = CARTESIAN_POINT ( 'NONE',  ( 6.123233995736764507E-15, -24.99999999999999645, 0.000000000000000000 ) ) ;
#5291 = DIRECTION ( 'NONE',  ( 0.000000000000000000, 0.000000000000000000, 1.000000000000000000 ) ) ;
#5292 = AXIS2_PLACEMENT_3D ( 'NONE', #4624, #4743, #8498 ) ;
#5293 = VECTOR ( 'NONE', #3368, 1000.000000000000000 ) ;
#5294 = CARTESIAN_POINT ( 'NONE',  ( -20.56568542494923690, 32.00000000000000000, 18.15147186257616241 ) ) ;
#5295 = CARTESIAN_POINT ( 'NONE',  ( -20.80000000000000426, 7.800000000000001599, -21.00000000000000000 ) ) ;
#5296 = EDGE_CURVE ( 'NONE', #11923, #7111, #7190, .T. ) ;
#5297 = FACE_OUTER_BOUND ( 'NONE', #9389, .T. ) ;
#5298 = CARTESIAN_POINT ( 'NONE',  ( 4.359035021885698136, -2.921992769749274022, -13.00000000000000000 ) ) ;
#5299 = VERTEX_POINT ( 'NONE', #5373 ) ;
#5300 = ORIENTED_EDGE ( 'NONE', *, *, #3567, .F. ) ;
#5301 = DIRECTION ( 'NONE',  ( 0.000000000000000000, 1.000000000000000000, -0.000000000000000000 ) ) ;
#5302 = CYLINDRICAL_SURFACE ( 'NONE', #5391, 5.195000000000000284 ) ;
#5303 = ORIENTED_EDGE ( 'NONE', *, *, #4252, .T. ) ;
#5304 = CARTESIAN_POINT ( 'NONE',  ( 30.00000000000000711, 20.00000000000000000, -0.5000000000000000000 ) ) ;
#5305 = DIRECTION ( 'NONE',  ( -0.000000000000000000, 1.000000000000000000, 0.000000000000000000 ) ) ;
#5306 = ADVANCED_FACE ( 'NONE', ( #556, #10207 ), #12015, .F. ) ;
#5307 = LINE ( 'NONE', #9134, #1509 ) ;
#5308 = AXIS2_PLACEMENT_3D ( 'NONE', #767, #3286, #5234 ) ;
#5309 = DIRECTION ( 'NONE',  ( -1.000000000000000000, -1.814564305414821333E-16, 0.000000000000000000 ) ) ;
#5310 = EDGE_CURVE ( 'NONE', #7849, #11258, #10896, .T. ) ;
#5311 = VECTOR ( 'NONE', #9656, 1000.000000000000000 ) ;
#5312 = DIRECTION ( 'NONE',  ( -0.000000000000000000, 1.000000000000000000, -0.000000000000000000 ) ) ;
#5313 =( NAMED_UNIT ( * ) SI_UNIT ( $, .STERADIAN. ) SOLID_ANGLE_UNIT ( ) );
#5314 = ORIENTED_EDGE ( 'NONE', *, *, #2010, .F. ) ;
#5315 = FACE_OUTER_BOUND ( 'NONE', #7698, .T. ) ;
#5316 = CIRCLE ( 'NONE', #8119, 0.1999999999999987899 ) ;
#5317 = DIRECTION ( 'NONE',  ( 0.7071067811865630048, -0.7071067811865321406, 0.000000000000000000 ) ) ;
#5318 = ORIENTED_EDGE ( 'NONE', *, *, #10464, .F. ) ;
#5319 = DIRECTION ( 'NONE',  ( -0.000000000000000000, 1.000000000000000000, 0.000000000000000000 ) ) ;
#5320 = CARTESIAN_POINT ( 'NONE',  ( 9.500000000000000000, 3.099999999999909051, -870.0000000000000000 ) ) ;
#5321 = ORIENTED_EDGE ( 'NONE', *, *, #11705, .F. ) ;
#5322 = EDGE_CURVE ( 'NONE', #8535, #8418, #7881, .T. ) ;
#5323 =( NAMED_UNIT ( * ) PLANE_ANGLE_UNIT ( ) SI_UNIT ( $, .RADIAN. ) );
#5324 = DIRECTION ( 'NONE',  ( -0.000000000000000000, -0.000000000000000000, 1.000000000000000000 ) ) ;
#5325 = ADVANCED_FACE ( 'NONE', ( #5435 ), #8303, .F. ) ;
#5326 = DIRECTION ( 'NONE',  ( 0.000000000000000000, 0.000000000000000000, 1.000000000000000000 ) ) ;
#5327 = CIRCLE ( 'NONE', #3328, 2.499999999999998668 ) ;
#5328 =( NAMED_UNIT ( * ) SI_UNIT ( $, .STERADIAN. ) SOLID_ANGLE_UNIT ( ) );
#5329 = ORIENTED_EDGE ( 'NONE', *, *, #10034, .F. ) ;
#5330 = EDGE_LOOP ( 'NONE', ( #8447, #1391, #4026, #2729 ) ) ;
#5331 = DIRECTION ( 'NONE',  ( -1.000000000000000000, 0.000000000000000000, 0.000000000000000000 ) ) ;
#5332 = ORIENTED_EDGE ( 'NONE', *, *, #10179, .F. ) ;
#5333 = AXIS2_PLACEMENT_3D ( 'NONE', #10027, #1452, #11263 ) ;
#5334 = CARTESIAN_POINT ( 'NONE',  ( 30.00000000000000000, -29.99999999999999289, 5.000000000000000000 ) ) ;
#5335 = CARTESIAN_POINT ( 'NONE',  ( 6.490000000000295977, 5.500000000000284217, -870.0000000000000000 ) ) ;
#5336 = VERTEX_POINT ( 'NONE', #2626 ) ;
#5337 = DIRECTION ( 'NONE',  ( 1.000000000000000000, 0.000000000000000000, 0.000000000000000000 ) ) ;
#5338 = EDGE_CURVE ( 'NONE', #7749, #11588, #3891, .T. ) ;
#5339 = DIRECTION ( 'NONE',  ( -0.000000000000000000, -0.000000000000000000, -1.000000000000000000 ) ) ;
#5340 = CARTESIAN_POINT ( 'NONE',  ( 8.000000000000000000, 3.099999999999909051, -870.0000000000000000 ) ) ;
#5341 = DIRECTION ( 'NONE',  ( 0.000000000000000000, 0.000000000000000000, 1.000000000000000000 ) ) ;
#5342 = ORIENTED_EDGE ( 'NONE', *, *, #7727, .F. ) ;
#5343 = VECTOR ( 'NONE', #9398, 1000.000000000000227 ) ;
#5344 = ORIENTED_EDGE ( 'NONE', *, *, #5163, .T. ) ;
#5345 = EDGE_CURVE ( 'NONE', #3827, #11468, #428, .T. ) ;
#5346 = ORIENTED_EDGE ( 'NONE', *, *, #3843, .T. ) ;
#5347 = EDGE_CURVE ( 'NONE', #5718, #1189, #11885, .T. ) ;
#5348 = VERTEX_POINT ( 'NONE', #10957 ) ;
#5349 = DIRECTION ( 'NONE',  ( 1.000000000000000000, 0.000000000000000000, 0.000000000000000000 ) ) ;
#5350 = VERTEX_POINT ( 'NONE', #2379 ) ;
#5351 = CARTESIAN_POINT ( 'NONE',  ( 0.000000000000000000, 0.000000000000000000, -2.000000000000000000 ) ) ;
#5352 = CIRCLE ( 'NONE', #12344, 1.000000000000000888 ) ;
#5353 = CARTESIAN_POINT ( 'NONE',  ( 6.123233995736764507E-15, -24.99999999999999645, 5.000000000000000000 ) ) ;
#5354 = CIRCLE ( 'NONE', #759, 1.974999999999981215 ) ;
#5355 = ADVANCED_FACE ( 'NONE', ( #1450 ), #12285, .T. ) ;
#5356 = DIRECTION ( 'NONE',  ( 1.000000000000000000, 0.000000000000000000, 0.000000000000000000 ) ) ;
#5357 = FACE_OUTER_BOUND ( 'NONE', #4932, .T. ) ;
#5358 = LINE ( 'NONE', #2242, #8352 ) ;
#5359 = CARTESIAN_POINT ( 'NONE',  ( 10.00000000000000000, -3.599999999999909051, -89.99999999999997158 ) ) ;
#5360 = EDGE_CURVE ( 'NONE', #4917, #4887, #6878, .T. ) ;
#5361 = ADVANCED_FACE ( 'NONE', ( #3866 ), #4613, .F. ) ;
#5362 = VECTOR ( 'NONE', #9492, 1000.000000000000000 ) ;
#5363 = CIRCLE ( 'NONE', #12353, 5.195000000000000284 ) ;
#5364 = VERTEX_POINT ( 'NONE', #11261 ) ;
#5365 = VECTOR ( 'NONE', #2733, 1000.000000000000000 ) ;
#5366 = ORIENTED_EDGE ( 'NONE', *, *, #11529, .T. ) ;
#5367 = PLANE ( 'NONE',  #5958 ) ;
#5368 = CARTESIAN_POINT ( 'NONE',  ( -3.899999999999465672, 2.910000000000252829, -89.99999999999997158 ) ) ;
#5369 = ORIENTED_EDGE ( 'NONE', *, *, #2523, .F. ) ;
#5370 = LINE ( 'NONE', #12066, #2889 ) ;
#5371 = AXIS2_PLACEMENT_3D ( 'NONE', #6387, #10985, #9979 ) ;
#5372 = CARTESIAN_POINT ( 'NONE',  ( 20.00000000000000355, 0.000000000000000000, -17.58578643762690774 ) ) ;
#5373 = CARTESIAN_POINT ( 'NONE',  ( 17.58578643762691840, 32.20000000000000284, -21.00000000000000355 ) ) ;
#5374 = AXIS2_PLACEMENT_3D ( 'NONE', #7971, #7030, #4222 ) ;
#5375 = DIRECTION ( 'NONE',  ( 0.7071067811865459074, -0.000000000000000000, 0.7071067811865491270 ) ) ;
#5376 = VECTOR ( 'NONE', #211, 1000.000000000000000 ) ;
#5377 = DIRECTION ( 'NONE',  ( -1.000000000000000000, 0.000000000000000000, 0.000000000000000000 ) ) ;
#5378 = SHAPE_DEFINITION_REPRESENTATION ( #1546, #9896 ) ;
#5379 = ORIENTED_EDGE ( 'NONE', *, *, #9748, .T. ) ;
#5380 = DIRECTION ( 'NONE',  ( 0.000000000000000000, 0.000000000000000000, -1.000000000000000000 ) ) ;
#5381 = AXIS2_PLACEMENT_3D ( 'NONE', #54, #3879, #7684 ) ;
#5382 = AXIS2_PLACEMENT_3D ( 'NONE', #10744, #7788, #11677 ) ;
#5383 = EDGE_CURVE ( 'NONE', #1670, #330, #11692, .T. ) ;
#5384 = CYLINDRICAL_SURFACE ( 'NONE', #5769, 1.000000000000000888 ) ;
#5385 = EDGE_LOOP ( 'NONE', ( #8339, #12346, #826, #9297 ) ) ;
#5386 = CARTESIAN_POINT ( 'NONE',  ( 10.00000000000000533, 0.000000000000000000, -10.00000000000000000 ) ) ;
#5387 = DIRECTION ( 'NONE',  ( 1.000000000000000000, 0.000000000000000000, 0.000000000000000000 ) ) ;
#5388 = ORIENTED_EDGE ( 'NONE', *, *, #9422, .T. ) ;
#5389 = LINE ( 'NONE', #9221, #1290 ) ;
#5390 = CARTESIAN_POINT ( 'NONE',  ( -3.893413252308146610, -4.598038521668920353, -13.00000000000000000 ) ) ;
#5391 = AXIS2_PLACEMENT_3D ( 'NONE', #1241, #6243, #2248 ) ;
#5392 = LINE ( 'NONE', #10280, #8538 ) ;
#5393 = CIRCLE ( 'NONE', #797, 1.000000000000000888 ) ;
#5394 = VECTOR ( 'NONE', #1851, 1000.000000000000000 ) ;
#5395 = VERTEX_POINT ( 'NONE', #3632 ) ;
#5396 = ORIENTED_EDGE ( 'NONE', *, *, #2617, .T. ) ;
#5397 = ADVANCED_FACE ( 'NONE', ( #9447 ), #7668, .T. ) ;
#5398 = VERTEX_POINT ( 'NONE', #923 ) ;
#5399 = AXIS2_PLACEMENT_3D ( 'NONE', #1920, #980, #2796 ) ;
#5400 = CARTESIAN_POINT ( 'NONE',  ( -29.99999999999999289, 20.00000000000000000, 0.000000000000000000 ) ) ;
#5401 = ORIENTED_EDGE ( 'NONE', *, *, #11305, .T. ) ;
#5402 = CARTESIAN_POINT ( 'NONE',  ( -17.58578643762691485, 8.000000000000000000, 20.00000000000000355 ) ) ;
#5403 = DIRECTION ( 'NONE',  ( 0.000000000000000000, 0.000000000000000000, 1.000000000000000000 ) ) ;
#5404 = ORIENTED_EDGE ( 'NONE', *, *, #7363, .T. ) ;
#5405 = DIRECTION ( 'NONE',  ( -0.000000000000000000, -1.000000000000000000, -0.000000000000000000 ) ) ;
#5406 = CARTESIAN_POINT ( 'NONE',  ( 2.659549700202081368, 4.523938932020214132, -2.000000000000000000 ) ) ;
#5407 = DIRECTION ( 'NONE',  ( -0.000000000000000000, -0.000000000000000000, 1.000000000000000000 ) ) ;
#5408 = DIRECTION ( 'NONE',  ( 0.000000000000000000, -1.000000000000000000, 0.000000000000000000 ) ) ;
#5409 = CIRCLE ( 'NONE', #7205, 0.1499999999999904188 ) ;
#5410 = VERTEX_POINT ( 'NONE', #8428 ) ;
#5411 = ADVANCED_FACE ( 'NONE', ( #4670 ), #1925, .T. ) ;
#5412 = ORIENTED_EDGE ( 'NONE', *, *, #5798, .T. ) ;
#5413 = ADVANCED_FACE ( 'NONE', ( #1869, #3806 ), #5547, .F. ) ;
#5414 = ORIENTED_EDGE ( 'NONE', *, *, #8092, .T. ) ;
#5415 = DIRECTION ( 'NONE',  ( 0.000000000000000000, 0.000000000000000000, 1.000000000000000000 ) ) ;
#5416 = ORIENTED_EDGE ( 'NONE', *, *, #7777, .F. ) ;
#5417 = DIRECTION ( 'NONE',  ( 1.000000000000000000, 0.000000000000000000, 0.000000000000000000 ) ) ;
#5418 = CIRCLE ( 'NONE', #4605, 1.974999999999998535 ) ;
#5419 = LINE ( 'NONE', #7345, #3433 ) ;
#5420 = CYLINDRICAL_SURFACE ( 'NONE', #10779, 0.2800000000000003042 ) ;
#5421 = CARTESIAN_POINT ( 'NONE',  ( 20.70000000000000284, 32.00000000000000000, -15.47157287525382507 ) ) ;
#5422 = CARTESIAN_POINT ( 'NONE',  ( -17.58578643762690774, 39.80000000000000426, -21.00000000000000000 ) ) ;
#5423 = LINE ( 'NONE', #10218, #7737 ) ;
#5424 = CIRCLE ( 'NONE', #3220, 0.1999999999999987899 ) ;
#5425 = VERTEX_POINT ( 'NONE', #11447 ) ;
#5426 = EDGE_CURVE ( 'NONE', #5457, #10212, #1749, .T. ) ;
#5427 = ORIENTED_EDGE ( 'NONE', *, *, #11255, .F. ) ;
#5428 = DIRECTION ( 'NONE',  ( -0.000000000000000000, -0.000000000000000000, 1.000000000000000000 ) ) ;
#5429 = ORIENTED_EDGE ( 'NONE', *, *, #4615, .F. ) ;
#5430 = ADVANCED_FACE ( 'NONE', ( #11384 ), #2093, .T. ) ;
#5431 = CARTESIAN_POINT ( 'NONE',  ( 0.000000000000000000, 0.000000000000000000, -13.00000000000000000 ) ) ;
#5432 = VECTOR ( 'NONE', #3969, 1000.000000000000000 ) ;
#5433 = PRODUCT_DEFINITION_SHAPE ( 'NONE', 'NONE',  #12394 ) ;
#5434 = DIRECTION ( 'NONE',  ( -0.000000000000000000, -0.000000000000000000, 1.000000000000000000 ) ) ;
#5435 = FACE_OUTER_BOUND ( 'NONE', #12145, .T. ) ;
#5436 = CARTESIAN_POINT ( 'NONE',  ( 21.00000000000000355, 40.00000000000000000, -17.58578643762690774 ) ) ;
#5437 = CARTESIAN_POINT ( 'NONE',  ( -5.128648328663927281, 1.505321002607963310, -13.00000000000000000 ) ) ;
#5438 = EDGE_CURVE ( 'NONE', #3829, #3479, #8617, .T. ) ;
#5439 = APPLICATION_PROTOCOL_DEFINITION ( 'draft international standard', 'automotive_design', 1998, #9209 ) ;
#5440 = ORIENTED_EDGE ( 'NONE', *, *, #6600, .F. ) ;
#5441 = AXIS2_PLACEMENT_3D ( 'NONE', #2592, #12153, #7448 ) ;
#5442 = DIRECTION ( 'NONE',  ( 0.000000000000000000, 0.000000000000000000, -1.000000000000000000 ) ) ;
#5443 = ORIENTED_EDGE ( 'NONE', *, *, #2321, .F. ) ;
#5444 = DIRECTION ( 'NONE',  ( 0.000000000000000000, 0.000000000000000000, 1.000000000000000000 ) ) ;
#5445 = DIRECTION ( 'NONE',  ( 0.000000000000000000, 0.000000000000000000, 1.000000000000000000 ) ) ;
#5446 =( LENGTH_UNIT ( ) NAMED_UNIT ( * ) SI_UNIT ( .MILLI., .METRE. ) );
#5447 = FACE_OUTER_BOUND ( 'NONE', #6475, .T. ) ;
#5448 = AXIS2_PLACEMENT_3D ( 'NONE', #10532, #2944, #5757 ) ;
#5449 = DIRECTION ( 'NONE',  ( -9.035018104045163885E-14, 1.000000000000000000, 0.000000000000000000 ) ) ;
#5450 = EDGE_CURVE ( 'NONE', #7324, #2882, #81, .T. ) ;
#5451 = ORIENTED_EDGE ( 'NONE', *, *, #2307, .F. ) ;
#5452 = ORIENTED_EDGE ( 'NONE', *, *, #12340, .F. ) ;
#5453 = DIRECTION ( 'NONE',  ( 0.000000000000000000, -1.000000000000000000, -0.000000000000000000 ) ) ;
#5454 = VERTEX_POINT ( 'NONE', #39 ) ;
#5455 = CARTESIAN_POINT ( 'NONE',  ( 5.500000000000397904, -6.489999999999611191, -870.0000000000000000 ) ) ;
#5456 = CARTESIAN_POINT ( 'NONE',  ( -7.999999999999783284, -5.500000000000096811, -870.0000000000000000 ) ) ;
#5457 = VERTEX_POINT ( 'NONE', #2914 ) ;
#5458 = FACE_OUTER_BOUND ( 'NONE', #8477, .T. ) ;
#5459 = CARTESIAN_POINT ( 'NONE',  ( 20.80000000000000426, 40.00000000000000000, -17.58578643762691129 ) ) ;
#5460 = CYLINDRICAL_SURFACE ( 'NONE', #9350, 8.000000000000000000 ) ;
#5461 = ADVANCED_FACE ( 'NONE', ( #6484 ), #6727, .T. ) ;
#5462 = DIRECTION ( 'NONE',  ( 1.000000000000000000, 0.000000000000000000, -8.260587980841936314E-17 ) ) ;
#5463 = ADVANCED_FACE ( 'NONE', ( #10564, #7543 ), #6683, .T. ) ;
#5464 = LINE ( 'NONE', #4465, #5568 ) ;
#5465 = EDGE_LOOP ( 'NONE', ( #8683 ) ) ;
#5466 = EDGE_LOOP ( 'NONE', ( #6091, #6261, #4922, #7904 ) ) ;
#5467 = VERTEX_POINT ( 'NONE', #5613 ) ;
#5468 = DIRECTION ( 'NONE',  ( -1.000000000000000000, 0.000000000000000000, 8.260587980841938780E-17 ) ) ;
#5469 = ORIENTED_EDGE ( 'NONE', *, *, #9748, .F. ) ;
#5470 = CARTESIAN_POINT ( 'NONE',  ( -0.3171893472501033373, -5.185307697522977932, -2.000000000000000000 ) ) ;
#5471 = FACE_OUTER_BOUND ( 'NONE', #3919, .T. ) ;
#5472 = DIRECTION ( 'NONE',  ( 0.7071067811865474617, 0.000000000000000000, 0.7071067811865474617 ) ) ;
#5473 = EDGE_CURVE ( 'NONE', #979, #4651, #9506, .T. ) ;
#5474 = DIRECTION ( 'NONE',  ( -0.000000000000000000, -0.000000000000000000, 1.000000000000000000 ) ) ;
#5475 = EDGE_CURVE ( 'NONE', #10840, #7861, #3086, .T. ) ;
#5476 = CIRCLE ( 'NONE', #73, 1.974999999999998535 ) ;
#5477 = LINE ( 'NONE', #12240, #8155 ) ;
#5478 = ORIENTED_EDGE ( 'NONE', *, *, #7756, .T. ) ;
#5479 = ORIENTED_EDGE ( 'NONE', *, *, #10066, .T. ) ;
#5480 = LINE ( 'NONE', #9197, #4373 ) ;
#5481 = ORIENTED_EDGE ( 'NONE', *, *, #7790, .F. ) ;
#5482 = CARTESIAN_POINT ( 'NONE',  ( -21.00000000000000000, 0.000000000000000000, -20.80000000000000426 ) ) ;
#5483 = EDGE_LOOP ( 'NONE', ( #12104, #866, #3047, #12330 ) ) ;
#5484 = CARTESIAN_POINT ( 'NONE',  ( 20.80000000000000426, 7.800000000000000711, 17.58578643762692550 ) ) ;
#5485 = CARTESIAN_POINT ( 'NONE',  ( -5.349122049243778321, 2.772637427124946985, -13.00000000000000000 ) ) ;
#5486 = DIRECTION ( 'NONE',  ( 0.000000000000000000, 1.000000000000000000, 0.000000000000000000 ) ) ;
#5487 = PLANE ( 'NONE',  #4191 ) ;
#5488 = EDGE_CURVE ( 'NONE', #10483, #11353, #10926, .T. ) ;
#5489 = CARTESIAN_POINT ( 'NONE',  ( 30.00000000000000711, -20.00000000000000000, -0.5000000000000000000 ) ) ;
#5490 = AXIS2_PLACEMENT_3D ( 'NONE', #9504, #12191, #921 ) ;
#5491 = VECTOR ( 'NONE', #11727, 1000.000000000000000 ) ;
#5492 = SHAPE_DEFINITION_REPRESENTATION ( #11045, #3966 ) ;
#5493 = VERTEX_POINT ( 'NONE', #10689 ) ;
#5494 = EDGE_CURVE ( 'NONE', #3379, #4840, #8672, .T. ) ;
#5495 = CARTESIAN_POINT ( 'NONE',  ( -2.659549700202074707, 4.523938932020212356, -13.00000000000000000 ) ) ;
#5496 = FACE_OUTER_BOUND ( 'NONE', #831, .T. ) ;
#5497 = VERTEX_POINT ( 'NONE', #2107 ) ;
#5498 = AXIS2_PLACEMENT_3D ( 'NONE', #3896, #833, #6820 ) ;
#5499 = AXIS2_PLACEMENT_3D ( 'NONE', #5707, #1192, #8523 ) ;
#5500 = DIRECTION ( 'NONE',  ( -0.000000000000000000, 1.000000000000000000, 0.000000000000000000 ) ) ;
#5501 = LINE ( 'NONE', #9459, #8530 ) ;
#5502 = DIRECTION ( 'NONE',  ( -0.000000000000000000, -0.000000000000000000, -1.000000000000000000 ) ) ;
#5503 = CARTESIAN_POINT ( 'NONE',  ( 0.4333079431568624962, 5.229863506334589296, -13.00000000000000000 ) ) ;
#5504 = ADVANCED_FACE ( 'NONE', ( #2980 ), #8034, .F. ) ;
#5505 = PLANE ( 'NONE',  #8144 ) ;
#5506 = DIRECTION ( 'NONE',  ( 0.000000000000000000, 0.000000000000000000, 1.000000000000000000 ) ) ;
#5507 = ORIENTED_EDGE ( 'NONE', *, *, #4335, .T. ) ;
#5508 = ORIENTED_EDGE ( 'NONE', *, *, #5360, .F. ) ;
#5509 = CYLINDRICAL_SURFACE ( 'NONE', #10372, 2.500000000000000000 ) ;
#5510 = ORIENTED_EDGE ( 'NONE', *, *, #2336, .F. ) ;
#5511 = FACE_OUTER_BOUND ( 'NONE', #7432, .T. ) ;
#5512 = DIRECTION ( 'NONE',  ( 0.000000000000000000, -0.000000000000000000, -1.000000000000000000 ) ) ;
#5513 = VERTEX_POINT ( 'NONE', #6147 ) ;
#5514 = DIRECTION ( 'NONE',  ( -0.000000000000000000, -0.000000000000000000, 1.000000000000000000 ) ) ;
#5515 = DIRECTION ( 'NONE',  ( 0.000000000000000000, 1.000000000000000000, 0.000000000000000000 ) ) ;
#5516 = PRESENTATION_LAYER_ASSIGNMENT (  '', '', ( #10521 ) ) ;
#5517 = DIRECTION ( 'NONE',  ( 0.7071067811865495711, 0.000000000000000000, -0.7071067811865454633 ) ) ;
#5518 = DIRECTION ( 'NONE',  ( 1.000000000000000000, 0.000000000000000000, 0.000000000000000000 ) ) ;
#5519 = VERTEX_POINT ( 'NONE', #11349 ) ;
#5520 = ORIENTED_EDGE ( 'NONE', *, *, #7634, .F. ) ;
#5521 = PRODUCT_DEFINITION_FORMATION_WITH_SPECIFIED_SOURCE ( 'ä»', '', #9246, .NOT_KNOWN. ) ;
#5522 = ORIENTED_EDGE ( 'NONE', *, *, #10962, .T. ) ;
#5523 = AXIS2_PLACEMENT_3D ( 'NONE', #10237, #8516, #8335 ) ;
#5524 = DIRECTION ( 'NONE',  ( 1.000000000000000000, 0.000000000000000000, 0.000000000000000000 ) ) ;
#5525 = PRODUCT_DEFINITION_SHAPE ( 'NONE', 'NONE',  #12393 ) ;
#5526 = VERTEX_POINT ( 'NONE', #9683 ) ;
#5527 = CARTESIAN_POINT ( 'NONE',  ( 19.35857864376264104, 32.00000000000000000, 19.35857864376275117 ) ) ;
#5528 = EDGE_CURVE ( 'NONE', #2406, #6703, #9990, .T. ) ;
#5529 = DIRECTION ( 'NONE',  ( 0.000000000000000000, 1.000000000000000000, 0.000000000000000000 ) ) ;
#5530 = CARTESIAN_POINT ( 'NONE',  ( 0.000000000000000000, 0.000000000000000000, -13.00000000000000178 ) ) ;
#5531 = FILL_AREA_STYLE ('',( #1733 ) ) ;
#5532 = AXIS2_PLACEMENT_3D ( 'NONE', #12197, #6614, #2859 ) ;
#5533 = CARTESIAN_POINT ( 'NONE',  ( 0.000000000000000000, 0.000000000000000000, -2.000000000000000000 ) ) ;
#5534 = ORIENTED_EDGE ( 'NONE', *, *, #1442, .T. ) ;
#5535 = EDGE_LOOP ( 'NONE', ( #11390 ) ) ;
#5536 = DIRECTION ( 'NONE',  ( -0.000000000000000000, 1.000000000000000000, 0.000000000000000000 ) ) ;
#5537 = EDGE_CURVE ( 'NONE', #6885, #6885, #9501, .T. ) ;
#5538 = EDGE_LOOP ( 'NONE', ( #6768, #3108, #2955, #2458 ) ) ;
#5539 = AXIS2_PLACEMENT_3D ( 'NONE', #1131, #129, #11419 ) ;
#5540 = EDGE_CURVE ( 'NONE', #164, #11995, #7149, .T. ) ;
#5541 = AXIS2_PLACEMENT_3D ( 'NONE', #1700, #7563, #12137 ) ;
#5542 = CARTESIAN_POINT ( 'NONE',  ( -15.00000000000000000, 0.000000000000000000, 5.000000000000000000 ) ) ;
#5543 = ADVANCED_FACE ( 'NONE', ( #5907 ), #10631, .F. ) ;
#5544 = ORIENTED_EDGE ( 'NONE', *, *, #1537, .F. ) ;
#5545 = CARTESIAN_POINT ( 'NONE',  ( 5.597711953606975932, 2.901490286808759311, -2.000000000000000000 ) ) ;
#5546 = CARTESIAN_POINT ( 'NONE',  ( 0.000000000000000000, 0.000000000000000000, -2.000000000000000000 ) ) ;
#5547 = CYLINDRICAL_SURFACE ( 'NONE', #11292, 2.099999999999997868 ) ;
#5548 = DIRECTION ( 'NONE',  ( 0.000000000000000000, -1.000000000000000000, 0.000000000000000000 ) ) ;
#5549 = CARTESIAN_POINT ( 'NONE',  ( 4.074351959469352913, -4.811723299439425006, -13.00000000000000000 ) ) ;
#5550 = VECTOR ( 'NONE', #6628, 1000.000000000000000 ) ;
#5551 = AXIS2_PLACEMENT_3D ( 'NONE', #2452, #4194, #3120 ) ;
#5552 = CIRCLE ( 'NONE', #9559, 0.2800000000000015810 ) ;
#5553 = EDGE_LOOP ( 'NONE', ( #9435, #11356, #8090, #6826 ) ) ;
#5554 = ORIENTED_EDGE ( 'NONE', *, *, #1064, .T. ) ;
#5555 = DIRECTION ( 'NONE',  ( 0.000000000000000000, -1.000000000000000000, 0.000000000000000000 ) ) ;
#5556 = EDGE_CURVE ( 'NONE', #11656, #6154, #3042, .T. ) ;
#5557 = ADVANCED_FACE ( 'NONE', ( #4910 ), #3333, .T. ) ;
#5558 = CYLINDRICAL_SURFACE ( 'NONE', #779, 0.2000000000000002887 ) ;
#5559 = AXIS2_PLACEMENT_3D ( 'NONE', #8267, #1529, #12036 ) ;
#5560 = ORIENTED_EDGE ( 'NONE', *, *, #9405, .T. ) ;
#5561 = AXIS2_PLACEMENT_3D ( 'NONE', #5533, #11189, #6349 ) ;
#5562 = PRESENTATION_LAYER_ASSIGNMENT (  '', '', ( #10981 ) ) ;
#5563 = CYLINDRICAL_SURFACE ( 'NONE', #5685, 2.499999999999998668 ) ;
#5564 = CARTESIAN_POINT ( 'NONE',  ( 3.469446951953614189E-15, -30.00000000000000000, 0.000000000000000000 ) ) ;
#5565 = SURFACE_STYLE_FILL_AREA ( #10336 ) ;
#5566 = CARTESIAN_POINT ( 'NONE',  ( -5.758592769118958898, -2.567417831100121006, -13.00000000000000000 ) ) ;
#5567 = CARTESIAN_POINT ( 'NONE',  ( -21.00000000000000355, 0.1999999999999987899, -21.00000000000000000 ) ) ;
#5568 = VECTOR ( 'NONE', #10356, 1000.000000000000000 ) ;
#5569 = VECTOR ( 'NONE', #10873, 1000.000000000000114 ) ;
#5570 = EDGE_LOOP ( 'NONE', ( #5661 ) ) ;
#5571 = AXIS2_PLACEMENT_3D ( 'NONE', #1399, #4078, #2271 ) ;
#5572 = ORIENTED_EDGE ( 'NONE', *, *, #601, .T. ) ;
#5573 = EDGE_CURVE ( 'NONE', #10660, #458, #12090, .T. ) ;
#5574 = DIRECTION ( 'NONE',  ( -1.000000000000000000, -0.000000000000000000, -0.000000000000000000 ) ) ;
#5575 = ORIENTED_EDGE ( 'NONE', *, *, #340, .F. ) ;
#5576 = LINE ( 'NONE', #8700, #8607 ) ;
#5577 = DIRECTION ( 'NONE',  ( 0.000000000000000000, 0.000000000000000000, -1.000000000000000000 ) ) ;
#5578 = VERTEX_POINT ( 'NONE', #4851 ) ;
#5579 = AXIS2_PLACEMENT_3D ( 'NONE', #8939, #3362, #7050 ) ;
#5580 = VECTOR ( 'NONE', #8688, 1000.000000000000000 ) ;
#5581 = DIRECTION ( 'NONE',  ( -0.000000000000000000, 1.000000000000000000, -0.000000000000000000 ) ) ;
#5582 = AXIS2_PLACEMENT_3D ( 'NONE', #8800, #1226, #5230 ) ;
#5583 = CARTESIAN_POINT ( 'NONE',  ( -4.984719937775328624, 1.463076259784537703, -2.000000000000000000 ) ) ;
#5584 = ADVANCED_FACE ( 'NONE', ( #96 ), #1160, .F. ) ;
#5585 = DIRECTION ( 'NONE',  ( -1.000000000000000000, 0.000000000000000000, 0.000000000000000000 ) ) ;
#5586 = DIRECTION ( 'NONE',  ( -0.000000000000000000, -0.000000000000000000, 1.000000000000000000 ) ) ;
#5587 = CARTESIAN_POINT ( 'NONE',  ( 1.221639864514395324, 6.185517039134984962, -2.000000000000000000 ) ) ;
#5589 = ORIENTED_EDGE ( 'NONE', *, *, #189, .T. ) ;
#5588 = APPLICATION_CONTEXT ( 'automotive_design' ) ;
#5590 = EDGE_CURVE ( 'NONE', #10678, #11041, #8807, .T. ) ;
#5591 = VECTOR ( 'NONE', #10497, 1000.000000000000000 ) ;
#5592 = TOROIDAL_SURFACE ( 'NONE', #2602, 0.8000000000000000444, 0.2000000000000000111 ) ;
#5593 = VERTEX_POINT ( 'NONE', #4068 ) ;
#5594 = CARTESIAN_POINT ( 'NONE',  ( -3.818708854640333605, -3.599540352876270610, -13.00000000000000000 ) ) ;
#5595 = LINE ( 'NONE', #8595, #599 ) ;
#5596 = ORIENTED_EDGE ( 'NONE', *, *, #2098, .T. ) ;
#5597 = DIRECTION ( 'NONE',  ( 0.7071067811865459074, -0.000000000000000000, 0.7071067811865491270 ) ) ;
#5598 = CARTESIAN_POINT ( 'NONE',  ( 0.000000000000000000, 39.80000000000000426, 0.000000000000000000 ) ) ;
#5599 = AXIS2_PLACEMENT_3D ( 'NONE', #1410, #5952, #4958 ) ;
#5600 = CARTESIAN_POINT ( 'NONE',  ( -18.15147186257614464, 39.80000000000000426, -20.56568542494924046 ) ) ;
#5601 = FACE_OUTER_BOUND ( 'NONE', #11921, .T. ) ;
#5602 = LINE ( 'NONE', #2667, #1783 ) ;
#5603 = VERTEX_POINT ( 'NONE', #2838 ) ;
#5604 = ORIENTED_EDGE ( 'NONE', *, *, #6074, .F. ) ;
#5605 = VECTOR ( 'NONE', #7328, 1000.000000000000000 ) ;
#5606 = CARTESIAN_POINT ( 'NONE',  ( -2.000000000000000888, 49.50000000000000000, 1.499999999999999334 ) ) ;
#5607 = EDGE_LOOP ( 'NONE', ( #7061, #7038, #11376, #6685 ) ) ;
#5608 = CARTESIAN_POINT ( 'NONE',  ( 25.00000000000000355, 5.000000000000000000, 10.00000000000000000 ) ) ;
#5609 = ORIENTED_EDGE ( 'NONE', *, *, #11398, .F. ) ;
#5610 = DIRECTION ( 'NONE',  ( 1.000000000000000000, 0.000000000000000000, 0.000000000000000000 ) ) ;
#5611 = CARTESIAN_POINT ( 'NONE',  ( 21.00000000000000355, 7.800000000000001599, -21.00000000000000355 ) ) ;
#5612 = DIRECTION ( 'NONE',  ( 1.000000000000000000, 0.000000000000000000, 0.000000000000000000 ) ) ;
#5613 = CARTESIAN_POINT ( 'NONE',  ( -5.647239797928351734, -2.213496763471850315, -2.000000000000000000 ) ) ;
#5614 = DIRECTION ( 'NONE',  ( -0.000000000000000000, -0.000000000000000000, 1.000000000000000000 ) ) ;
#5615 = TOROIDAL_SURFACE ( 'NONE', #10235, 0.8000000000000000444, 0.2000000000000000111 ) ;
#5616 = DIRECTION ( 'NONE',  ( 0.000000000000000000, 1.000000000000000000, 0.000000000000000000 ) ) ;
#5617 = ADVANCED_FACE ( 'NONE', ( #7877, #10360 ), #1705, .F. ) ;
#5618 = EDGE_CURVE ( 'NONE', #10495, #1487, #7075, .T. ) ;
#5619 = ORIENTED_EDGE ( 'NONE', *, *, #9950, .T. ) ;
#5620 = ITEM_DEFINED_TRANSFORMATION ( 'NONE', 'NONE', #12325,  #11368 ) ;
#5621 = ORIENTED_EDGE ( 'NONE', *, *, #9268, .F. ) ;
#5622 = FACE_OUTER_BOUND ( 'NONE', #3513, .T. ) ;
#5623 = DIRECTION ( 'NONE',  ( 1.000000000000000000, -0.000000000000000000, -8.260587980841938780E-17 ) ) ;
#5624 = AXIS2_PLACEMENT_3D ( 'NONE', #5353, #10251, #1672 ) ;
#5625 = ORIENTED_EDGE ( 'NONE', *, *, #540, .F. ) ;
#5626 = DIRECTION ( 'NONE',  ( -0.000000000000000000, -0.000000000000000000, -1.000000000000000000 ) ) ;
#5627 = DIRECTION ( 'NONE',  ( -0.000000000000000000, 1.000000000000000000, -0.000000000000000000 ) ) ;
#5628 = CARTESIAN_POINT ( 'NONE',  ( 4.984719937775327736, 1.463076259784539479, -2.000000000000000000 ) ) ;
#5629 = FACE_OUTER_BOUND ( 'NONE', #11974, .T. ) ;
#5630 = LINE ( 'NONE', #7567, #3958 ) ;
#5631 = ADVANCED_FACE ( 'NONE', ( #9482 ), #11709, .T. ) ;
#5632 = EDGE_CURVE ( 'NONE', #185, #9294, #10307, .T. ) ;
#5633 = EDGE_CURVE ( 'NONE', #1560, #11678, #12296, .T. ) ;
#5634 = VECTOR ( 'NONE', #5084, 1000.000000000000000 ) ;
#5635 = PRODUCT_DEFINITION_SHAPE ( 'NONE', 'NONE',  #5951 ) ;
#5636 = ORIENTED_EDGE ( 'NONE', *, *, #11610, .F. ) ;
#5637 = ORIENTED_EDGE ( 'NONE', *, *, #11546, .F. ) ;
#5638 = CARTESIAN_POINT ( 'NONE',  ( -5.195159997428645759, -0.7413101035398966809, -2.000000000000000000 ) ) ;
#5639 = EDGE_LOOP ( 'NONE', ( #4322 ) ) ;
#5640 = CARTESIAN_POINT ( 'NONE',  ( 0.000000000000000000, 0.000000000000000000, -15.00000000000000000 ) ) ;
#5641 = CARTESIAN_POINT ( 'NONE',  ( -20.80000000000000071, 8.000000000000000000, 17.58578643762692195 ) ) ;
#5642 = VERTEX_POINT ( 'NONE', #3844 ) ;
#5643 = CIRCLE ( 'NONE', #11657, 6.304999999999999716 ) ;
#5644 = DIRECTION ( 'NONE',  ( 1.000000000000000000, 0.000000000000000000, 0.000000000000000000 ) ) ;
#5645 = CARTESIAN_POINT ( 'NONE',  ( -8.000000000000000000, 3.099999999999909051, -870.0000000000000000 ) ) ;
#5646 = CARTESIAN_POINT ( 'NONE',  ( -1.878755766203753064, -4.899949473152685364, -13.00000000000000000 ) ) ;
#5647 = CARTESIAN_POINT ( 'NONE',  ( 5.500000000000397016, -6.489999999999610303, -89.99999999999997158 ) ) ;
#5648 = EDGE_CURVE ( 'NONE', #5998, #4095, #10706, .T. ) ;
#5649 = CARTESIAN_POINT ( 'NONE',  ( 0.000000000000000000, 0.000000000000000000, -7.500000000000000000 ) ) ;
#5650 = ORIENTED_EDGE ( 'NONE', *, *, #1894, .F. ) ;
#5651 = ORIENTED_EDGE ( 'NONE', *, *, #7062, .T. ) ;
#5652 = EDGE_CURVE ( 'NONE', #9148, #1125, #6001, .T. ) ;
#5653 = DIRECTION ( 'NONE',  ( -1.000000000000000000, 0.000000000000000000, 0.000000000000000000 ) ) ;
#5654 = CARTESIAN_POINT ( 'NONE',  ( 9.500000000000000000, -3.099999999999909051, -870.0000000000000000 ) ) ;
#5655 = ORIENTED_EDGE ( 'NONE', *, *, #6637, .F. ) ;
#5656 = DIRECTION ( 'NONE',  ( 0.7071067811865475727, 0.000000000000000000, -0.7071067811865475727 ) ) ;
#5657 = CARTESIAN_POINT ( 'NONE',  ( 0.4333079431568624962, 5.229863506334589296, -2.000000000000000000 ) ) ;
#5658 = DIRECTION ( 'NONE',  ( -1.000000000000000000, 0.000000000000000000, 0.000000000000000000 ) ) ;
#5659 = CARTESIAN_POINT ( 'NONE',  ( 30.00000000000000000, -29.99999999999999289, 0.000000000000000000 ) ) ;
#5660 = CARTESIAN_POINT ( 'NONE',  ( 10.14589803375031174, 0.000000000000000000, 5.000000000000000000 ) ) ;
#5661 = ORIENTED_EDGE ( 'NONE', *, *, #4332, .F. ) ;
#5662 = ORIENTED_EDGE ( 'NONE', *, *, #1362, .T. ) ;
#5663 = ORIENTED_EDGE ( 'NONE', *, *, #9814, .F. ) ;
#5664 = DIRECTION ( 'NONE',  ( 0.000000000000000000, -0.000000000000000000, 1.000000000000000000 ) ) ;
#5665 = ORIENTED_EDGE ( 'NONE', *, *, #5051, .F. ) ;
#5666 = CARTESIAN_POINT ( 'NONE',  ( 22.20000000000000284, 4.000000000000000000, -2.377745136066870891E-16 ) ) ;
#5667 = ADVANCED_FACE ( 'NONE', ( #1902 ), #4593, .F. ) ;
#5668 = DIRECTION ( 'NONE',  ( 0.000000000000000000, 0.000000000000000000, 1.000000000000000000 ) ) ;
#5669 = CARTESIAN_POINT ( 'NONE',  ( -5.349122049243778321, 2.772637427124946985, -13.00000000000000000 ) ) ;
#5670 = CARTESIAN_POINT ( 'NONE',  ( -0.3263478462082388676, -5.335027842783508056, -2.000000000000000000 ) ) ;
#5671 = CYLINDRICAL_SURFACE ( 'NONE', #597, 1.974999999999993650 ) ;
#5672 = CARTESIAN_POINT ( 'NONE',  ( -21.00000000000000355, 0.1999999999999987899, -21.00000000000000000 ) ) ;
#5673 = ORIENTED_EDGE ( 'NONE', *, *, #6799, .F. ) ;
#5674 = CONTEXT_DEPENDENT_SHAPE_REPRESENTATION ( #4474, #10248 ) ;
#5675 = AXIS2_PLACEMENT_3D ( 'NONE', #12335, #12217, #830 ) ;
#5676 = VERTEX_POINT ( 'NONE', #3777 ) ;
#5677 = AXIS2_PLACEMENT_3D ( 'NONE', #2688, #4809, #6566 ) ;
#5678 = DIRECTION ( 'NONE',  ( 0.000000000000000000, 0.000000000000000000, 1.000000000000000000 ) ) ;
#5679 = DIRECTION ( 'NONE',  ( -0.000000000000000000, -0.000000000000000000, 1.000000000000000000 ) ) ;
#5680 = VERTEX_POINT ( 'NONE', #5594 ) ;
#5681 = EDGE_CURVE ( 'NONE', #2464, #9377, #4501, .T. ) ;
#5682 = EDGE_CURVE ( 'NONE', #6988, #1944, #11508, .T. ) ;
#5683 = DIRECTION ( 'NONE',  ( 0.000000000000000000, -1.000000000000000000, 0.000000000000000000 ) ) ;
#5684 = DIRECTION ( 'NONE',  ( -1.000000000000000000, 0.000000000000000000, 0.000000000000000000 ) ) ;
#5685 = AXIS2_PLACEMENT_3D ( 'NONE', #7562, #11399, #2811 ) ;
#5686 = CARTESIAN_POINT ( 'NONE',  ( -16.49999999999999289, -16.50000000000000000, 0.000000000000000000 ) ) ;
#5687 = ORIENTED_EDGE ( 'NONE', *, *, #4846, .T. ) ;
#5688 = ORIENTED_EDGE ( 'NONE', *, *, #12084, .T. ) ;
#5689 = VECTOR ( 'NONE', #983, 1000.000000000000000 ) ;
#5690 = EDGE_LOOP ( 'NONE', ( #9651, #5193, #1849, #1621 ) ) ;
#5691 = CIRCLE ( 'NONE', #10714, 5.194999999999999396 ) ;
#5692 = LINE ( 'NONE', #7443, #972 ) ;
#5693 = EDGE_LOOP ( 'NONE', ( #2281 ) ) ;
#5694 = ADVANCED_FACE ( 'NONE', ( #8831 ), #9309, .T. ) ;
#5695 = EDGE_CURVE ( 'NONE', #8799, #8420, #7593, .T. ) ;
#5696 = CARTESIAN_POINT ( 'NONE',  ( 8.000000000000000000, -3.099999999999909051, -89.99999999999997158 ) ) ;
#5697 = CARTESIAN_POINT ( 'NONE',  ( -1.512829983820067614, 5.831978261281080655, -13.00000000000000000 ) ) ;
#5698 = ORIENTED_EDGE ( 'NONE', *, *, #3116, .F. ) ;
#5699 = CARTESIAN_POINT ( 'NONE',  ( -15.47157287525382863, 32.00000000000000000, 20.69999999999999929 ) ) ;
#5700 = FACE_OUTER_BOUND ( 'NONE', #11049, .T. ) ;
#5701 = DIRECTION ( 'NONE',  ( 0.000000000000000000, 0.000000000000000000, -1.000000000000000000 ) ) ;
#5702 = AXIS2_PLACEMENT_3D ( 'NONE', #4293, #2298, #8109 ) ;
#5703 = DIRECTION ( 'NONE',  ( 0.000000000000000000, 1.000000000000000000, 0.000000000000000000 ) ) ;
#5704 = VERTEX_POINT ( 'NONE', #7768 ) ;
#5705 = EDGE_LOOP ( 'NONE', ( #5868, #277, #547, #2906 ) ) ;
#5706 = ORIENTED_EDGE ( 'NONE', *, *, #3340, .F. ) ;
#5707 = CARTESIAN_POINT ( 'NONE',  ( 20.00000000000000355, 40.00000000000000000, 17.58578643762692550 ) ) ;
#5708 = CARTESIAN_POINT ( 'NONE',  ( -16.50000000000000000, 16.50000000000000000, 5.000000000000000000 ) ) ;
#5709 = ORIENTED_EDGE ( 'NONE', *, *, #3639, .F. ) ;
#5710 = EDGE_CURVE ( 'NONE', #3260, #9287, #11294, .T. ) ;
#5711 = FACE_BOUND ( 'NONE', #10609, .T. ) ;
#5712 = DIRECTION ( 'NONE',  ( -0.000000000000000000, -0.000000000000000000, 1.000000000000000000 ) ) ;
#5713 = DIRECTION ( 'NONE',  ( -0.000000000000000000, -1.000000000000000000, -0.000000000000000000 ) ) ;
#5714 = LINE ( 'NONE', #11188, #809 ) ;
#5715 = EDGE_CURVE ( 'NONE', #198, #198, #2696, .T. ) ;
#5716 = FACE_BOUND ( 'NONE', #5787, .T. ) ;
#5717 = VECTOR ( 'NONE', #11171, 1000.000000000000000 ) ;
#5718 = VERTEX_POINT ( 'NONE', #959 ) ;
#5719 = ORIENTED_EDGE ( 'NONE', *, *, #6751, .T. ) ;
#5720 = DIRECTION ( 'NONE',  ( -0.000000000000000000, -0.000000000000000000, 1.000000000000000000 ) ) ;
#5721 = ORIENTED_EDGE ( 'NONE', *, *, #2674, .T. ) ;
#5722 = EDGE_CURVE ( 'NONE', #6254, #3827, #2713, .T. ) ;
#5723 = FACE_OUTER_BOUND ( 'NONE', #572, .T. ) ;
#5724 = ORIENTED_EDGE ( 'NONE', *, *, #325, .F. ) ;
#5725 = CARTESIAN_POINT ( 'NONE',  ( 6.022394731077293173, 0.1771629280985722033, -13.00000000000000000 ) ) ;
#5726 = AXIS2_PLACEMENT_3D ( 'NONE', #1817, #2802, #9569 ) ;
#5727 = CARTESIAN_POINT ( 'NONE',  ( 3.893413252308147054, 4.598038521668918577, -13.00000000000000000 ) ) ;
#5728 = CARTESIAN_POINT ( 'NONE',  ( 1.878755766203751953, 4.899949473152688029, -2.000000000000000000 ) ) ;
#5729 = CARTESIAN_POINT ( 'NONE',  ( -19.99999999999999645, 32.20000000000000284, 17.58578643762692195 ) ) ;
#5730 = FACE_OUTER_BOUND ( 'NONE', #11177, .T. ) ;
#5731 = ADVANCED_FACE ( 'NONE', ( #4771 ), #1964, .F. ) ;
#5732 = FACE_BOUND ( 'NONE', #6687, .T. ) ;
#5733 = EDGE_LOOP ( 'NONE', ( #2849, #11324, #868, #1860 ) ) ;
#5734 = VERTEX_POINT ( 'NONE', #8030 ) ;
#5735 = AXIS2_PLACEMENT_3D ( 'NONE', #5920, #5861, #7681 ) ;
#5736 = FACE_OUTER_BOUND ( 'NONE', #3634, .T. ) ;
#5737 = CARTESIAN_POINT ( 'NONE',  ( -18.15147186257614464, 0.1999999999999987899, -20.56568542494924046 ) ) ;
#5738 = ORIENTED_EDGE ( 'NONE', *, *, #7112, .F. ) ;
#5739 = DIRECTION ( 'NONE',  ( -0.000000000000000000, -0.000000000000000000, 1.000000000000000000 ) ) ;
#5740 = DIRECTION ( 'NONE',  ( 1.000000000000000000, 0.000000000000000000, -0.000000000000000000 ) ) ;
#5741 = CARTESIAN_POINT ( 'NONE',  ( -5.758592769118958898, 2.567417831100119674, -13.00000000000000000 ) ) ;
#5742 = CLOSED_SHELL ( 'NONE', ( #3437, #4506, #6323, #12043, #10451, #3228, #6563, #2927, #10513, #3240, #7064, #4821, #2441, #7126, #11089, #4046, #5306, #11737, #3420, #3816, #5134, #2194, #9463, #8709, #990, #5953, #5091, #4165, #5617, #5361, #11034, #6694, #2351, #5148, #7413, #2427, #8623, #11156, #2282, #3870, #3804, #7079, #3667, #8611, #3955, #9749, #5504, #2228, #4426, #3109, #7246, #6346, #10685, #10934, #12143, #1240, #7607, #11178, #3185, #6865, #10662, #5731, #11173, #10682, #5667, #9272, #3570, #4570, #8350, #1743, #8747, #4928, #1222, #9301, #11186, #12271, #5411, #4240, #5845, #1947, #6837, #10527, #2384, #531, #1443, #1665, #83, #5780, #2782, #10831, #4500, #10264, #9544, #5009, #8660, #8432, #10041, #654, #745, #8533, #8493, #9539, #11016, #4397, #10338, #7233, #2595, #450, #6437, #2466, #12163, #12150, #12356, #2830, #7648, #2957, #5325, #2159, #374, #7000, #419, #9189, #2277, #10087, #8143, #3524, #3830 ) ) ;
#5743 = CARTESIAN_POINT ( 'NONE',  ( 8.000000000000216716, -5.500000000000095035, -870.0000000000000000 ) ) ;
#5744 = CIRCLE ( 'NONE', #7747, 0.1999999999999987899 ) ;
#5745 = ORIENTED_EDGE ( 'NONE', *, *, #7757, .T. ) ;
#5746 = VECTOR ( 'NONE', #8711, 1000.000000000000000 ) ;
#5747 = ORIENTED_EDGE ( 'NONE', *, *, #3802, .F. ) ;
#5748 = VECTOR ( 'NONE', #7843, 1000.000000000000000 ) ;
#5749 = AXIS2_PLACEMENT_3D ( 'NONE', #10029, #1456, #498 ) ;
#5750 = ORIENTED_EDGE ( 'NONE', *, *, #9239, .T. ) ;
#5751 = AXIS2_PLACEMENT_3D ( 'NONE', #5600, #4658, #12174 ) ;
#5752 = CARTESIAN_POINT ( 'NONE',  ( 10.00000000000000000, 3.599999999999909051, -870.0000000000000000 ) ) ;
#5753 = ORIENTED_EDGE ( 'NONE', *, *, #2578, .T. ) ;
#5754 = DIRECTION ( 'NONE',  ( 0.000000000000000000, 0.000000000000000000, 1.000000000000000000 ) ) ;
#5755 = LINE ( 'NONE', #1777, #3678 ) ;
#5756 = ORIENTED_EDGE ( 'NONE', *, *, #2301, .T. ) ;
#5757 = DIRECTION ( 'NONE',  ( -1.000000000000000000, 0.000000000000000000, 0.000000000000000000 ) ) ;
#5758 = DIRECTION ( 'NONE',  ( -1.000000000000000000, 0.000000000000000000, 0.000000000000000000 ) ) ;
#5759 = AXIS2_PLACEMENT_3D ( 'NONE', #583, #12147, #2585 ) ;
#5760 = FACE_OUTER_BOUND ( 'NONE', #1840, .T. ) ;
#5761 = VECTOR ( 'NONE', #9349, 1000.000000000000000 ) ;
#5762 = VECTOR ( 'NONE', #10316, 1000.000000000000000 ) ;
#5763 = DIRECTION ( 'NONE',  ( 0.000000000000000000, 1.000000000000000000, -0.000000000000000000 ) ) ;
#5764 = VECTOR ( 'NONE', #893, 1000.000000000000000 ) ;
#5765 = CARTESIAN_POINT ( 'NONE',  ( 37.60000000000000853, 4.550000000000005151, -1.602627944162876128 ) ) ;
#5766 = ADVANCED_FACE ( 'NONE', ( #7896 ), #4959, .T. ) ;
#5767 = ORIENTED_EDGE ( 'NONE', *, *, #3589, .F. ) ;
#5768 = ORIENTED_EDGE ( 'NONE', *, *, #12065, .T. ) ;
#5769 = AXIS2_PLACEMENT_3D ( 'NONE', #12134, #4679, #12260 ) ;
#5770 = FACE_OUTER_BOUND ( 'NONE', #8763, .T. ) ;
#5771 = EDGE_LOOP ( 'NONE', ( #9011 ) ) ;
#5772 = AXIS2_PLACEMENT_3D ( 'NONE', #2193, #7929, #9831 ) ;
#5773 = AXIS2_PLACEMENT_3D ( 'NONE', #1151, #12167, #8167 ) ;
#5774 = DIRECTION ( 'NONE',  ( 0.000000000000000000, 0.000000000000000000, 1.000000000000000000 ) ) ;
#5775 = CARTESIAN_POINT ( 'NONE',  ( 17.58578643762691840, 32.00000000000000000, -20.00000000000000355 ) ) ;
#5776 = CARTESIAN_POINT ( 'NONE',  ( 15.47157287525383396, 32.00000000000000000, -20.70000000000000284 ) ) ;
#5777 = DIRECTION ( 'NONE',  ( 0.000000000000000000, 0.000000000000000000, 1.000000000000000000 ) ) ;
#5778 = PLANE ( 'NONE',  #8550 ) ;
#5779 = AXIS2_PLACEMENT_3D ( 'NONE', #3296, #7420, #3543 ) ;
#5780 = ADVANCED_FACE ( 'NONE', ( #208 ), #10923, .T. ) ;
#5781 = CIRCLE ( 'NONE', #3391, 1.974999999999980327 ) ;
#5782 = EDGE_CURVE ( 'NONE', #6670, #12228, #5890, .T. ) ;
#5783 = ADVANCED_FACE ( 'NONE', ( #3023 ), #8490, .T. ) ;
#5784 = EDGE_LOOP ( 'NONE', ( #11832, #7632, #1709, #12321 ) ) ;
#5785 = ORIENTED_EDGE ( 'NONE', *, *, #10754, .F. ) ;
#5786 = DIRECTION ( 'NONE',  ( -0.000000000000000000, 1.000000000000000000, -0.000000000000000000 ) ) ;
#5787 = EDGE_LOOP ( 'NONE', ( #6416 ) ) ;
#5788 = DIRECTION ( 'NONE',  ( 0.000000000000000000, -1.000000000000000000, 0.000000000000000000 ) ) ;
#5789 = AXIS2_PLACEMENT_3D ( 'NONE', #10626, #8480, #8665 ) ;
#5790 = EDGE_LOOP ( 'NONE', ( #8710 ) ) ;
#5791 = AXIS2_PLACEMENT_3D ( 'NONE', #2486, #5236, #1491 ) ;
#5792 = CARTESIAN_POINT ( 'NONE',  ( -6.302273656338975627, 0.1853962260019091646, -2.000000000000000000 ) ) ;
#5793 = CYLINDRICAL_SURFACE ( 'NONE', #7890, 0.1999999999999979849 ) ;
#5794 = FACE_BOUND ( 'NONE', #5639, .T. ) ;
#5795 = DIRECTION ( 'NONE',  ( -0.000000000000000000, -0.000000000000000000, -1.000000000000000000 ) ) ;
#5796 = FACE_OUTER_BOUND ( 'NONE', #70, .T. ) ;
#5797 = CARTESIAN_POINT ( 'NONE',  ( 8.000000000000216716, 5.500000000000284217, -89.99999999999997158 ) ) ;
#5798 = EDGE_CURVE ( 'NONE', #9647, #3260, #10803, .T. ) ;
#5799 = EDGE_LOOP ( 'NONE', ( #12336, #9522, #8739, #2044 ) ) ;
#5800 = AXIS2_PLACEMENT_3D ( 'NONE', #10363, #7653, #11614 ) ;
#5801 = ORIENTED_EDGE ( 'NONE', *, *, #9089, .T. ) ;
#5802 = PRODUCT_DEFINITION_CONTEXT ( 'detailed design', #5588, 'design' ) ;
#5803 = CARTESIAN_POINT ( 'NONE',  ( 3.600000000000363798, 9.500000000000000000, -870.0000000000000000 ) ) ;
#5804 = CARTESIAN_POINT ( 'NONE',  ( -2.535598419378958912, 4.534177505969845257, -13.00000000000000000 ) ) ;
#5805 = EDGE_CURVE ( 'NONE', #8799, #7852, #8976, .T. ) ;
#5806 = ORIENTED_EDGE ( 'NONE', *, *, #10673, .F. ) ;
#5807 = DIRECTION ( 'NONE',  ( -0.000000000000000000, -1.000000000000000000, -0.000000000000000000 ) ) ;
#5808 = VECTOR ( 'NONE', #2699, 1000.000000000000000 ) ;
#5809 = DIRECTION ( 'NONE',  ( 0.000000000000000000, 0.000000000000000000, 1.000000000000000000 ) ) ;
#5810 = LINE ( 'NONE', #5741, #6078 ) ;
#5811 = CARTESIAN_POINT ( 'NONE',  ( -2.535598419378958468, -4.534177505969844368, -2.000000000000000000 ) ) ;
#5812 = EDGE_CURVE ( 'NONE', #3665, #6145, #2222, .T. ) ;
#5813 = VERTEX_POINT ( 'NONE', #1142 ) ;
#5814 = CIRCLE ( 'NONE', #10043, 0.2799999999999998601 ) ;
#5815 = VERTEX_POINT ( 'NONE', #11854 ) ;
#5816 = ORIENTED_EDGE ( 'NONE', *, *, #11844, .F. ) ;
#5817 = DIRECTION ( 'NONE',  ( 0.000000000000000000, 0.000000000000000000, 1.000000000000000000 ) ) ;
#5818 = EDGE_LOOP ( 'NONE', ( #7724, #3698, #10249, #5806 ) ) ;
#5819 = DIRECTION ( 'NONE',  ( -0.000000000000000000, 1.000000000000000000, 0.000000000000000000 ) ) ;
#5820 = LINE ( 'NONE', #11655, #11096 ) ;
#5821 = ORIENTED_EDGE ( 'NONE', *, *, #8024, .F. ) ;
#5822 = CARTESIAN_POINT ( 'NONE',  ( -3.099999999999454303, 9.500000000000000000, -870.0000000000000000 ) ) ;
#5823 = VERTEX_POINT ( 'NONE', #11669 ) ;
#5824 = DIRECTION ( 'NONE',  ( -1.000000000000000000, 0.000000000000000000, 0.000000000000000000 ) ) ;
#5825 = ADVANCED_FACE ( 'NONE', ( #5026 ), #9797, .T. ) ;
#5826 = DIRECTION ( 'NONE',  ( -1.000000000000000000, 0.000000000000000000, 0.000000000000000000 ) ) ;
#5827 = CARTESIAN_POINT ( 'NONE',  ( -2.500000000000000000, 0.000000000000000000, -89.99999999999997158 ) ) ;
#5828 = ORIENTED_EDGE ( 'NONE', *, *, #8663, .T. ) ;
#5829 = ORIENTED_EDGE ( 'NONE', *, *, #49, .T. ) ;
#5830 = LINE ( 'NONE', #4892, #5746 ) ;
#5831 = ORIENTED_EDGE ( 'NONE', *, *, #1430, .T. ) ;
#5832 = CARTESIAN_POINT ( 'NONE',  ( 0.000000000000000000, 0.000000000000000000, -13.00000000000000000 ) ) ;
#5833 = EDGE_CURVE ( 'NONE', #3281, #3128, #1311, .T. ) ;
#5834 = DIRECTION ( 'NONE',  ( -1.000000000000000000, 0.000000000000000000, 0.000000000000000000 ) ) ;
#5835 = EDGE_CURVE ( 'NONE', #11588, #8811, #2342, .T. ) ;
#5836 = DIRECTION ( 'NONE',  ( -0.7071067811865646702, 0.7071067811865302533, 0.000000000000000000 ) ) ;
#5837 = DIRECTION ( 'NONE',  ( -1.000000000000000000, 0.000000000000000000, 0.000000000000000000 ) ) ;
#5838 = UNCERTAINTY_MEASURE_WITH_UNIT (LENGTH_MEASURE( 1.000000000000000082E-05 ), #4686, 'distance_accuracy_value', 'NONE');
#5839 = DIRECTION ( 'NONE',  ( 0.000000000000000000, 0.000000000000000000, 1.000000000000000000 ) ) ;
#5840 = ORIENTED_EDGE ( 'NONE', *, *, #4211, .F. ) ;
#5841 = ORIENTED_EDGE ( 'NONE', *, *, #11452, .F. ) ;
#5842 = CYLINDRICAL_SURFACE ( 'NONE', #384, 0.2800000000000029132 ) ;
#5843 = ORIENTED_EDGE ( 'NONE', *, *, #11662, .F. ) ;
#5844 = DIRECTION ( 'NONE',  ( 0.000000000000000000, 0.000000000000000000, 1.000000000000000000 ) ) ;
#5845 = ADVANCED_FACE ( 'NONE', ( #7023 ), #10734, .F. ) ;
#5846 = DIRECTION ( 'NONE',  ( 0.000000000000000000, -1.000000000000000000, 0.000000000000000000 ) ) ;
#5847 = EDGE_CURVE ( 'NONE', #3072, #3072, #6299, .T. ) ;
#5848 = CYLINDRICAL_SURFACE ( 'NONE', #7293, 0.1999999999999987899 ) ;
#5849 = CARTESIAN_POINT ( 'NONE',  ( -5.502858276596624520, 2.453400861598449723, -13.00000000000000000 ) ) ;
#5850 = DIRECTION ( 'NONE',  ( -0.000000000000000000, -0.000000000000000000, 1.000000000000000000 ) ) ;
#5851 = FACE_OUTER_BOUND ( 'NONE', #8637, .T. ) ;
#5852 = LINE ( 'NONE', #2053, #2749 ) ;
#5853 = DIRECTION ( 'NONE',  ( -0.7071067811865646702, 0.7071067811865303643, 0.000000000000000000 ) ) ;
#5854 = ORIENTED_EDGE ( 'NONE', *, *, #11804, .F. ) ;
#5855 = ORIENTED_EDGE ( 'NONE', *, *, #6013, .T. ) ;
#5856 = CARTESIAN_POINT ( 'NONE',  ( 0.000000000000000000, 0.000000000000000000, -2.000000000000000000 ) ) ;
#5857 = DIRECTION ( 'NONE',  ( 0.000000000000000000, 0.000000000000000000, 1.000000000000000000 ) ) ;
#5858 = VERTEX_POINT ( 'NONE', #6831 ) ;
#5859 = ADVANCED_FACE ( 'NONE', ( #2152 ), #5954, .T. ) ;
#5860 = DIRECTION ( 'NONE',  ( 1.000000000000000000, 0.000000000000000000, 3.325348516249470831E-16 ) ) ;
#5861 = DIRECTION ( 'NONE',  ( 0.7071067811865475727, 0.000000000000000000, -0.7071067811865475727 ) ) ;
#5862 = PLANE ( 'NONE',  #11682 ) ;
#5863 = DIRECTION ( 'NONE',  ( 1.652117596168387263E-16, 0.000000000000000000, 1.000000000000000000 ) ) ;
#5864 = VECTOR ( 'NONE', #6317, 1000.000000000000000 ) ;
#5865 = AXIS2_PLACEMENT_3D ( 'NONE', #3564, #688, #12079 ) ;
#5866 = ADVANCED_FACE ( 'NONE', ( #1337, #1214 ), #396, .T. ) ;
#5867 = ORIENTED_EDGE ( 'NONE', *, *, #1524, .T. ) ;
#5868 = ORIENTED_EDGE ( 'NONE', *, *, #10567, .F. ) ;
#5869 = ORIENTED_EDGE ( 'NONE', *, *, #12342, .F. ) ;
#5870 = CARTESIAN_POINT ( 'NONE',  ( 20.80000000000000426, 32.20000000000000284, -1.734723475976807094E-15 ) ) ;
#5871 = VERTEX_POINT ( 'NONE', #8852 ) ;
#5872 = VECTOR ( 'NONE', #5739, 1000.000000000000000 ) ;
#5873 = EDGE_CURVE ( 'NONE', #7439, #7533, #7779, .T. ) ;
#5874 = FACE_OUTER_BOUND ( 'NONE', #1013, .T. ) ;
#5875 = VECTOR ( 'NONE', #4439, 1000.000000000000000 ) ;
#5876 = CARTESIAN_POINT ( 'NONE',  ( -17.58578643762691485, 0.000000000000000000, 20.80000000000000426 ) ) ;
#5877 = ORIENTED_EDGE ( 'NONE', *, *, #11860, .F. ) ;
#5878 = LINE ( 'NONE', #9713, #12249 ) ;
#5879 = ORIENTED_EDGE ( 'NONE', *, *, #4103, .F. ) ;
#5880 = DIRECTION ( 'NONE',  ( 0.000000000000000000, -1.000000000000000000, 0.000000000000000000 ) ) ;
#5881 = CARTESIAN_POINT ( 'NONE',  ( 4.074351959469354689, 4.811723299439424117, -13.00000000000000000 ) ) ;
#5882 = CARTESIAN_POINT ( 'NONE',  ( -27.09999999999998721, -25.00000000000000355, 0.000000000000000000 ) ) ;
#5883 = AXIS2_PLACEMENT_3D ( 'NONE', #9263, #9069, #10205 ) ;
#5884 = VERTEX_POINT ( 'NONE', #586 ) ;
#5885 = AXIS2_PLACEMENT_3D ( 'NONE', #9774, #10780, #5929 ) ;
#5886 = ORIENTED_EDGE ( 'NONE', *, *, #8005, .F. ) ;
#5887 = FACE_OUTER_BOUND ( 'NONE', #8115, .T. ) ;
#5888 = EDGE_LOOP ( 'NONE', ( #6037, #5270, #613, #481 ) ) ;
#5889 = DIRECTION ( 'NONE',  ( 1.000000000000000000, 0.000000000000000000, 0.000000000000000000 ) ) ;
#5890 = LINE ( 'NONE', #5082, #5491 ) ;
#5891 = DIRECTION ( 'NONE',  ( 1.000000000000000000, 0.000000000000000000, 0.000000000000000000 ) ) ;
#5892 = VECTOR ( 'NONE', #10417, 1000.000000000000000 ) ;
#5893 = CARTESIAN_POINT ( 'NONE',  ( 30.00000000000000711, 20.00000000000000000, 0.000000000000000000 ) ) ;
#5894 = DIRECTION ( 'NONE',  ( -1.000000000000000000, 0.000000000000000000, 0.000000000000000000 ) ) ;
#5895 = CARTESIAN_POINT ( 'NONE',  ( 5.758592769118958898, 2.567417831100118342, -2.000000000000000000 ) ) ;
#5896 = ORIENTED_EDGE ( 'NONE', *, *, #12118, .T. ) ;
#5897 = EDGE_LOOP ( 'NONE', ( #8843, #7470, #12092, #9976, #5750, #8977, #8757, #2507, #497, #5289, #4786, #11611, #2934, #7847, #3531, #3311 ) ) ;
#5898 = ORIENTED_EDGE ( 'NONE', *, *, #2132, .F. ) ;
#5899 = AXIS2_PLACEMENT_3D ( 'NONE', #12045, #7088, #11057 ) ;
#5900 = EDGE_CURVE ( 'NONE', #1010, #1208, #8151, .T. ) ;
#5901 = DIRECTION ( 'NONE',  ( -0.000000000000000000, -1.000000000000000000, -0.000000000000000000 ) ) ;
#5902 = EDGE_LOOP ( 'NONE', ( #7, #1708, #1768, #1049 ) ) ;
#5903 = DIRECTION ( 'NONE',  ( 0.000000000000000000, 1.000000000000000000, 0.000000000000000000 ) ) ;
#5904 = LINE ( 'NONE', #9740, #6226 ) ;
#5905 = LINE ( 'NONE', #3039, #5689 ) ;
#5906 = CARTESIAN_POINT ( 'NONE',  ( 0.3171893472501005617, -5.185307697522977932, -13.00000000000000000 ) ) ;
#5907 = FACE_OUTER_BOUND ( 'NONE', #11412, .T. ) ;
#5908 = FACE_OUTER_BOUND ( 'NONE', #9664, .T. ) ;
#5909 = CIRCLE ( 'NONE', #9932, 0.1999999999999987899 ) ;
#5910 = DIRECTION ( 'NONE',  ( -0.000000000000000000, -0.000000000000000000, 1.000000000000000000 ) ) ;
#5911 = CARTESIAN_POINT ( 'NONE',  ( 6.490000000000684111, -5.500000000000095035, -89.99999999999997158 ) ) ;
#5912 = EDGE_CURVE ( 'NONE', #8969, #1298, #90, .T. ) ;
#5913 = ORIENTED_EDGE ( 'NONE', *, *, #3984, .F. ) ;
#5914 = ORIENTED_EDGE ( 'NONE', *, *, #1773, .T. ) ;
#5915 = PRODUCT_DEFINITION_FORMATION_WITH_SPECIFIED_SOURCE ( 'ä»', '', #12033, .NOT_KNOWN. ) ;
#5916 = AXIS2_PLACEMENT_3D ( 'NONE', #9208, #12018, #2502 ) ;
#5917 = DIRECTION ( 'NONE',  ( -0.000000000000000000, -0.000000000000000000, 1.000000000000000000 ) ) ;
#5918 = EDGE_LOOP ( 'NONE', ( #5821 ) ) ;
#5919 = DIRECTION ( 'NONE',  ( 0.4472135954999579832, -0.8944271909999157444, 0.000000000000000000 ) ) ;
#5920 = CARTESIAN_POINT ( 'NONE',  ( -18.15147186257614464, 32.20000000000000284, -20.56568542494924046 ) ) ;
#5921 = DIRECTION ( 'NONE',  ( 0.000000000000000000, 0.000000000000000000, 1.000000000000000000 ) ) ;
#5922 = CARTESIAN_POINT ( 'NONE',  ( 0.000000000000000000, 39.80000000000000426, 0.000000000000000000 ) ) ;
#5923 = VECTOR ( 'NONE', #2917, 1000.000000000000000 ) ;
#5924 = EDGE_CURVE ( 'NONE', #245, #9610, #4515, .T. ) ;
#5925 = EDGE_LOOP ( 'NONE', ( #4726, #11144, #7945, #303 ) ) ;
#5926 = EDGE_CURVE ( 'NONE', #8098, #9935, #1710, .T. ) ;
#5927 = ORIENTED_EDGE ( 'NONE', *, *, #2527, .T. ) ;
#5928 = EDGE_LOOP ( 'NONE', ( #2451, #8260, #12288, #3203 ) ) ;
#5929 = DIRECTION ( 'NONE',  ( 1.000000000000000000, 0.000000000000000000, 0.000000000000000000 ) ) ;
#5930 = FACE_OUTER_BOUND ( 'NONE', #9546, .T. ) ;
#5931 = ORIENTED_EDGE ( 'NONE', *, *, #1591, .F. ) ;
#5932 = CIRCLE ( 'NONE', #4550, 0.2000000000000002887 ) ;
#5933 = CLOSED_SHELL ( 'NONE', ( #12076, #4645, #9944, #9213, #8506, #6231, #7310, #10846, #5766, #8450, #7083, #10995, #8309, #10074, #7015, #5825, #8676, #730, #11115, #4251, #1508, #7910, #4485, #8324, #9119, #5947, #11756, #5092, #10462, #9166, #10717, #5859, #3029, #2709, #1200, #6221, #11535, #10878, #5557, #11381, #4859, #5397, #11077, #746, #4063, #1935, #3939, #917, #2430, #4119, #7514, #9841, #8007, #4872, #1040, #7553, #10364, #1871, #6850, #10954, #10617, #1147, #7395, #701, #10225, #1913, #9162, #12184, #9649, #4338, #8571, #7455, #10932, #4241, #7671, #2693, #9895, #1466, #4177 ) ) ;
#5934 = AXIS2_PLACEMENT_3D ( 'NONE', #174, #52, #9698 ) ;
#5935 = DIRECTION ( 'NONE',  ( 0.000000000000000000, 0.000000000000000000, 1.000000000000000000 ) ) ;
#5936 = CARTESIAN_POINT ( 'NONE',  ( 9.500000000000000000, -3.599999999999909051, -870.0000000000000000 ) ) ;
#5937 = ORIENTED_EDGE ( 'NONE', *, *, #7159, .T. ) ;
#5938 = FACE_OUTER_BOUND ( 'NONE', #5705, .T. ) ;
#5939 = VERTEX_POINT ( 'NONE', #5335 ) ;
#5940 = DIRECTION ( 'NONE',  ( 0.000000000000000000, 0.000000000000000000, -1.000000000000000000 ) ) ;
#5941 = CARTESIAN_POINT ( 'NONE',  ( 5.002319821024735269, 1.586198120247330090, -13.00000000000000000 ) ) ;
#5942 = VERTEX_POINT ( 'NONE', #8020 ) ;
#5943 = AXIS2_PLACEMENT_3D ( 'NONE', #11072, #9942, #2364 ) ;
#5944 = AXIS2_PLACEMENT_3D ( 'NONE', #3307, #7935, #246 ) ;
#5945 = ORIENTED_EDGE ( 'NONE', *, *, #7757, .F. ) ;
#5946 = CIRCLE ( 'NONE', #9172, 2.500000000000000000 ) ;
#5947 = ADVANCED_FACE ( 'NONE', ( #8089 ), #11166, .T. ) ;
#5948 = ORIENTED_EDGE ( 'NONE', *, *, #8958, .T. ) ;
#5949 = CARTESIAN_POINT ( 'NONE',  ( 5.125882477357501799, 0.8446027636228201629, -2.000000000000000000 ) ) ;
#5950 = ORIENTED_EDGE ( 'NONE', *, *, #9268, .T. ) ;
#5951 = PRODUCT_DEFINITION ( 'æœ', '', #12121, #1171 ) ;
#5952 = DIRECTION ( 'NONE',  ( 0.000000000000000000, 1.000000000000000000, 0.000000000000000000 ) ) ;
#5953 = ADVANCED_FACE ( 'NONE', ( #2647, #10049 ), #8216, .T. ) ;
#5954 = PLANE ( 'NONE',  #9106 ) ;
#5955 = VECTOR ( 'NONE', #8639, 1000.000000000000000 ) ;
#5956 =( GEOMETRIC_REPRESENTATION_CONTEXT ( 3 ) GLOBAL_UNCERTAINTY_ASSIGNED_CONTEXT ( ( #6457 ) ) GLOBAL_UNIT_ASSIGNED_CONTEXT ( ( #12267, #4632, #5328 ) ) REPRESENTATION_CONTEXT ( 'NONE', 'WORKASPACE' ) );
#5957 = PLANE ( 'NONE',  #1042 ) ;
#5958 = AXIS2_PLACEMENT_3D ( 'NONE', #1497, #5301, #7242 ) ;
#5959 = AXIS2_PLACEMENT_3D ( 'NONE', #4532, #848, #11247 ) ;
#5960 = LINE ( 'NONE', #5029, #12363 ) ;
#5961 = CARTESIAN_POINT ( 'NONE',  ( 10.00000000000000000, 3.599999999999909051, -89.99999999999997158 ) ) ;
#5962 = LINE ( 'NONE', #11620, #2581 ) ;
#5963 = AXIS2_PLACEMENT_3D ( 'NONE', #500, #5196, #3310 ) ;
#5964 = VECTOR ( 'NONE', #638, 1000.000000000000000 ) ;
#5965 = VECTOR ( 'NONE', #715, 1000.000000000000114 ) ;
#5966 = ORIENTED_EDGE ( 'NONE', *, *, #1118, .F. ) ;
#5967 = AXIS2_PLACEMENT_3D ( 'NONE', #4408, #3587, #3404 ) ;
#5968 = ORIENTED_EDGE ( 'NONE', *, *, #2118, .T. ) ;
#5969 = CARTESIAN_POINT ( 'NONE',  ( -15.47157287525383396, 32.00000000000000000, -20.70000000000000639 ) ) ;
#5970 = VERTEX_POINT ( 'NONE', #2528 ) ;
#5971 = DIRECTION ( 'NONE',  ( -0.000000000000000000, -0.000000000000000000, -1.000000000000000000 ) ) ;
#5972 = FACE_OUTER_BOUND ( 'NONE', #12292, .T. ) ;
#5973 = DIRECTION ( 'NONE',  ( 1.000000000000000000, 0.000000000000000000, 0.000000000000000000 ) ) ;
#5974 = DIRECTION ( 'NONE',  ( -0.000000000000000000, -0.000000000000000000, -1.000000000000000000 ) ) ;
#5975 = AXIS2_PLACEMENT_3D ( 'NONE', #1504, #9955, #4374 ) ;
#5976 = AXIS2_PLACEMENT_3D ( 'NONE', #6524, #11482, #11542 ) ;
#5977 = CYLINDRICAL_SURFACE ( 'NONE', #5191, 3.000000000000000000 ) ;
#5978 = ADVANCED_FACE ( 'NONE', ( #2471 ), #3580, .T. ) ;
#5979 = CYLINDRICAL_SURFACE ( 'NONE', #1375, 0.2000000000000002887 ) ;
#5980 = DIRECTION ( 'NONE',  ( 0.000000000000000000, -1.000000000000000000, 0.000000000000000000 ) ) ;
#5981 = EDGE_LOOP ( 'NONE', ( #6930 ) ) ;
#5982 =( REPRESENTATION_RELATIONSHIP ('NONE','NONE', #2684, #6840 ) REPRESENTATION_RELATIONSHIP_WITH_TRANSFORMATION ( #3741 )SHAPE_REPRESENTATION_RELATIONSHIP( ) );
#5983 = ORIENTED_EDGE ( 'NONE', *, *, #47, .T. ) ;
#5984 = AXIS2_PLACEMENT_3D ( 'NONE', #7039, #5971, #9811 ) ;
#5985 = DIRECTION ( 'NONE',  ( 1.000000000000000000, 0.000000000000000000, 0.000000000000000000 ) ) ;
#5986 = AXIS2_PLACEMENT_3D ( 'NONE', #4104, #8929, #7915 ) ;
#5987 = DIRECTION ( 'NONE',  ( 0.000000000000000000, 0.000000000000000000, -1.000000000000000000 ) ) ;
#5988 = ORIENTED_EDGE ( 'NONE', *, *, #8716, .F. ) ;
#5989 = CARTESIAN_POINT ( 'NONE',  ( 21.00000000000000355, 0.1999999999999987899, 17.58578643762692550 ) ) ;
#5990 = CARTESIAN_POINT ( 'NONE',  ( -15.47157287525383396, 8.000000000000000000, -20.70000000000000639 ) ) ;
#5991 = EDGE_CURVE ( 'NONE', #9516, #2078, #10916, .T. ) ;
#5992 = DIRECTION ( 'NONE',  ( 1.000000000000000000, 0.000000000000000000, 0.000000000000000000 ) ) ;
#5993 = CARTESIAN_POINT ( 'NONE',  ( 2.910000000000487308, 3.900000000000267697, -870.0000000000000000 ) ) ;
#5994 = ADVANCED_FACE ( 'NONE', ( #4405 ), #9232, .F. ) ;
#5995 = VECTOR ( 'NONE', #11544, 1000.000000000000000 ) ;
#5996 =( NAMED_UNIT ( * ) PLANE_ANGLE_UNIT ( ) SI_UNIT ( $, .RADIAN. ) );
#5997 = DIRECTION ( 'NONE',  ( -1.000000000000000000, 7.188690099587623602E-17, 2.488532045365971698E-17 ) ) ;
#5998 = VERTEX_POINT ( 'NONE', #11110 ) ;
#5999 = FACE_OUTER_BOUND ( 'NONE', #11664, .T. ) ;
#6000 = ORIENTED_EDGE ( 'NONE', *, *, #1544, .F. ) ;
#6001 = LINE ( 'NONE', #4709, #1092 ) ;
#6002 = AXIS2_PLACEMENT_3D ( 'NONE', #1140, #8786, #8269 ) ;
#6003 = DIRECTION ( 'NONE',  ( -1.000000000000000000, 0.000000000000000000, 0.000000000000000000 ) ) ;
#6004 = ORIENTED_EDGE ( 'NONE', *, *, #1053, .T. ) ;
#6005 = CARTESIAN_POINT ( 'NONE',  ( -3.616390142880777869, -4.818957079542702360, -13.00000000000000000 ) ) ;
#6006 = DIRECTION ( 'NONE',  ( 1.000000000000000000, 0.000000000000000000, 0.000000000000000000 ) ) ;
#6007 = ORIENTED_EDGE ( 'NONE', *, *, #5271, .T. ) ;
#6008 = EDGE_CURVE ( 'NONE', #12343, #12343, #3294, .T. ) ;
#6009 = DIRECTION ( 'NONE',  ( -0.7071067811865474617, 0.000000000000000000, 0.7071067811865474617 ) ) ;
#6010 = ORIENTED_EDGE ( 'NONE', *, *, #5338, .F. ) ;
#6011 = DIRECTION ( 'NONE',  ( 0.000000000000000000, -0.000000000000000000, 1.000000000000000000 ) ) ;
#6012 = ADVANCED_FACE ( 'NONE', ( #4460 ), #4274, .T. ) ;
#6013 = EDGE_CURVE ( 'NONE', #5813, #4817, #5691, .T. ) ;
#6014 = DIRECTION ( 'NONE',  ( 0.000000000000000000, 0.000000000000000000, 1.000000000000000000 ) ) ;
#6015 = CARTESIAN_POINT ( 'NONE',  ( -18.99999999999999645, -16.50000000000000000, 0.000000000000000000 ) ) ;
#6016 = AXIS2_PLACEMENT_3D ( 'NONE', #1392, #9082, #7131 ) ;
#6017 = ORIENTED_EDGE ( 'NONE', *, *, #4432, .F. ) ;
#6018 = VERTEX_POINT ( 'NONE', #702 ) ;
#6019 = CYLINDRICAL_SURFACE ( 'NONE', #7952, 0.1999999999999987899 ) ;
#6020 = ORIENTED_EDGE ( 'NONE', *, *, #4626, .T. ) ;
#6021 = FACE_OUTER_BOUND ( 'NONE', #2480, .T. ) ;
#6022 = CARTESIAN_POINT ( 'NONE',  ( -20.99999999999999645, 40.00000000000000000, 17.58578643762692195 ) ) ;
#6023 = VERTEX_POINT ( 'NONE', #5456 ) ;
#6024 = AXIS2_PLACEMENT_3D ( 'NONE', #7040, #7911, #11811 ) ;
#6025 = CARTESIAN_POINT ( 'NONE',  ( 0.9749999999999818812, 6.614527269578672097, -13.00000000000000000 ) ) ;
#6026 = EDGE_CURVE ( 'NONE', #5734, #164, #10988, .T. ) ;
#6027 = PRODUCT_DEFINITION_CONTEXT ( 'detailed design', #3190, 'design' ) ;
#6028 = FACE_OUTER_BOUND ( 'NONE', #3499, .T. ) ;
#6029 = CARTESIAN_POINT ( 'NONE',  ( -1.964042965173693256, 4.809424105956109585, -13.00000000000000000 ) ) ;
#6030 = CARTESIAN_POINT ( 'NONE',  ( 9.500000000000000000, -3.599999999999909051, -870.0000000000000000 ) ) ;
#6031 = ORIENTED_EDGE ( 'NONE', *, *, #2336, .T. ) ;
#6032 = ADVANCED_FACE ( 'NONE', ( #3401 ), #6451, .F. ) ;
#6033 = CIRCLE ( 'NONE', #6827, 0.2799999999999940314 ) ;
#6034 = ORIENTED_EDGE ( 'NONE', *, *, #7268, .F. ) ;
#6035 = ORIENTED_EDGE ( 'NONE', *, *, #614, .F. ) ;
#6036 = DIRECTION ( 'NONE',  ( -0.000000000000000000, -0.000000000000000000, -1.000000000000000000 ) ) ;
#6037 = ORIENTED_EDGE ( 'NONE', *, *, #7036, .F. ) ;
#6038 = CARTESIAN_POINT ( 'NONE',  ( -10.00000000000000000, 8.500000000000000000, -870.0000000000000000 ) ) ;
#6039 = DIRECTION ( 'NONE',  ( -1.000000000000000000, 0.000000000000000000, 0.000000000000000000 ) ) ;
#6040 = EDGE_CURVE ( 'NONE', #5823, #5680, #516, .T. ) ;
#6041 = CARTESIAN_POINT ( 'NONE',  ( 17.58578643762691840, 32.20000000000000284, -20.00000000000000355 ) ) ;
#6042 = LINE ( 'NONE', #10008, #8158 ) ;
#6043 = LINE ( 'NONE', #158, #11405 ) ;
#6044 = CARTESIAN_POINT ( 'NONE',  ( -17.58578643762691485, 40.00000000000000000, 20.00000000000000355 ) ) ;
#6045 = DIRECTION ( 'NONE',  ( -9.035018104045165147E-14, 1.000000000000000000, 0.000000000000000000 ) ) ;
#6046 = ORIENTED_EDGE ( 'NONE', *, *, #355, .F. ) ;
#6047 = ORIENTED_EDGE ( 'NONE', *, *, #2176, .F. ) ;
#6048 = CARTESIAN_POINT ( 'NONE',  ( 0.000000000000000000, 0.000000000000000000, -0.5000000000000004441 ) ) ;
#6049 = EDGE_CURVE ( 'NONE', #7021, #9126, #10594, .T. ) ;
#6050 = DIRECTION ( 'NONE',  ( 1.000000000000000000, 0.000000000000000000, 0.000000000000000000 ) ) ;
#6051 = ORIENTED_EDGE ( 'NONE', *, *, #3655, .F. ) ;
#6052 = DIRECTION ( 'NONE',  ( 1.652117596168387263E-16, -0.000000000000000000, 1.000000000000000000 ) ) ;
#6053 = CARTESIAN_POINT ( 'NONE',  ( 17.58578643762691840, 0.1999999999999987899, -20.80000000000000426 ) ) ;
#6054 = PLANE ( 'NONE',  #10288 ) ;
#6055 = DIRECTION ( 'NONE',  ( 0.000000000000000000, 1.000000000000000000, 0.000000000000000000 ) ) ;
#6056 = PRESENTATION_STYLE_ASSIGNMENT (( #10536 ) ) ;
#6057 = DIRECTION ( 'NONE',  ( 7.068998164605207878E-17, -0.9999999999999998890, 1.387778780781404260E-16 ) ) ;
#6058 = ORIENTED_EDGE ( 'NONE', *, *, #10900, .F. ) ;
#6059 = DIRECTION ( 'NONE',  ( -1.000000000000000000, 0.000000000000000000, 0.000000000000000000 ) ) ;
#6060 = ADVANCED_FACE ( 'NONE', ( #9471 ), #10315, .T. ) ;
#6061 = VERTEX_POINT ( 'NONE', #11342 ) ;
#6062 = EDGE_CURVE ( 'NONE', #10909, #9994, #5755, .T. ) ;
#6063 = DIRECTION ( 'NONE',  ( 0.000000000000000000, -1.000000000000000000, 0.000000000000000000 ) ) ;
#6064 = ORIENTED_EDGE ( 'NONE', *, *, #5258, .F. ) ;
#6065 = DIRECTION ( 'NONE',  ( -0.7071067811865474617, 0.000000000000000000, 0.7071067811865474617 ) ) ;
#6066 = LINE ( 'NONE', #3065, #1498 ) ;
#6067 = ORIENTED_EDGE ( 'NONE', *, *, #12019, .F. ) ;
#6068 = CARTESIAN_POINT ( 'NONE',  ( 4.359035021885698136, -2.921992769749274022, -13.00000000000000000 ) ) ;
#6069 = VERTEX_POINT ( 'NONE', #8394 ) ;
#6070 = PLANE ( 'NONE',  #3508 ) ;
#6071 = CARTESIAN_POINT ( 'NONE',  ( 2.659549700202073375, -4.523938932020209691, -13.00000000000000000 ) ) ;
#6072 = VERTEX_POINT ( 'NONE', #8081 ) ;
#6073 = EDGE_LOOP ( 'NONE', ( #8850, #4829, #4637, #579 ) ) ;
#6074 = EDGE_CURVE ( 'NONE', #8912, #8694, #10684, .T. ) ;
#6075 = CIRCLE ( 'NONE', #10101, 1.000000000000000888 ) ;
#6076 = EDGE_CURVE ( 'NONE', #2402, #2402, #4897, .T. ) ;
#6077 = VERTEX_POINT ( 'NONE', #2700 ) ;
#6078 = VECTOR ( 'NONE', #817, 1000.000000000000000 ) ;
#6079 = DIRECTION ( 'NONE',  ( 0.000000000000000000, 0.000000000000000000, -1.000000000000000000 ) ) ;
#6080 = VERTEX_POINT ( 'NONE', #1012 ) ;
#6081 = CYLINDRICAL_SURFACE ( 'NONE', #3000, 2.999999999999999112 ) ;
#6082 = DIRECTION ( 'NONE',  ( -0.000000000000000000, -0.000000000000000000, 1.000000000000000000 ) ) ;
#6083 = ORIENTED_EDGE ( 'NONE', *, *, #4472, .F. ) ;
#6084 = CYLINDRICAL_SURFACE ( 'NONE', #9454, 0.2799999999999918665 ) ;
#6085 = DIRECTION ( 'NONE',  ( 1.000000000000000000, 0.000000000000000000, 0.000000000000000000 ) ) ;
#6086 = VECTOR ( 'NONE', #5668, 1000.000000000000000 ) ;
#6087 = DIRECTION ( 'NONE',  ( 0.000000000000000000, 0.000000000000000000, 1.000000000000000000 ) ) ;
#6088 = AXIS2_PLACEMENT_3D ( 'NONE', #1415, #6793, #3990 ) ;
#6089 = CARTESIAN_POINT ( 'NONE',  ( 0.4333079431568624962, 5.229863506334589296, -13.00000000000000000 ) ) ;
#6090 = ORIENTED_EDGE ( 'NONE', *, *, #114, .T. ) ;
#6091 = ORIENTED_EDGE ( 'NONE', *, *, #5812, .F. ) ;
#6092 = EDGE_CURVE ( 'NONE', #3610, #5299, #4696, .T. ) ;
#6093 = EDGE_LOOP ( 'NONE', ( #3331 ) ) ;
#6094 = EDGE_CURVE ( 'NONE', #3066, #1771, #9117, .T. ) ;
#6095 = EDGE_LOOP ( 'NONE', ( #3455, #9928, #3006, #1322 ) ) ;
#6096 = DIRECTION ( 'NONE',  ( -0.7071067811865495711, 0.000000000000000000, 0.7071067811865454633 ) ) ;
#6097 = ORIENTED_EDGE ( 'NONE', *, *, #3016, .T. ) ;
#6098 = VECTOR ( 'NONE', #10533, 1000.000000000000000 ) ;
#6099 = CARTESIAN_POINT ( 'NONE',  ( 5.251577878682482492, -3.035097204594769504, -2.000000000000000000 ) ) ;
#6100 = VECTOR ( 'NONE', #12289, 1000.000000000000000 ) ;
#6101 = DIRECTION ( 'NONE',  ( -0.000000000000000000, -0.000000000000000000, -1.000000000000000000 ) ) ;
#6102 = PRODUCT_DEFINITION ( 'æœ', '', #8722, #6027 ) ;
#6103 = DIRECTION ( 'NONE',  ( 0.000000000000000000, -1.000000000000000000, 0.000000000000000000 ) ) ;
#6104 = FACE_OUTER_BOUND ( 'NONE', #596, .T. ) ;
#6105 = DIRECTION ( 'NONE',  ( -0.000000000000000000, -0.000000000000000000, -1.000000000000000000 ) ) ;
#6106 = PLANE ( 'NONE',  #11761 ) ;
#6107 = DIRECTION ( 'NONE',  ( -0.000000000000000000, -0.000000000000000000, 1.000000000000000000 ) ) ;
#6108 = ORIENTED_EDGE ( 'NONE', *, *, #7831, .T. ) ;
#6109 = EDGE_CURVE ( 'NONE', #7889, #7889, #4867, .T. ) ;
#6110 = ORIENTED_EDGE ( 'NONE', *, *, #7106, .F. ) ;
#6111 = DIRECTION ( 'NONE',  ( 0.000000000000000000, 0.000000000000000000, 1.000000000000000000 ) ) ;
#6112 = CARTESIAN_POINT ( 'NONE',  ( -6.231729350392690492, 2.422425500083471572, -13.00000000000000000 ) ) ;
#6113 = ORIENTED_EDGE ( 'NONE', *, *, #10436, .T. ) ;
#6114 = AXIS2_PLACEMENT_3D ( 'NONE', #462, #8981, #5087 ) ;
#6115 = ADVANCED_FACE ( 'NONE', ( #2764 ), #946, .T. ) ;
#6116 = DIRECTION ( 'NONE',  ( 1.000000000000000000, -0.000000000000000000, 0.000000000000000000 ) ) ;
#6117 = CARTESIAN_POINT ( 'NONE',  ( -5.002319821024733493, -1.586198120247331422, -13.00000000000000000 ) ) ;
#6118 = FACE_OUTER_BOUND ( 'NONE', #3410, .T. ) ;
#6119 = LINE ( 'NONE', #2064, #179 ) ;
#6120 = DIRECTION ( 'NONE',  ( -1.000000000000000000, 0.000000000000000000, 0.000000000000000000 ) ) ;
#6121 = EDGE_CURVE ( 'NONE', #11650, #10728, #4639, .T. ) ;
#6122 =( NAMED_UNIT ( * ) SI_UNIT ( $, .STERADIAN. ) SOLID_ANGLE_UNIT ( ) );
#6123 =( GEOMETRIC_REPRESENTATION_CONTEXT ( 3 ) GLOBAL_UNCERTAINTY_ASSIGNED_CONTEXT ( ( #5838 ) ) GLOBAL_UNIT_ASSIGNED_CONTEXT ( ( #4686, #1831, #10409 ) ) REPRESENTATION_CONTEXT ( 'NONE', 'WORKASPACE' ) );
#6124 = ORIENTED_EDGE ( 'NONE', *, *, #1804, .T. ) ;
#6125 = CIRCLE ( 'NONE', #5523, 2.099999999999997868 ) ;
#6126 = DIRECTION ( 'NONE',  ( 4.336808689942025625E-15, 0.000000000000000000, -1.000000000000000000 ) ) ;
#6127 = ORIENTED_EDGE ( 'NONE', *, *, #5138, .F. ) ;
#6128 = LINE ( 'NONE', #7005, #1596 ) ;
#6129 = VERTEX_POINT ( 'NONE', #3764 ) ;
#6130 = CARTESIAN_POINT ( 'NONE',  ( -3.748380470424706790, 5.536446500142362837, -13.00000000000000000 ) ) ;
#6131 = DIRECTION ( 'NONE',  ( -1.000000000000000000, 0.000000000000000000, 0.000000000000000000 ) ) ;
#6132 = EDGE_LOOP ( 'NONE', ( #11372, #1547, #8268, #4378 ) ) ;
#6133 = CYLINDRICAL_SURFACE ( 'NONE', #4650, 6.304999999999999716 ) ;
#6134 = FACE_OUTER_BOUND ( 'NONE', #7161, .T. ) ;
#6135 = AXIS2_PLACEMENT_3D ( 'NONE', #546, #4359, #8053 ) ;
#6136 = DIRECTION ( 'NONE',  ( 0.000000000000000000, 0.000000000000000000, 1.000000000000000000 ) ) ;
#6137 = CARTESIAN_POINT ( 'NONE',  ( 15.49999999999996447, 35.50000000000000711, 16.81049999999999756 ) ) ;
#6138 = VERTEX_POINT ( 'NONE', #5641 ) ;
#6139 = ORIENTED_EDGE ( 'NONE', *, *, #8615, .T. ) ;
#6140 = VECTOR ( 'NONE', #7118, 1000.000000000000000 ) ;
#6141 = DIRECTION ( 'NONE',  ( 0.000000000000000000, 0.000000000000000000, 1.000000000000000000 ) ) ;
#6142 = ORIENTED_EDGE ( 'NONE', *, *, #3182, .T. ) ;
#6143 = CARTESIAN_POINT ( 'NONE',  ( 3.616390142880778757, -4.818957079542705024, -2.000000000000000000 ) ) ;
#6144 = CARTESIAN_POINT ( 'NONE',  ( 0.000000000000000000, 0.000000000000000000, 0.000000000000000000 ) ) ;
#6145 = VERTEX_POINT ( 'NONE', #3700 ) ;
#6146 = DIRECTION ( 'NONE',  ( -0.000000000000000000, -0.000000000000000000, 1.000000000000000000 ) ) ;
#6147 = CARTESIAN_POINT ( 'NONE',  ( 3.784454747031254840, 5.042908611869998836, -13.00000000000000000 ) ) ;
#6148 = FACE_OUTER_BOUND ( 'NONE', #137, .T. ) ;
#6149 = ADVANCED_FACE ( 'NONE', ( #8642 ), #7638, .T. ) ;
#6150 = VECTOR ( 'NONE', #7209, 1000.000000000000000 ) ;
#6151 =( NAMED_UNIT ( * ) PLANE_ANGLE_UNIT ( ) SI_UNIT ( $, .RADIAN. ) );
#6152 = VECTOR ( 'NONE', #1814, 1000.000000000000114 ) ;
#6153 = DIRECTION ( 'NONE',  ( 0.000000000000000000, 1.000000000000000000, 0.000000000000000000 ) ) ;
#6154 = VERTEX_POINT ( 'NONE', #10350 ) ;
#6155 = ORIENTED_EDGE ( 'NONE', *, *, #9367, .T. ) ;
#6156 = VERTEX_POINT ( 'NONE', #7508 ) ;
#6157 = ORIENTED_EDGE ( 'NONE', *, *, #10759, .F. ) ;
#6158 = B_SPLINE_CURVE_WITH_KNOTS ( 'NONE', 3,
 ( #1703, #4391, #3387, #4451 ),
 .UNSPECIFIED., .F., .F.,
 ( 4, 4 ),
 ( 7.589415207398531038E-19, 0.0006560903771786816404 ),
 .UNSPECIFIED. ) ;
#6159 = CIRCLE ( 'NONE', #5371, 0.7999999999999986011 ) ;
#6160 = LINE ( 'NONE', #10812, #11786 ) ;
#6161 = ORIENTED_EDGE ( 'NONE', *, *, #10606, .F. ) ;
#6162 = CIRCLE ( 'NONE', #10766, 6.304999999999999716 ) ;
#6163 = CIRCLE ( 'NONE', #10176, 2.499999999999998668 ) ;
#6164 = DIRECTION ( 'NONE',  ( -0.7071067811865646702, 0.7071067811865302533, 0.000000000000000000 ) ) ;
#6165 = DIRECTION ( 'NONE',  ( 0.000000000000000000, 0.000000000000000000, 1.000000000000000000 ) ) ;
#6166 = CARTESIAN_POINT ( 'NONE',  ( -10.00000000000000000, 8.500000000000000000, -870.0000000000000000 ) ) ;
#6167 = ADVANCED_FACE ( 'NONE', ( #7579, #6638 ), #11526, .F. ) ;
#6168 = CARTESIAN_POINT ( 'NONE',  ( 5.647239797928354399, -2.213496763471852091, -13.00000000000000000 ) ) ;
#6169 = EDGE_CURVE ( 'NONE', #997, #8760, #6755, .T. ) ;
#6170 = FACE_OUTER_BOUND ( 'NONE', #11749, .T. ) ;
#6171 = EDGE_CURVE ( 'NONE', #5075, #1641, #11471, .T. ) ;
#6172 = AXIS2_PLACEMENT_3D ( 'NONE', #11958, #1513, #6257 ) ;
#6173 = CARTESIAN_POINT ( 'NONE',  ( -2.659549700202074707, 4.523938932020212356, -2.000000000000000000 ) ) ;
#6174 = CIRCLE ( 'NONE', #6959, 0.1499999999999995226 ) ;
#6175 = AXIS2_PLACEMENT_3D ( 'NONE', #6990, #3361, #2247 ) ;
#6176 = CIRCLE ( 'NONE', #2391, 0.1999999999999987899 ) ;
#6177 = ORIENTED_EDGE ( 'NONE', *, *, #11425, .F. ) ;
#6178 = EDGE_LOOP ( 'NONE', ( #3237, #11994, #7241, #2220 ) ) ;
#6179 = CARTESIAN_POINT ( 'NONE',  ( -10.00000000000000000, 3.599999999999909051, -870.0000000000000000 ) ) ;
#6180 = DIRECTION ( 'NONE',  ( -0.000000000000000000, -0.000000000000000000, 1.000000000000000000 ) ) ;
#6181 = AXIS2_PLACEMENT_3D ( 'NONE', #1174, #8626, #10641 ) ;
#6182 = ORIENTED_EDGE ( 'NONE', *, *, #1269, .T. ) ;
#6183 = AXIS2_PLACEMENT_3D ( 'NONE', #3057, #5863, #9701 ) ;
#6184 = CIRCLE ( 'NONE', #6969, 0.2800000000000011924 ) ;
#6185 = CYLINDRICAL_SURFACE ( 'NONE', #10506, 5.194999999999998508 ) ;
#6186 = CARTESIAN_POINT ( 'NONE',  ( -5.273886783729707872, -0.8689897539102907631, -13.00000000000000000 ) ) ;
#6187 = DIRECTION ( 'NONE',  ( 0.000000000000000000, 0.000000000000000000, 1.000000000000000000 ) ) ;
#6188 = LINE ( 'NONE', #10081, #2000 ) ;
#6189 = EDGE_CURVE ( 'NONE', #9885, #1533, #6692, .T. ) ;
#6190 = DIRECTION ( 'NONE',  ( 0.7071067811865630048, -0.7071067811865321406, 0.000000000000000000 ) ) ;
#6191 = CIRCLE ( 'NONE', #7785, 1.975000000000003642 ) ;
#6192 = AXIS2_PLACEMENT_3D ( 'NONE', #10730, #3140, #1211 ) ;
#6193 = EDGE_LOOP ( 'NONE', ( #8554, #6047, #10362, #8422 ) ) ;
#6194 = EDGE_CURVE ( 'NONE', #7720, #7017, #8076, .T. ) ;
#6195 = PLANE ( 'NONE',  #5749 ) ;
#6196 = ORIENTED_EDGE ( 'NONE', *, *, #9826, .F. ) ;
#6197 = DIRECTION ( 'NONE',  ( -1.000000000000000000, -0.000000000000000000, -0.000000000000000000 ) ) ;
#6198 = ORIENTED_EDGE ( 'NONE', *, *, #11012, .F. ) ;
#6199 = DIRECTION ( 'NONE',  ( 0.000000000000000000, 0.000000000000000000, 1.000000000000000000 ) ) ;
#6200 = EDGE_CURVE ( 'NONE', #9472, #8537, #6066, .T. ) ;
#6201 = FACE_BOUND ( 'NONE', #215, .T. ) ;
#6202 = ORIENTED_EDGE ( 'NONE', *, *, #1833, .F. ) ;
#6203 = DIRECTION ( 'NONE',  ( -1.000000000000000000, 0.000000000000000000, 0.000000000000000000 ) ) ;
#6204 = CYLINDRICAL_SURFACE ( 'NONE', #2187, 0.1999999999999987899 ) ;
#6205 = LINE ( 'NONE', #6071, #10161 ) ;
#6206 = CARTESIAN_POINT ( 'NONE',  ( -22.89999999999999503, 0.000000000000000000, 5.000000000000000000 ) ) ;
#6207 = ORIENTED_EDGE ( 'NONE', *, *, #10870, .F. ) ;
#6208 = AXIS2_PLACEMENT_3D ( 'NONE', #5127, #2073, #3191 ) ;
#6209 = ORIENTED_EDGE ( 'NONE', *, *, #1420, .T. ) ;
#6210 = DIRECTION ( 'NONE',  ( -1.000000000000000000, 0.000000000000000000, 0.000000000000000000 ) ) ;
#6211 = ORIENTED_EDGE ( 'NONE', *, *, #2752, .T. ) ;
#6212 = FACE_OUTER_BOUND ( 'NONE', #3755, .T. ) ;
#6213 = EDGE_CURVE ( 'NONE', #6138, #5242, #8668, .T. ) ;
#6214 = CARTESIAN_POINT ( 'NONE',  ( -3.967618173362244871, -3.581484473009151070, -13.00000000000000000 ) ) ;
#6215 = ORIENTED_EDGE ( 'NONE', *, *, #1648, .F. ) ;
#6216 = DIRECTION ( 'NONE',  ( 1.000000000000000000, 0.000000000000000000, 0.000000000000000000 ) ) ;
#6217 = DIRECTION ( 'NONE',  ( 1.000000000000000000, 0.000000000000000000, 0.000000000000000000 ) ) ;
#6218 = CIRCLE ( 'NONE', #4427, 1.975000000000008971 ) ;
#6219 = DIRECTION ( 'NONE',  ( -1.813805391025117425E-16, 1.000000000000000000, 0.000000000000000000 ) ) ;
#6220 = FACE_OUTER_BOUND ( 'NONE', #9021, .T. ) ;
#6221 = ADVANCED_FACE ( 'NONE', ( #11839 ), #9844, .T. ) ;
#6222 = ORIENTED_EDGE ( 'NONE', *, *, #8634, .F. ) ;
#6223 = ORIENTED_EDGE ( 'NONE', *, *, #8983, .F. ) ;
#6224 = VERTEX_POINT ( 'NONE', #4019 ) ;
#6225 = VERTEX_POINT ( 'NONE', #2136 ) ;
#6226 = VECTOR ( 'NONE', #222, 1000.000000000000000 ) ;
#6227 = DIRECTION ( 'NONE',  ( -1.000000000000000000, 0.000000000000000000, 0.000000000000000000 ) ) ;
#6228 = EDGE_CURVE ( 'NONE', #3610, #11293, #11681, .T. ) ;
#6229 = ORIENTED_EDGE ( 'NONE', *, *, #7815, .T. ) ;
#6230 = CARTESIAN_POINT ( 'NONE',  ( 0.9013707041225502703, 5.998201072901428788, -13.00000000000000000 ) ) ;
#6231 = ADVANCED_FACE ( 'NONE', ( #8897 ), #7009, .T. ) ;
#6232 = DIRECTION ( 'NONE',  ( -1.000000000000000000, 0.000000000000000000, 0.000000000000000000 ) ) ;
#6233 = CARTESIAN_POINT ( 'NONE',  ( 1.790414966635721639, 5.795282521538789311, -2.000000000000000000 ) ) ;
#6234 = CYLINDRICAL_SURFACE ( 'NONE', #4203, 0.1999999999999987899 ) ;
#6235 = CARTESIAN_POINT ( 'NONE',  ( 20.56568542494924401, 40.00000000000000000, -18.15147186257614464 ) ) ;
#6236 = CIRCLE ( 'NONE', #9835, 2.500000000000000000 ) ;
#6237 = LINE ( 'NONE', #3354, #10739 ) ;
#6238 = ORIENTED_EDGE ( 'NONE', *, *, #3460, .T. ) ;
#6239 = VERTEX_POINT ( 'NONE', #5876 ) ;
#6240 =( NAMED_UNIT ( * ) SI_UNIT ( $, .STERADIAN. ) SOLID_ANGLE_UNIT ( ) );
#6241 = EDGE_CURVE ( 'NONE', #9356, #2069, #6279, .T. ) ;
#6242 = EDGE_CURVE ( 'NONE', #5350, #9541, #5820, .T. ) ;
#6243 = DIRECTION ( 'NONE',  ( -0.000000000000000000, -0.000000000000000000, 1.000000000000000000 ) ) ;
#6244 = EDGE_CURVE ( 'NONE', #10795, #4881, #308, .T. ) ;
#6245 = CIRCLE ( 'NONE', #4452, 0.1999999999999987899 ) ;
#6246 = ORIENTED_EDGE ( 'NONE', *, *, #6892, .F. ) ;
#6247 = CARTESIAN_POINT ( 'NONE',  ( 0.000000000000000000, 0.000000000000000000, -13.00000000000000000 ) ) ;
#6248 = DIRECTION ( 'NONE',  ( 0.7071067811865474617, -0.7071067811865474617, 0.000000000000000000 ) ) ;
#6249 = DIRECTION ( 'NONE',  ( -1.652117596168387263E-16, 0.000000000000000000, -1.000000000000000000 ) ) ;
#6250 = CARTESIAN_POINT ( 'NONE',  ( -3.599999999999454303, 10.00000000000000000, -89.99999999999997158 ) ) ;
#6251 = CARTESIAN_POINT ( 'NONE',  ( 3.600000000000363798, -10.00000000000000000, -89.99999999999997158 ) ) ;
#6252 =( NAMED_UNIT ( * ) PLANE_ANGLE_UNIT ( ) SI_UNIT ( $, .RADIAN. ) );
#6253 = AXIS2_PLACEMENT_3D ( 'NONE', #3834, #10419, #6695 ) ;
#6254 = VERTEX_POINT ( 'NONE', #7944 ) ;
#6255 = FACE_OUTER_BOUND ( 'NONE', #7092, .T. ) ;
#6256 = EDGE_CURVE ( 'NONE', #1641, #8984, #5011, .T. ) ;
#6257 = DIRECTION ( 'NONE',  ( -0.000000000000000000, 0.000000000000000000, -1.000000000000000000 ) ) ;
#6258 = ORIENTED_EDGE ( 'NONE', *, *, #6269, .T. ) ;
#6259 = FACE_OUTER_BOUND ( 'NONE', #264, .T. ) ;
#6260 = CARTESIAN_POINT ( 'NONE',  ( 3.414628852343118748, 5.013102338667354552, -13.00000000000000000 ) ) ;
#6261 = ORIENTED_EDGE ( 'NONE', *, *, #66, .T. ) ;
#6262 = CARTESIAN_POINT ( 'NONE',  ( -6.231729350392678057, -2.422425500083453365, -13.00000000000000000 ) ) ;
#6263 = PLANE ( 'NONE',  #4508 ) ;
#6264 = EDGE_CURVE ( 'NONE', #7979, #11855, #7759, .T. ) ;
#6265 = DIRECTION ( 'NONE',  ( 0.000000000000000000, 0.000000000000000000, 1.000000000000000000 ) ) ;
#6266 = CARTESIAN_POINT ( 'NONE',  ( 0.000000000000000000, 40.00000000000000000, 17.50000000000000355 ) ) ;
#6267 = EDGE_LOOP ( 'NONE', ( #10711 ) ) ;
#6268 = ORIENTED_EDGE ( 'NONE', *, *, #8405, .T. ) ;
#6269 = EDGE_CURVE ( 'NONE', #2765, #9689, #11713, .T. ) ;
#6270 = CARTESIAN_POINT ( 'NONE',  ( 18.29289321881346808, 7.800000000000000711, -20.70710678118654968 ) ) ;
#6271 = ORIENTED_EDGE ( 'NONE', *, *, #9632, .T. ) ;
#6272 = DIRECTION ( 'NONE',  ( -0.000000000000000000, 1.000000000000000000, 0.000000000000000000 ) ) ;
#6273 = CARTESIAN_POINT ( 'NONE',  ( -9.500000000000000000, 3.599999999999909051, -89.99999999999997158 ) ) ;
#6274 = ORIENTED_EDGE ( 'NONE', *, *, #4079, .T. ) ;
#6275 = CARTESIAN_POINT ( 'NONE',  ( 20.00000000000000355, 7.800000000000001599, -17.58578643762690774 ) ) ;
#6276 = PLANE ( 'NONE',  #7968 ) ;
#6277 = DIRECTION ( 'NONE',  ( -0.7071067811865474617, 0.000000000000000000, 0.7071067811865474617 ) ) ;
#6278 = FACE_OUTER_BOUND ( 'NONE', #56, .T. ) ;
#6279 = CIRCLE ( 'NONE', #6469, 6.304999999999999716 ) ;
#6280 = ORIENTED_EDGE ( 'NONE', *, *, #4843, .T. ) ;
#6281 = ORIENTED_EDGE ( 'NONE', *, *, #5833, .T. ) ;
#6282 = AXIS2_PLACEMENT_3D ( 'NONE', #3177, #5921, #2192 ) ;
#6283 = ORIENTED_EDGE ( 'NONE', *, *, #8518, .F. ) ;
#6284 = VERTEX_POINT ( 'NONE', #1124 ) ;
#6285 = DIRECTION ( 'NONE',  ( 0.000000000000000000, 0.000000000000000000, 1.000000000000000000 ) ) ;
#6286 = ORIENTED_EDGE ( 'NONE', *, *, #3052, .F. ) ;
#6287 = LINE ( 'NONE', #9298, #2207 ) ;
#6288 = CARTESIAN_POINT ( 'NONE',  ( -18.29289321881345387, 0.2000000000000000111, -20.70710678118654968 ) ) ;
#6289 = AXIS2_PLACEMENT_3D ( 'NONE', #12136, #442, #4261 ) ;
#6290 = VECTOR ( 'NONE', #5850, 1000.000000000000000 ) ;
#6291 = DIRECTION ( 'NONE',  ( 0.000000000000000000, 0.000000000000000000, 1.000000000000000000 ) ) ;
#6292 = CYLINDRICAL_SURFACE ( 'NONE', #3001, 1.975000000000004530 ) ;
#6293 = DIRECTION ( 'NONE',  ( 1.000000000000000000, 0.000000000000000000, 0.000000000000000000 ) ) ;
#6294 = CARTESIAN_POINT ( 'NONE',  ( -3.899999999999465672, 2.910000000000252829, -870.0000000000000000 ) ) ;
#6295 = ADVANCED_FACE ( 'NONE', ( #3127 ), #3192, .T. ) ;
#6296 = CIRCLE ( 'NONE', #4298, 0.6500000000000012434 ) ;
#6297 = ORIENTED_EDGE ( 'NONE', *, *, #10021, .T. ) ;
#6298 = ORIENTED_EDGE ( 'NONE', *, *, #9, .F. ) ;
#6299 = CIRCLE ( 'NONE', #504, 7.500000000000000000 ) ;
#6300 = LINE ( 'NONE', #1557, #12180 ) ;
#6301 = DIRECTION ( 'NONE',  ( -1.000000000000000000, 0.000000000000000000, 0.000000000000000000 ) ) ;
#6302 = VERTEX_POINT ( 'NONE', #122 ) ;
#6303 = PLANE ( 'NONE',  #3688 ) ;
#6304 = DIRECTION ( 'NONE',  ( 0.000000000000000000, 0.000000000000000000, 1.000000000000000000 ) ) ;
#6305 = DIRECTION ( 'NONE',  ( 1.000000000000000000, 0.000000000000000000, 0.000000000000000000 ) ) ;
#6306 = CIRCLE ( 'NONE', #707, 11.00000000000000000 ) ;
#6307 = DIRECTION ( 'NONE',  ( 1.000000000000000000, 0.000000000000000000, 0.000000000000000000 ) ) ;
#6308 = CARTESIAN_POINT ( 'NONE',  ( -4.359035021885704353, 2.921992769749273133, -13.00000000000000000 ) ) ;
#6309 = EDGE_CURVE ( 'NONE', #1739, #11805, #1321, .T. ) ;
#6310 = SHAPE_DEFINITION_REPRESENTATION ( #10342, #8209 ) ;
#6311 = ORIENTED_EDGE ( 'NONE', *, *, #1595, .T. ) ;
#6312 = CARTESIAN_POINT ( 'NONE',  ( -10.14589803375031529, -3.000000000000000444, 5.000000000000000000 ) ) ;
#6313 = AXIS2_PLACEMENT_3D ( 'NONE', #8855, #27, #2037 ) ;
#6314 = FACE_OUTER_BOUND ( 'NONE', #941, .T. ) ;
#6315 = EDGE_LOOP ( 'NONE', ( #9480, #10523, #6771, #7240 ) ) ;
#6316 = CARTESIAN_POINT ( 'NONE',  ( 0.000000000000000000, 0.000000000000000000, -2.000000000000000000 ) ) ;
#6317 = DIRECTION ( 'NONE',  ( 0.000000000000000000, -1.000000000000000000, 0.000000000000000000 ) ) ;
#6318 = ORIENTED_EDGE ( 'NONE', *, *, #11609, .T. ) ;
#6319 = FILL_AREA_STYLE_COLOUR ( '', #6839 ) ;
#6320 = DIRECTION ( 'NONE',  ( 0.000000000000000000, 0.000000000000000000, 1.000000000000000000 ) ) ;
#6321 = DIRECTION ( 'NONE',  ( -0.000000000000000000, -0.000000000000000000, 1.000000000000000000 ) ) ;
#6322 = EDGE_CURVE ( 'NONE', #12148, #11734, #4073, .T. ) ;
#6323 = ADVANCED_FACE ( 'NONE', ( #10908 ), #8959, .T. ) ;
#6324 = PRODUCT_DEFINITION_SHAPE ( 'NONE', 'NONE',  #12388 ) ;
#6325 = VERTEX_POINT ( 'NONE', #10784 ) ;
#6326 = ORIENTED_EDGE ( 'NONE', *, *, #3097, .F. ) ;
#6327 = FACE_OUTER_BOUND ( 'NONE', #6435, .T. ) ;
#6328 = ORIENTED_EDGE ( 'NONE', *, *, #2656, .T. ) ;
#6329 = LINE ( 'NONE', #1592, #7006 ) ;
#6330 = DIRECTION ( 'NONE',  ( 0.000000000000000000, 0.000000000000000000, 1.000000000000000000 ) ) ;
#6331 = ORIENTED_EDGE ( 'NONE', *, *, #7458, .F. ) ;
#6332 = DIRECTION ( 'NONE',  ( -0.000000000000000000, -0.000000000000000000, 1.000000000000000000 ) ) ;
#6333 = CARTESIAN_POINT ( 'NONE',  ( 0.000000000000000000, 0.000000000000000000, -500.0000000000000000 ) ) ;
#6334 = DIRECTION ( 'NONE',  ( 0.000000000000000000, 0.000000000000000000, -1.000000000000000000 ) ) ;
#6335 = EDGE_CURVE ( 'NONE', #5242, #5642, #11964, .T. ) ;
#6336 = CARTESIAN_POINT ( 'NONE',  ( 17.58578643762691485, 39.80000000000000426, -21.00000000000000355 ) ) ;
#6337 = EDGE_LOOP ( 'NONE', ( #8862, #10240, #5554, #8874, #72, #10525, #2287, #3456 ) ) ;
#6338 = VERTEX_POINT ( 'NONE', #5264 ) ;
#6339 = ORIENTED_EDGE ( 'NONE', *, *, #4527, .F. ) ;
#6340 = ADVANCED_FACE ( 'NONE', ( #6201, #2327 ), #505, .T. ) ;
#6341 = LINE ( 'NONE', #660, #5394 ) ;
#6342 = VERTEX_POINT ( 'NONE', #3448 ) ;
#6343 = CARTESIAN_POINT ( 'NONE',  ( -2.020752579182556463, -4.948291019506332766, -2.000000000000000000 ) ) ;
#6344 = AXIS2_PLACEMENT_3D ( 'NONE', #3071, #2144, #1206 ) ;
#6345 = CARTESIAN_POINT ( 'NONE',  ( 5.500000000000397904, -6.489999999999611191, -870.0000000000000000 ) ) ;
#6346 = ADVANCED_FACE ( 'NONE', ( #8136 ), #4502, .F. ) ;
#6347 = DIRECTION ( 'NONE',  ( 0.000000000000000000, 0.000000000000000000, 1.000000000000000000 ) ) ;
#6348 = DIRECTION ( 'NONE',  ( -1.000000000000000000, 0.000000000000000000, 0.000000000000000000 ) ) ;
#6349 = DIRECTION ( 'NONE',  ( 1.000000000000000000, 0.000000000000000000, 0.000000000000000000 ) ) ;
#6350 = CARTESIAN_POINT ( 'NONE',  ( 19.35857864376274051, 32.00000000000000000, -19.35857864376264814 ) ) ;
#6351 = VECTOR ( 'NONE', #7988, 1000.000000000000000 ) ;
#6352 = VECTOR ( 'NONE', #10213, 1000.000000000000000 ) ;
#6353 = ORIENTED_EDGE ( 'NONE', *, *, #2263, .T. ) ;
#6354 = VECTOR ( 'NONE', #3351, 1000.000000000000000 ) ;
#6355 = ORIENTED_EDGE ( 'NONE', *, *, #3340, .T. ) ;
#6356 = CARTESIAN_POINT ( 'NONE',  ( -2.000000000000000888, 64.00000000000000000, -0.9165151389911839752 ) ) ;
#6357 = EDGE_LOOP ( 'NONE', ( #7317, #8446, #75, #12162 ) ) ;
#6358 = CARTESIAN_POINT ( 'NONE',  ( -24.99999999999999645, 5.000000000000000000, 10.00000000000000000 ) ) ;
#6359 = AXIS2_PLACEMENT_3D ( 'NONE', #119, #11710, #184 ) ;
#6360 = DIRECTION ( 'NONE',  ( 0.000000000000000000, 0.000000000000000000, 1.000000000000000000 ) ) ;
#6361 = CARTESIAN_POINT ( 'NONE',  ( 10.14589803375031174, 0.000000000000000000, 5.000000000000000000 ) ) ;
#6362 = AXIS2_PLACEMENT_3D ( 'NONE', #9865, #4094, #10055 ) ;
#6363 = CIRCLE ( 'NONE', #10185, 5.195000000000000284 ) ;
#6364 = CARTESIAN_POINT ( 'NONE',  ( 2.910000000000763976, -3.900000000000090949, -89.99999999999997158 ) ) ;
#6365 = FACE_BOUND ( 'NONE', #9720, .T. ) ;
#6366 = EDGE_LOOP ( 'NONE', ( #6157, #2403, #12007, #8638 ) ) ;
#6367 = VECTOR ( 'NONE', #6197, 1000.000000000000000 ) ;
#6368 = CARTESIAN_POINT ( 'NONE',  ( 6.231729350392683386, -2.422425500083455141, -2.000000000000000000 ) ) ;
#6369 = VECTOR ( 'NONE', #7380, 1000.000000000000114 ) ;
#6370 = VECTOR ( 'NONE', #5415, 1000.000000000000000 ) ;
#6371 = DIRECTION ( 'NONE',  ( 0.000000000000000000, 0.000000000000000000, -1.000000000000000000 ) ) ;
#6372 = VERTEX_POINT ( 'NONE', #2395 ) ;
#6373 = EDGE_CURVE ( 'NONE', #10678, #4654, #2494, .T. ) ;
#6374 = EDGE_CURVE ( 'NONE', #11148, #6061, #7377, .T. ) ;
#6375 = DIRECTION ( 'NONE',  ( -0.000000000000000000, -0.000000000000000000, 1.000000000000000000 ) ) ;
#6376 = ORIENTED_EDGE ( 'NONE', *, *, #7727, .T. ) ;
#6377 = DIRECTION ( 'NONE',  ( 1.000000000000000000, 0.000000000000000000, 0.000000000000000000 ) ) ;
#6378 = CARTESIAN_POINT ( 'NONE',  ( -0.9013707041225494931, 5.998201072901427011, -2.000000000000000000 ) ) ;
#6379 = AXIS2_PLACEMENT_3D ( 'NONE', #4431, #9259, #856 ) ;
#6380 = CARTESIAN_POINT ( 'NONE',  ( -0.4333079431568622741, -5.229863506334588408, -13.00000000000000000 ) ) ;
#6381 = AXIS2_PLACEMENT_3D ( 'NONE', #7426, #7544, #8429 ) ;
#6382 = VECTOR ( 'NONE', #3262, 1000.000000000000000 ) ;
#6383 = VERTEX_POINT ( 'NONE', #12085 ) ;
#6384 = VERTEX_POINT ( 'NONE', #11900 ) ;
#6385 = EDGE_LOOP ( 'NONE', ( #3167 ) ) ;
#6386 = VECTOR ( 'NONE', #4845, 1000.000000000000000 ) ;
#6387 = CARTESIAN_POINT ( 'NONE',  ( 20.00000000000000355, 0.000000000000000000, 17.58578643762692550 ) ) ;
#6388 = ORIENTED_EDGE ( 'NONE', *, *, #886, .F. ) ;
#6389 = EDGE_CURVE ( 'NONE', #11167, #979, #1518, .T. ) ;
#6390 = ADVANCED_FACE ( 'NONE', ( #5200, #7260 ), #11149, .F. ) ;
#6391 = FACE_OUTER_BOUND ( 'NONE', #1345, .T. ) ;
#6392 = CARTESIAN_POINT ( 'NONE',  ( -40.35857864376270498, 0.2000000000000000111, 1.641421356237213969 ) ) ;
#6393 = ORIENTED_EDGE ( 'NONE', *, *, #9105, .F. ) ;
#6394 = EDGE_CURVE ( 'NONE', #4917, #2841, #7100, .T. ) ;
#6395 = CARTESIAN_POINT ( 'NONE',  ( -3.899999999999464784, -2.909999999999910880, -89.99999999999997158 ) ) ;
#6396 = CARTESIAN_POINT ( 'NONE',  ( 17.58578643762691840, 40.00000000000000000, -20.80000000000000426 ) ) ;
#6397 = DIRECTION ( 'NONE',  ( -0.7071067811865483499, 0.000000000000000000, -0.7071067811865467956 ) ) ;
#6398 = LINE ( 'NONE', #9418, #5717 ) ;
#6399 = VERTEX_POINT ( 'NONE', #2710 ) ;
#6400 = AXIS2_PLACEMENT_3D ( 'NONE', #11668, #11726, #7961 ) ;
#6401 = ORIENTED_EDGE ( 'NONE', *, *, #285, .F. ) ;
#6402 = ORIENTED_EDGE ( 'NONE', *, *, #12208, .F. ) ;
#6403 = ORIENTED_EDGE ( 'NONE', *, *, #66, .F. ) ;
#6404 = CARTESIAN_POINT ( 'NONE',  ( -9.500000000000000000, 3.599999999999909051, -89.99999999999997158 ) ) ;
#6405 = VERTEX_POINT ( 'NONE', #686 ) ;
#6406 = EDGE_CURVE ( 'NONE', #8636, #1664, #1074, .T. ) ;
#6407 = DIRECTION ( 'NONE',  ( -0.000000000000000000, -0.000000000000000000, -1.000000000000000000 ) ) ;
#6408 = AXIS2_PLACEMENT_3D ( 'NONE', #455, #4273, #8088 ) ;
#6409 = DIRECTION ( 'NONE',  ( 0.000000000000000000, 0.000000000000000000, 1.000000000000000000 ) ) ;
#6410 = CARTESIAN_POINT ( 'NONE',  ( -1.512829983820065616, -5.831978261281069997, -13.00000000000000000 ) ) ;
#6411 = SURFACE_STYLE_USAGE ( .BOTH. , #11433 ) ;
#6412 = EDGE_CURVE ( 'NONE', #1135, #10119, #4388, .T. ) ;
#6413 = CARTESIAN_POINT ( 'NONE',  ( -3.616390142880778757, 4.818957079542699695, -13.00000000000000000 ) ) ;
#6414 = CIRCLE ( 'NONE', #4228, 0.7999999999999986011 ) ;
#6415 = ORIENTED_EDGE ( 'NONE', *, *, #6986, .F. ) ;
#6416 = ORIENTED_EDGE ( 'NONE', *, *, #11406, .F. ) ;
#6417 = CYLINDRICAL_SURFACE ( 'NONE', #1784, 0.2799999999999940314 ) ;
#6418 = ORIENTED_EDGE ( 'NONE', *, *, #6309, .F. ) ;
#6419 = EDGE_CURVE ( 'NONE', #6069, #10483, #11040, .T. ) ;
#6420 = CARTESIAN_POINT ( 'NONE',  ( 0.000000000000000000, 0.000000000000000000, -15.00000000000000000 ) ) ;
#6421 = ORIENTED_EDGE ( 'NONE', *, *, #11304, .T. ) ;
#6422 = DIRECTION ( 'NONE',  ( -0.000000000000000000, 1.000000000000000000, -0.000000000000000000 ) ) ;
#6423 = AXIS2_PLACEMENT_3D ( 'NONE', #3474, #11298, #847 ) ;
#6424 = PRODUCT_DEFINITION_SHAPE ( 'NONE', 'NONE',  #3906 ) ;
#6425 = CARTESIAN_POINT ( 'NONE',  ( -20.00000000000000355, 0.1999999999999987899, -17.58578643762691840 ) ) ;
#6426 = CARTESIAN_POINT ( 'NONE',  ( 4.374567281301046329, 3.071186432206683747, -13.00000000000000000 ) ) ;
#6427 = DIRECTION ( 'NONE',  ( 0.000000000000000000, -0.000000000000000000, -1.000000000000000000 ) ) ;
#6428 = CARTESIAN_POINT ( 'NONE',  ( -20.69999999999999574, 32.00000000000000000, -15.47157287525383218 ) ) ;
#6429 = APPLICATION_PROTOCOL_DEFINITION ( 'draft international standard', 'automotive_design', 1998, #5588 ) ;
#6430 = VERTEX_POINT ( 'NONE', #6260 ) ;
#6431 = EDGE_CURVE ( 'NONE', #7972, #2517, #9218, .T. ) ;
#6432 = AXIS2_PLACEMENT_3D ( 'NONE', #10170, #4407, #12042 ) ;
#6433 = DIRECTION ( 'NONE',  ( 0.000000000000000000, -1.000000000000000000, 0.000000000000000000 ) ) ;
#6434 = FACE_BOUND ( 'NONE', #5535, .T. ) ;
#6435 = EDGE_LOOP ( 'NONE', ( #9589, #409, #4879, #9619 ) ) ;
#6436 = DIRECTION ( 'NONE',  ( 0.000000000000000000, 0.000000000000000000, 1.000000000000000000 ) ) ;
#6437 = ADVANCED_FACE ( 'NONE', ( #1579 ), #636, .T. ) ;
#6438 = DIRECTION ( 'NONE',  ( -0.000000000000000000, -0.000000000000000000, -1.000000000000000000 ) ) ;
#6439 = SURFACE_STYLE_USAGE ( .BOTH. , #7318 ) ;
#6440 = CARTESIAN_POINT ( 'NONE',  ( 0.000000000000000000, 0.000000000000000000, 0.000000000000000000 ) ) ;
#6441 = CARTESIAN_POINT ( 'NONE',  ( 1.512829983820068724, 5.831978261281069997, -13.00000000000000000 ) ) ;
#6442 = CARTESIAN_POINT ( 'NONE',  ( 22.20000000000000284, 4.550000000000005151, -1.602627944162881235 ) ) ;
#6443 = SHAPE_REPRESENTATION ( '\X2\6a217ec48fd052a85757\X0\', ( #11368 ), #6123 ) ;
#6444 = EDGE_CURVE ( 'NONE', #7535, #12345, #7316, .T. ) ;
#6445 = EDGE_LOOP ( 'NONE', ( #6507 ) ) ;
#6446 = EDGE_CURVE ( 'NONE', #10660, #3077, #9026, .T. ) ;
#6447 = ORIENTED_EDGE ( 'NONE', *, *, #4105, .T. ) ;
#6448 = DIRECTION ( 'NONE',  ( 0.000000000000000000, 0.000000000000000000, 1.000000000000000000 ) ) ;
#6449 = EDGE_LOOP ( 'NONE', ( #9776 ) ) ;
#6450 = LINE ( 'NONE', #1713, #3417 ) ;
#6451 = PLANE ( 'NONE',  #8697 ) ;
#6452 = EDGE_LOOP ( 'NONE', ( #8755, #7787, #8666, #9709 ) ) ;
#6453 = CARTESIAN_POINT ( 'NONE',  ( 25.00000000000000711, -24.99999999999998934, 5.000000000000000000 ) ) ;
#6454 = CARTESIAN_POINT ( 'NONE',  ( -15.47157287525382863, 32.00000000000000000, 20.69999999999999929 ) ) ;
#6455 = DIRECTION ( 'NONE',  ( 1.000000000000000000, 0.000000000000000000, 0.000000000000000000 ) ) ;
#6456 = CARTESIAN_POINT ( 'NONE',  ( -5.125882477357501799, -0.8446027636228206070, -13.00000000000000000 ) ) ;
#6457 = UNCERTAINTY_MEASURE_WITH_UNIT (LENGTH_MEASURE( 1.000000000000000082E-05 ), #12267, 'distance_accuracy_value', 'NONE');
#6458 = LINE ( 'NONE', #6336, #169 ) ;
#6459 = EDGE_CURVE ( 'NONE', #10443, #10495, #2296, .T. ) ;
#6461 = VERTEX_POINT ( 'NONE', #2686 ) ;
#6460 =( REPRESENTATION_RELATIONSHIP ('NONE','NONE', #2684, #11466 ) REPRESENTATION_RELATIONSHIP_WITH_TRANSFORMATION ( #11086 )SHAPE_REPRESENTATION_RELATIONSHIP( ) );
#6462 = EDGE_CURVE ( 'NONE', #3395, #2069, #10895, .T. ) ;
#6463 = VERTEX_POINT ( 'NONE', #935 ) ;
#6464 = CARTESIAN_POINT ( 'NONE',  ( -3.599999999999454303, -9.500000000000000000, -870.0000000000000000 ) ) ;
#6465 = ORIENTED_EDGE ( 'NONE', *, *, #8845, .F. ) ;
#6466 = CARTESIAN_POINT ( 'NONE',  ( 9.500000000000000000, -3.599999999999909051, -870.0000000000000000 ) ) ;
#6467 = CARTESIAN_POINT ( 'NONE',  ( 3.967618173362242207, -3.581484473009149738, -13.00000000000000000 ) ) ;
#6468 = CYLINDRICAL_SURFACE ( 'NONE', #6562, 0.2000000000000002887 ) ;
#6469 = AXIS2_PLACEMENT_3D ( 'NONE', #1196, #4131, #2075 ) ;
#6470 = DIRECTION ( 'NONE',  ( -0.000000000000000000, -0.000000000000000000, 1.000000000000000000 ) ) ;
#6471 = PRESENTATION_LAYER_ASSIGNMENT (  '', '', ( #7466 ) ) ;
#6472 = LINE ( 'NONE', #11129, #10373 ) ;
#6473 = EDGE_CURVE ( 'NONE', #2681, #8418, #9688, .T. ) ;
#6474 = EDGE_CURVE ( 'NONE', #1348, #8507, #8894, .T. ) ;
#6475 = EDGE_LOOP ( 'NONE', ( #1251, #5231, #10427, #4285 ) ) ;
#6476 = ORIENTED_EDGE ( 'NONE', *, *, #2036, .F. ) ;
#6477 = ORIENTED_EDGE ( 'NONE', *, *, #6782, .F. ) ;
#6478 = AXIS2_PLACEMENT_3D ( 'NONE', #8259, #12077, #3502 ) ;
#6479 = FACE_OUTER_BOUND ( 'NONE', #1622, .T. ) ;
#6480 = AXIS2_PLACEMENT_3D ( 'NONE', #10993, #2413, #6217 ) ;
#6481 = ORIENTED_EDGE ( 'NONE', *, *, #271, .F. ) ;
#6482 = DIRECTION ( 'NONE',  ( -1.000000000000000000, -0.000000000000000000, -0.000000000000000000 ) ) ;
#6483 = DIRECTION ( 'NONE',  ( -1.000000000000000000, 0.000000000000000000, 0.000000000000000000 ) ) ;
#6484 = FACE_OUTER_BOUND ( 'NONE', #8084, .T. ) ;
#6485 = DIRECTION ( 'NONE',  ( -0.000000000000000000, -0.000000000000000000, 1.000000000000000000 ) ) ;
#6486 = CARTESIAN_POINT ( 'NONE',  ( 3.748380470424685029, -5.536446500142361948, -13.00000000000000000 ) ) ;
#6487 = AXIS2_PLACEMENT_3D ( 'NONE', #11316, #1867, #3733 ) ;
#6488 = EDGE_CURVE ( 'NONE', #1254, #10811, #3627, .T. ) ;
#6489 = VECTOR ( 'NONE', #7081, 1000.000000000000000 ) ;
#6490 = ORIENTED_EDGE ( 'NONE', *, *, #4539, .T. ) ;
#6491 = ORIENTED_EDGE ( 'NONE', *, *, #10107, .T. ) ;
#6492 = DIRECTION ( 'NONE',  ( 1.000000000000000000, 0.000000000000000000, 6.650697032498941662E-16 ) ) ;
#6493 = PRODUCT_DEFINITION ( 'æœ', '', #10531, #3812 ) ;
#6494 = DIRECTION ( 'NONE',  ( 0.000000000000000000, 1.000000000000000000, 0.000000000000000000 ) ) ;
#6495 = EDGE_CURVE ( 'NONE', #3261, #8337, #10276, .T. ) ;
#6496 = PRODUCT_DEFINITION_FORMATION_WITH_SPECIFIED_SOURCE ( 'ä»', '', #536, .NOT_KNOWN. ) ;
#6497 = VERTEX_POINT ( 'NONE', #12262 ) ;
#6498 = CIRCLE ( 'NONE', #9115, 5.195000000000000284 ) ;
#6499 = AXIS2_PLACEMENT_3D ( 'NONE', #190, #3252, #1260 ) ;
#6500 = DIRECTION ( 'NONE',  ( -1.000000000000000000, 0.000000000000000000, 0.000000000000000000 ) ) ;
#6501 = CARTESIAN_POINT ( 'NONE',  ( 18.29289321881345742, 0.000000000000000000, 20.70710678118654968 ) ) ;
#6502 = LINE ( 'NONE', #8569, #7069 ) ;
#6503 = DIRECTION ( 'NONE',  ( 0.000000000000000000, 0.000000000000000000, 1.000000000000000000 ) ) ;
#6504 = EDGE_CURVE ( 'NONE', #11805, #6384, #79, .T. ) ;
#6505 = CARTESIAN_POINT ( 'NONE',  ( -2.910000000000131148, 3.900000000000266809, -89.99999999999997158 ) ) ;
#6506 = UNCERTAINTY_MEASURE_WITH_UNIT (LENGTH_MEASURE( 1.000000000000000082E-05 ), #8719, 'distance_accuracy_value', 'NONE');
#6507 = ORIENTED_EDGE ( 'NONE', *, *, #2871, .F. ) ;
#6508 = ORIENTED_EDGE ( 'NONE', *, *, #58, .F. ) ;
#6509 = DIRECTION ( 'NONE',  ( -0.7071067811865475727, -0.000000000000000000, -0.7071067811865475727 ) ) ;
#6510 = ORIENTED_EDGE ( 'NONE', *, *, #4798, .T. ) ;
#6511 = DIRECTION ( 'NONE',  ( -0.000000000000000000, -0.000000000000000000, 1.000000000000000000 ) ) ;
#6512 = EDGE_LOOP ( 'NONE', ( #11901, #1526, #3981, #4573 ) ) ;
#6513 = CARTESIAN_POINT ( 'NONE',  ( -1.964042965173695698, -4.809424105956108697, -13.00000000000000000 ) ) ;
#6514 = CARTESIAN_POINT ( 'NONE',  ( 3.893413252308146166, -4.598038521668920353, -13.00000000000000000 ) ) ;
#6515 = AXIS2_PLACEMENT_3D ( 'NONE', #6713, #1536, #6277 ) ;
#6516 = DIRECTION ( 'NONE',  ( 0.000000000000000000, 0.000000000000000000, 1.000000000000000000 ) ) ;
#6517 = CARTESIAN_POINT ( 'NONE',  ( 37.60000000000000853, 8.651421356237307236, 2.246827147479225888E-14 ) ) ;
#6518 = CARTESIAN_POINT ( 'NONE',  ( 22.20000000000000284, 3.449999999999994849, 1.602627944162880791 ) ) ;
#6519 = ORIENTED_EDGE ( 'NONE', *, *, #5076, .F. ) ;
#6520 = CARTESIAN_POINT ( 'NONE',  ( -19.99999999999999645, 0.1999999999999987899, 17.58578643762692195 ) ) ;
#6521 = EDGE_LOOP ( 'NONE', ( #3217, #2477, #3503, #1037 ) ) ;
#6522 = CIRCLE ( 'NONE', #6911, 0.7999999999999986011 ) ;
#6523 = CARTESIAN_POINT ( 'NONE',  ( -1.991491178014988872, -6.382519791421604971, -13.00000000000000000 ) ) ;
#6524 = CARTESIAN_POINT ( 'NONE',  ( 6.022394731077293173, 0.1771629280985722033, -13.00000000000000000 ) ) ;
#6525 = ORIENTED_EDGE ( 'NONE', *, *, #6431, .F. ) ;
#6526 = CYLINDRICAL_SURFACE ( 'NONE', #1209, 5.195000000000000284 ) ;
#6527 = EDGE_CURVE ( 'NONE', #10694, #11650, #9498, .T. ) ;
#6528 = LINE ( 'NONE', #2609, #12231 ) ;
#6529 = CARTESIAN_POINT ( 'NONE',  ( 0.000000000000000000, 0.000000000000000000, -13.00000000000000000 ) ) ;
#6530 = CARTESIAN_POINT ( 'NONE',  ( 5.349122049243778321, 2.772637427124943876, -2.000000000000000000 ) ) ;
#6531 = AXIS2_PLACEMENT_3D ( 'NONE', #8488, #12315, #10450 ) ;
#6532 = CARTESIAN_POINT ( 'NONE',  ( 4.074351959469354689, 4.811723299439424117, -13.00000000000000000 ) ) ;
#6533 = VERTEX_POINT ( 'NONE', #7626 ) ;
#6534 = EDGE_LOOP ( 'NONE', ( #2909, #10652, #537, #2810 ) ) ;
#6535 = DIRECTION ( 'NONE',  ( -0.000000000000000000, -0.000000000000000000, 1.000000000000000000 ) ) ;
#6536 = EDGE_LOOP ( 'NONE', ( #5816, #674, #7519, #4905 ) ) ;
#6537 = AXIS2_PLACEMENT_3D ( 'NONE', #2520, #10159, #1582 ) ;
#6538 = AXIS2_PLACEMENT_3D ( 'NONE', #1449, #5305, #9070 ) ;
#6539 = CARTESIAN_POINT ( 'NONE',  ( -3.899999999999465228, 0.5200000000001527845, -870.0000000000000000 ) ) ;
#6540 = ORIENTED_EDGE ( 'NONE', *, *, #12237, .T. ) ;
#6541 = EDGE_CURVE ( 'NONE', #11797, #10495, #3817, .T. ) ;
#6542 = CARTESIAN_POINT ( 'NONE',  ( -1.583135775599255224, -6.103007956411145685, -13.00000000000000000 ) ) ;
#6543 = EDGE_CURVE ( 'NONE', #3327, #9049, #3748, .T. ) ;
#6544 = DIRECTION ( 'NONE',  ( -1.000000000000000000, 0.000000000000000000, 0.000000000000000000 ) ) ;
#6545 = EDGE_CURVE ( 'NONE', #5457, #2668, #9583, .T. ) ;
#6546 = CARTESIAN_POINT ( 'NONE',  ( 3.100000000000363798, 8.000000000000000000, -870.0000000000000000 ) ) ;
#6547 = DIRECTION ( 'NONE',  ( -1.000000000000000000, 0.000000000000000000, 0.000000000000000000 ) ) ;
#6548 = DIRECTION ( 'NONE',  ( -0.7071067811865474617, 0.000000000000000000, 0.7071067811865474617 ) ) ;
#6549 = CARTESIAN_POINT ( 'NONE',  ( -17.58578643762690774, 7.800000000000001599, -21.00000000000000000 ) ) ;
#6550 = AXIS2_PLACEMENT_3D ( 'NONE', #4781, #1975, #2965 ) ;
#6551 = VECTOR ( 'NONE', #9836, 1000.000000000000000 ) ;
#6552 = AXIS2_PLACEMENT_3D ( 'NONE', #3989, #4909, #7667 ) ;
#6553 = ORIENTED_EDGE ( 'NONE', *, *, #11154, .T. ) ;
#6554 = ITEM_DEFINED_TRANSFORMATION ( 'NONE', 'NONE', #1933,  #11368 ) ;
#6555 = EDGE_LOOP ( 'NONE', ( #10742, #10415, #4083, #10762 ) ) ;
#6556 = DIRECTION ( 'NONE',  ( -0.000000000000000000, -0.000000000000000000, -1.000000000000000000 ) ) ;
#6557 = CARTESIAN_POINT ( 'NONE',  ( -5.251577878682484268, -3.035097204594767728, -13.00000000000000000 ) ) ;
#6558 = VECTOR ( 'NONE', #9340, 1000.000000000000000 ) ;
#6559 = ORIENTED_EDGE ( 'NONE', *, *, #4027, .T. ) ;
#6560 = VECTOR ( 'NONE', #969, 1000.000000000000000 ) ;
#6561 = AXIS2_PLACEMENT_3D ( 'NONE', #4302, #8116, #11942 ) ;
#6562 = AXIS2_PLACEMENT_3D ( 'NONE', #10190, #8468, #12111 ) ;
#6563 = ADVANCED_FACE ( 'NONE', ( #11458 ), #12322, .T. ) ;
#6564 = DIRECTION ( 'NONE',  ( -0.000000000000000000, -0.000000000000000000, 1.000000000000000000 ) ) ;
#6565 = CARTESIAN_POINT ( 'NONE',  ( 18.29289321881346808, 0.1999999999999987899, -20.70710678118654968 ) ) ;
#6566 = DIRECTION ( 'NONE',  ( -0.7071067811865474617, 0.000000000000000000, 0.7071067811865474617 ) ) ;
#6567 = DIRECTION ( 'NONE',  ( -0.000000000000000000, 1.000000000000000000, 0.000000000000000000 ) ) ;
#6568 = CARTESIAN_POINT ( 'NONE',  ( 15.47157287525383396, 32.00000000000000000, -20.70000000000000284 ) ) ;
#6569 = EDGE_CURVE ( 'NONE', #10202, #3856, #11103, .T. ) ;
#6570 = AXIS2_PLACEMENT_3D ( 'NONE', #11775, #10903, #9838 ) ;
#6571 = AXIS2_PLACEMENT_3D ( 'NONE', #1669, #8282, #1545 ) ;
#6572 = ORIENTED_EDGE ( 'NONE', *, *, #5590, .T. ) ;
#6573 = ORIENTED_EDGE ( 'NONE', *, *, #1650, .T. ) ;
#6574 = CARTESIAN_POINT ( 'NONE',  ( 20.80000000000000426, 32.00000000000000000, 17.58578643762692550 ) ) ;
#6575 = ORIENTED_EDGE ( 'NONE', *, *, #2278, .F. ) ;
#6576 = CARTESIAN_POINT ( 'NONE',  ( 0.000000000000000000, 0.000000000000000000, 0.000000000000000000 ) ) ;
#6577 = DIRECTION ( 'NONE',  ( 1.000000000000000000, 3.325348516249470831E-16, 3.325348516249482664E-16 ) ) ;
#6578 = EDGE_LOOP ( 'NONE', ( #6020, #10625, #8280, #11224 ) ) ;
#6579 = VECTOR ( 'NONE', #1936, 1000.000000000000000 ) ;
#6580 = VECTOR ( 'NONE', #4187, 1000.000000000000114 ) ;
#6581 = LINE ( 'NONE', #5699, #10455 ) ;
#6582 = DIRECTION ( 'NONE',  ( 0.000000000000000000, 0.000000000000000000, -1.000000000000000000 ) ) ;
#6583 = DIRECTION ( 'NONE',  ( 0.7071067811865372477, 0.000000000000000000, 0.7071067811865577868 ) ) ;
#6584 = DIRECTION ( 'NONE',  ( 0.4997224534898178638, -0.8661855860484616310, 0.000000000000000000 ) ) ;
#6585 = DIRECTION ( 'NONE',  ( -1.000000000000000000, 0.000000000000000000, 0.000000000000000000 ) ) ;
#6586 = ORIENTED_EDGE ( 'NONE', *, *, #9184, .T. ) ;
#6587 = AXIS2_PLACEMENT_3D ( 'NONE', #4596, #11297, #1728 ) ;
#6588 = VECTOR ( 'NONE', #1992, 1000.000000000000000 ) ;
#6589 = ORIENTED_EDGE ( 'NONE', *, *, #4028, .T. ) ;
#6590 = ADVANCED_FACE ( 'NONE', ( #10334, #12203 ), #5563, .F. ) ;
#6591 = DIRECTION ( 'NONE',  ( 0.000000000000000000, 0.000000000000000000, -1.000000000000000000 ) ) ;
#6592 = LINE ( 'NONE', #9721, #1188 ) ;
#6593 = EDGE_LOOP ( 'NONE', ( #6223 ) ) ;
#6594 = DIRECTION ( 'NONE',  ( -0.000000000000000000, -1.000000000000000000, -0.000000000000000000 ) ) ;
#6595 = DIRECTION ( 'NONE',  ( 0.000000000000000000, 0.000000000000000000, -1.000000000000000000 ) ) ;
#6596 = AXIS2_PLACEMENT_3D ( 'NONE', #538, #7407, #2608 ) ;
#6597 = DIRECTION ( 'NONE',  ( 1.000000000000000000, 0.000000000000000000, 0.000000000000000000 ) ) ;
#6598 = FACE_OUTER_BOUND ( 'NONE', #1573, .T. ) ;
#6599 = FACE_OUTER_BOUND ( 'NONE', #3692, .T. ) ;
#6600 = EDGE_CURVE ( 'NONE', #10426, #8829, #9397, .T. ) ;
#6601 = ORIENTED_EDGE ( 'NONE', *, *, #9732, .F. ) ;
#6602 = EDGE_LOOP ( 'NONE', ( #3337 ) ) ;
#6603 = ADVANCED_FACE ( 'NONE', ( #10459 ), #9891, .T. ) ;
#6604 = AXIS2_PLACEMENT_3D ( 'NONE', #6576, #11414, #8393 ) ;
#6605 = LINE ( 'NONE', #9437, #8374 ) ;
#6606 = EDGE_LOOP ( 'NONE', ( #10351 ) ) ;
#6607 = DIRECTION ( 'NONE',  ( -0.000000000000000000, 1.000000000000000000, -0.000000000000000000 ) ) ;
#6608 = ORIENTED_EDGE ( 'NONE', *, *, #711, .F. ) ;
#6609 = DIRECTION ( 'NONE',  ( 1.000000000000000000, 0.000000000000000000, 0.000000000000000000 ) ) ;
#6610 = DIRECTION ( 'NONE',  ( 0.000000000000000000, 0.000000000000000000, 1.000000000000000000 ) ) ;
#6611 = DIRECTION ( 'NONE',  ( 1.000000000000000000, 0.000000000000000000, 0.000000000000000000 ) ) ;
#6612 = DIRECTION ( 'NONE',  ( 1.000000000000000000, 0.000000000000000000, 0.000000000000000000 ) ) ;
#6613 = CARTESIAN_POINT ( 'NONE',  ( 5.758592769118958898, -2.567417831100120562, -13.00000000000000000 ) ) ;
#6614 = DIRECTION ( 'NONE',  ( 1.000000000000000000, 0.000000000000000000, 3.325348516249470831E-16 ) ) ;
#6615 = ORIENTED_EDGE ( 'NONE', *, *, #6228, .T. ) ;
#6616 = EDGE_CURVE ( 'NONE', #6533, #8055, #6075, .T. ) ;
#6617 = ORIENTED_EDGE ( 'NONE', *, *, #10515, .F. ) ;
#6618 = EDGE_CURVE ( 'NONE', #3068, #5075, #998, .T. ) ;
#6619 = DIRECTION ( 'NONE',  ( -0.000000000000000000, -0.000000000000000000, 1.000000000000000000 ) ) ;
#6620 = FACE_OUTER_BOUND ( 'NONE', #7960, .T. ) ;
#6621 = AXIS2_PLACEMENT_3D ( 'NONE', #3348, #6039, #11870 ) ;
#6622 = ORIENTED_EDGE ( 'NONE', *, *, #768, .T. ) ;
#6623 = CARTESIAN_POINT ( 'NONE',  ( 3.900000000000319655, -2.909999999999855369, -89.99999999999997158 ) ) ;
#6624 = CARTESIAN_POINT ( 'NONE',  ( -10.00000000000000000, -3.599999999999909051, -870.0000000000000000 ) ) ;
#6625 = DIRECTION ( 'NONE',  ( -0.000000000000000000, -0.000000000000000000, 1.000000000000000000 ) ) ;
#6626 = APPLICATION_CONTEXT ( 'automotive_design' ) ;
#6627 = DIRECTION ( 'NONE',  ( 0.000000000000000000, 0.000000000000000000, 1.000000000000000000 ) ) ;
#6628 = DIRECTION ( 'NONE',  ( -1.000000000000000000, 0.000000000000000000, 0.000000000000000000 ) ) ;
#6629 = AXIS2_PLACEMENT_3D ( 'NONE', #9345, #11284, #2702 ) ;
#6630 = ORIENTED_EDGE ( 'NONE', *, *, #3858, .F. ) ;
#6631 = ADVANCED_FACE ( 'NONE', ( #3876 ), #9328, .T. ) ;
#6632 = VERTEX_POINT ( 'NONE', #3111 ) ;
#6633 = VERTEX_POINT ( 'NONE', #4003 ) ;
#6634 = LINE ( 'NONE', #12214, #7557 ) ;
#6635 = EDGE_LOOP ( 'NONE', ( #10226 ) ) ;
#6636 = CARTESIAN_POINT ( 'NONE',  ( 18.29289321881345742, 32.00000000000000000, 20.70710678118654968 ) ) ;
#6637 = EDGE_CURVE ( 'NONE', #2775, #8098, #11488, .T. ) ;
#6638 = FACE_OUTER_BOUND ( 'NONE', #9866, .T. ) ;
#6639 = ORIENTED_EDGE ( 'NONE', *, *, #1025, .T. ) ;
#6640 = CIRCLE ( 'NONE', #9058, 1.975000000000026290 ) ;
#6641 = DIRECTION ( 'NONE',  ( 0.000000000000000000, 1.000000000000000000, -0.000000000000000000 ) ) ;
#6642 = CARTESIAN_POINT ( 'NONE',  ( 8.000000000000216716, 5.500000000000284217, -870.0000000000000000 ) ) ;
#6643 = CARTESIAN_POINT ( 'NONE',  ( -1.991491178014988872, -6.382519791421604971, -13.00000000000000000 ) ) ;
#6644 = DIRECTION ( 'NONE',  ( -0.5004443416175766712, -0.8657687109978913220, 0.000000000000000000 ) ) ;
#6645 = VERTEX_POINT ( 'NONE', #5765 ) ;
#6646 = ORIENTED_EDGE ( 'NONE', *, *, #10154, .F. ) ;
#6647 = ADVANCED_FACE ( 'NONE', ( #7742, #2996 ), #6924, .F. ) ;
#6648 = ORIENTED_EDGE ( 'NONE', *, *, #7912, .T. ) ;
#6649 = DIRECTION ( 'NONE',  ( 1.000000000000000000, 0.000000000000000000, 0.000000000000000000 ) ) ;
#6650 = DIRECTION ( 'NONE',  ( 0.000000000000000000, 0.000000000000000000, 1.000000000000000000 ) ) ;
#6651 = ORIENTED_EDGE ( 'NONE', *, *, #1116, .T. ) ;
#6652 = FACE_BOUND ( 'NONE', #6593, .T. ) ;
#6653 = EDGE_CURVE ( 'NONE', #9511, #9647, #2251, .T. ) ;
#6654 = DIRECTION ( 'NONE',  ( 0.000000000000000000, -1.000000000000000000, 0.000000000000000000 ) ) ;
#6655 = CARTESIAN_POINT ( 'NONE',  ( -20.56568542494924046, 0.000000000000000000, -18.15147186257615886 ) ) ;
#6656 = CARTESIAN_POINT ( 'NONE',  ( -1.964042965173695698, -4.809424105956108697, -2.000000000000000000 ) ) ;
#6657 = CARTESIAN_POINT ( 'NONE',  ( -5.500000000000000000, 8.000000000000000000, -870.0000000000000000 ) ) ;
#6658 = ORIENTED_EDGE ( 'NONE', *, *, #11078, .F. ) ;
#6659 = ORIENTED_EDGE ( 'NONE', *, *, #11866, .T. ) ;
#6660 =( NAMED_UNIT ( * ) SI_UNIT ( $, .STERADIAN. ) SOLID_ANGLE_UNIT ( ) );
#6661 = ORIENTED_EDGE ( 'NONE', *, *, #5257, .T. ) ;
#6662 = CYLINDRICAL_SURFACE ( 'NONE', #5789, 1.310500000000000886 ) ;
#6663 = ORIENTED_EDGE ( 'NONE', *, *, #3884, .T. ) ;
#6664 = CARTESIAN_POINT ( 'NONE',  ( 18.15147186257614464, 0.2000000000000000111, 20.56568542494923690 ) ) ;
#6665 = DIRECTION ( 'NONE',  ( -0.000000000000000000, -0.000000000000000000, 1.000000000000000000 ) ) ;
#6666 = DIRECTION ( 'NONE',  ( -0.000000000000000000, -0.000000000000000000, -1.000000000000000000 ) ) ;
#6667 = CARTESIAN_POINT ( 'NONE',  ( -17.58578643762690774, 7.800000000000001599, -20.00000000000000000 ) ) ;
#6668 = FACE_OUTER_BOUND ( 'NONE', #11436, .T. ) ;
#6669 = FACE_OUTER_BOUND ( 'NONE', #11820, .T. ) ;
#6670 = VERTEX_POINT ( 'NONE', #108 ) ;
#6671 = CONTEXT_DEPENDENT_SHAPE_REPRESENTATION ( #473, #8022 ) ;
#6672 = CIRCLE ( 'NONE', #1507, 1.974999999999983658 ) ;
#6673 = ORIENTED_EDGE ( 'NONE', *, *, #6734, .F. ) ;
#6674 = CIRCLE ( 'NONE', #5865, 0.2000000000000002887 ) ;
#6675 = DIRECTION ( 'NONE',  ( -1.000000000000000000, 0.000000000000000000, 0.000000000000000000 ) ) ;
#6676 = LINE ( 'NONE', #10511, #6579 ) ;
#6677 = ORIENTED_EDGE ( 'NONE', *, *, #8108, .T. ) ;
#6678 = DIRECTION ( 'NONE',  ( 0.000000000000000000, 0.000000000000000000, -1.000000000000000000 ) ) ;
#6679 = CARTESIAN_POINT ( 'NONE',  ( -21.00000000000000355, 32.00000000000000000, -17.58578643762691840 ) ) ;
#6680 = ADVANCED_FACE ( 'NONE', ( #2061, #1111 ), #8941, .T. ) ;
#6681 =( NAMED_UNIT ( * ) SI_UNIT ( $, .STERADIAN. ) SOLID_ANGLE_UNIT ( ) );
#6682 = LINE ( 'NONE', #8443, #4182 ) ;
#6683 = TOROIDAL_SURFACE ( 'NONE', #8481, 10.69999999999999929, 0.2999999999999999889 ) ;
#6684 = ORIENTED_EDGE ( 'NONE', *, *, #1116, .F. ) ;
#6685 = ORIENTED_EDGE ( 'NONE', *, *, #9615, .F. ) ;
#6686 = AXIS2_PLACEMENT_3D ( 'NONE', #3703, #127, #4825 ) ;
#6687 = EDGE_LOOP ( 'NONE', ( #11102 ) ) ;
#6688 = VECTOR ( 'NONE', #12151, 1000.000000000000000 ) ;
#6689 = DIRECTION ( 'NONE',  ( -0.000000000000000000, 1.000000000000000000, -0.000000000000000000 ) ) ;
#6690 = EDGE_LOOP ( 'NONE', ( #407, #5510 ) ) ;
#6691 = PLANE ( 'NONE',  #11030 ) ;
#6692 = LINE ( 'NONE', #10529, #484 ) ;
#6693 = EDGE_LOOP ( 'NONE', ( #5709, #9175, #9484, #5914 ) ) ;
#6694 = ADVANCED_FACE ( 'NONE', ( #1054 ), #6993, .T. ) ;
#6695 = DIRECTION ( 'NONE',  ( -1.000000000000000000, 0.000000000000000000, 0.000000000000000000 ) ) ;
#6696 = DIRECTION ( 'NONE',  ( -0.7071067811865492381, 0.000000000000000000, 0.7071067811865459074 ) ) ;
#6697 = EDGE_CURVE ( 'NONE', #3479, #1778, #7926, .T. ) ;
#6698 = EDGE_CURVE ( 'NONE', #6302, #3539, #11758, .T. ) ;
#6699 = CYLINDRICAL_SURFACE ( 'NONE', #10581, 1.975000000000003197 ) ;
#6700 = FILL_AREA_STYLE ('',( #11765 ) ) ;
#6701 = CARTESIAN_POINT ( 'NONE',  ( 5.000000000000004441, 0.000000000000000000, 2.500000000000000000 ) ) ;
#6702 = ORIENTED_EDGE ( 'NONE', *, *, #2213, .T. ) ;
#6703 = VERTEX_POINT ( 'NONE', #5989 ) ;
#6704 = DIRECTION ( 'NONE',  ( 0.000000000000000000, 0.000000000000000000, 1.000000000000000000 ) ) ;
#6705 = CARTESIAN_POINT ( 'NONE',  ( 6.302273656338973851, 0.1853962260019083597, -13.00000000000000000 ) ) ;
#6706 = ORIENTED_EDGE ( 'NONE', *, *, #5835, .F. ) ;
#6707 = VECTOR ( 'NONE', #3316, 1000.000000000000000 ) ;
#6708 = CIRCLE ( 'NONE', #6313, 0.1999999999999987899 ) ;
#6709 = DIRECTION ( 'NONE',  ( -0.000000000000000000, -0.000000000000000000, -1.000000000000000000 ) ) ;
#6710 = DIRECTION ( 'NONE',  ( 0.000000000000000000, 1.000000000000000000, -0.000000000000000000 ) ) ;
#6711 = EDGE_CURVE ( 'NONE', #7213, #10785, #286, .T. ) ;
#6712 = CARTESIAN_POINT ( 'NONE',  ( -20.80000000000000071, 0.000000000000000000, 21.00000000000000355 ) ) ;
#6713 = CARTESIAN_POINT ( 'NONE',  ( 20.56568542494924401, 39.80000000000000426, -18.15147186257614464 ) ) ;
#6714 = DIRECTION ( 'NONE',  ( -0.000000000000000000, -0.000000000000000000, 1.000000000000000000 ) ) ;
#6715 = AXIS2_PLACEMENT_3D ( 'NONE', #1314, #5253, #9018 ) ;
#6716 = ADVANCED_FACE ( 'NONE', ( #2928, #9697 ), #1244, .T. ) ;
#6717 = VERTEX_POINT ( 'NONE', #2003 ) ;
#6718 = ORIENTED_EDGE ( 'NONE', *, *, #11896, .T. ) ;
#6719 =( LENGTH_UNIT ( ) NAMED_UNIT ( * ) SI_UNIT ( .MILLI., .METRE. ) );
#6720 = ORIENTED_EDGE ( 'NONE', *, *, #4267, .T. ) ;
#6721 = CARTESIAN_POINT ( 'NONE',  ( 0.3171893472501032263, 5.185307697522977932, -2.000000000000000000 ) ) ;
#6722 = ORIENTED_EDGE ( 'NONE', *, *, #9692, .T. ) ;
#6723 = LINE ( 'NONE', #2976, #9633 ) ;
#6724 = VECTOR ( 'NONE', #1165, 1000.000000000000000 ) ;
#6725 = DIRECTION ( 'NONE',  ( 0.7071067811865492381, 0.000000000000000000, -0.7071067811865459074 ) ) ;
#6726 = DIRECTION ( 'NONE',  ( 1.000000000000000000, 0.000000000000000000, 0.000000000000000000 ) ) ;
#6727 = PLANE ( 'NONE',  #898 ) ;
#6728 = LINE ( 'NONE', #8734, #9202 ) ;
#6729 = LINE ( 'NONE', #804, #10147 ) ;
#6730 = ORIENTED_EDGE ( 'NONE', *, *, #8405, .F. ) ;
#6731 = ORIENTED_EDGE ( 'NONE', *, *, #9388, .F. ) ;
#6732 = VECTOR ( 'NONE', #11697, 1000.000000000000000 ) ;
#6733 = LINE ( 'NONE', #10640, #10777 ) ;
#6734 = EDGE_CURVE ( 'NONE', #5336, #2668, #5113, .T. ) ;
#6735 = DIRECTION ( 'NONE',  ( 0.000000000000000000, 0.000000000000000000, -1.000000000000000000 ) ) ;
#6736 = ORIENTED_EDGE ( 'NONE', *, *, #7845, .F. ) ;
#6737 = DIRECTION ( 'NONE',  ( 0.000000000000000000, -1.000000000000000000, -0.000000000000000000 ) ) ;
#6738 = CARTESIAN_POINT ( 'NONE',  ( 15.47157287525383396, 32.00000000000000000, -20.70000000000000284 ) ) ;
#6739 = LINE ( 'NONE', #1000, #5285 ) ;
#6740 = AXIS2_PLACEMENT_3D ( 'NONE', #1467, #4393, #11967 ) ;
#6741 = CARTESIAN_POINT ( 'NONE',  ( -0.3263478462082388676, -5.335027842783508056, -13.00000000000000000 ) ) ;
#6742 = VECTOR ( 'NONE', #8546, 1000.000000000000000 ) ;
#6743 = SHAPE_REPRESENTATION_RELATIONSHIP ( 'NONE' , 'NONE' ,  #7719, #8779 ) ;
#6744 = ORIENTED_EDGE ( 'NONE', *, *, #11830, .F. ) ;
#6745 = AXIS2_PLACEMENT_3D ( 'NONE', #5870, #4935, #4016 ) ;
#6746 = ORIENTED_EDGE ( 'NONE', *, *, #11244, .F. ) ;
#6747 = EDGE_CURVE ( 'NONE', #6811, #10118, #5055, .T. ) ;
#6748 = CIRCLE ( 'NONE', #2572, 1.975000000000026290 ) ;
#6749 = ORIENTED_EDGE ( 'NONE', *, *, #4706, .F. ) ;
#6750 = CIRCLE ( 'NONE', #9773, 0.2799999999999994160 ) ;
#6751 = EDGE_CURVE ( 'NONE', #10854, #10854, #10487, .T. ) ;
#6752 = CARTESIAN_POINT ( 'NONE',  ( -18.15147186257615530, 39.80000000000000426, 20.56568542494924046 ) ) ;
#6753 = EDGE_LOOP ( 'NONE', ( #12035, #6034, #2162, #10317 ) ) ;
#6754 = CARTESIAN_POINT ( 'NONE',  ( 15.49999999999996447, 35.50000000000000711, 15.49999999999999822 ) ) ;
#6755 = LINE ( 'NONE', #7446, #5892 ) ;
#6756 = ORIENTED_EDGE ( 'NONE', *, *, #11065, .F. ) ;
#6757 = CARTESIAN_POINT ( 'NONE',  ( -1.790414966635720750, -5.795282521538791087, -13.00000000000000000 ) ) ;
#6758 = VERTEX_POINT ( 'NONE', #6861 ) ;
#6759 = DIRECTION ( 'NONE',  ( 1.000000000000000000, 9.035018104045165147E-14, -0.000000000000000000 ) ) ;
#6760 = CIRCLE ( 'NONE', #9984, 1.000000000000000888 ) ;
#6761 = CARTESIAN_POINT ( 'NONE',  ( -5.647239797928350846, 2.213496763471849871, -13.00000000000000000 ) ) ;
#6762 = AXIS2_PLACEMENT_3D ( 'NONE', #9332, #9691, #11640 ) ;
#6763 = VECTOR ( 'NONE', #1844, 1000.000000000000000 ) ;
#6764 = CARTESIAN_POINT ( 'NONE',  ( 2.100000000000004086, -24.99999999999999645, 5.000000000000000000 ) ) ;
#6765 = ORIENTED_EDGE ( 'NONE', *, *, #6444, .F. ) ;
#6766 = EDGE_CURVE ( 'NONE', #2805, #8651, #10701, .T. ) ;
#6767 = EDGE_CURVE ( 'NONE', #5578, #3665, #495, .T. ) ;
#6768 = ORIENTED_EDGE ( 'NONE', *, *, #9814, .T. ) ;
#6769 = AXIS2_PLACEMENT_3D ( 'NONE', #933, #7623, #4741 ) ;
#6770 = DIRECTION ( 'NONE',  ( -0.000000000000000000, -0.000000000000000000, 1.000000000000000000 ) ) ;
#6771 = ORIENTED_EDGE ( 'NONE', *, *, #2860, .T. ) ;
#6772 = AXIS2_PLACEMENT_3D ( 'NONE', #6440, #12030, #4324 ) ;
#6773 = CIRCLE ( 'NONE', #5382, 6.500000000000000888 ) ;
#6774 = CARTESIAN_POINT ( 'NONE',  ( -2.765084621276051675E-13, 3.600000000000085798, -870.0000000000000000 ) ) ;
#6775 = CYLINDRICAL_SURFACE ( 'NONE', #843, 1.499999999999999556 ) ;
#6776 = CARTESIAN_POINT ( 'NONE',  ( -17.58578643762691485, 32.00000000000000000, 21.00000000000000355 ) ) ;
#6777 = CARTESIAN_POINT ( 'NONE',  ( -1.512829983820065616, -5.831978261281069997, -2.000000000000000000 ) ) ;
#6778 = CARTESIAN_POINT ( 'NONE',  ( -4.127586995253213153, 4.444537192309537588, -13.00000000000000000 ) ) ;
#6779 = VECTOR ( 'NONE', #106, 1000.000000000000000 ) ;
#6780 = AXIS2_PLACEMENT_3D ( 'NONE', #9355, #12291, #4594 ) ;
#6781 = ORIENTED_EDGE ( 'NONE', *, *, #5106, .F. ) ;
#6782 = EDGE_CURVE ( 'NONE', #648, #7326, #6672, .T. ) ;
#6783 = VERTEX_POINT ( 'NONE', #11946 ) ;
#6784 = CYLINDRICAL_SURFACE ( 'NONE', #7776, 2.500000000000000000 ) ;
#6785 = ORIENTED_EDGE ( 'NONE', *, *, #5632, .T. ) ;
#6786 = LINE ( 'NONE', #9677, #7784 ) ;
#6787 = AXIS2_PLACEMENT_3D ( 'NONE', #4044, #7853, #10002 ) ;
#6788 = ORIENTED_EDGE ( 'NONE', *, *, #3254, .T. ) ;
#6789 = LINE ( 'NONE', #9626, #8416 ) ;
#6790 = ADVANCED_FACE ( 'NONE', ( #10022 ), #6303, .F. ) ;
#6791 = CARTESIAN_POINT ( 'NONE',  ( -15.47157287525383396, 8.000000000000000000, -20.70000000000000639 ) ) ;
#6792 = FACE_OUTER_BOUND ( 'NONE', #3740, .T. ) ;
#6793 = DIRECTION ( 'NONE',  ( 0.000000000000000000, 0.000000000000000000, -1.000000000000000000 ) ) ;
#6794 = CARTESIAN_POINT ( 'NONE',  ( -2.608811078263818306, 4.665096971974748818, -13.00000000000000000 ) ) ;
#6795 = LINE ( 'NONE', #3231, #7922 ) ;
#6796 = ORIENTED_EDGE ( 'NONE', *, *, #7381, .F. ) ;
#6797 = AXIS2_PLACEMENT_3D ( 'NONE', #1336, #207, #265 ) ;
#6798 = VERTEX_POINT ( 'NONE', #7116 ) ;
#6799 = EDGE_CURVE ( 'NONE', #6955, #1787, #2376, .T. ) ;
#6800 = CARTESIAN_POINT ( 'NONE',  ( 9.000000000000000000, 0.000000000000000000, 0.000000000000000000 ) ) ;
#6801 = DIRECTION ( 'NONE',  ( -0.000000000000000000, -0.000000000000000000, 1.000000000000000000 ) ) ;
#6802 = ORIENTED_EDGE ( 'NONE', *, *, #6169, .T. ) ;
#6803 = DIRECTION ( 'NONE',  ( 8.260587980841986851E-17, 0.000000000000000000, 1.000000000000000000 ) ) ;
#6804 = AXIS2_PLACEMENT_3D ( 'NONE', #10167, #11109, #7392 ) ;
#6805 = DIRECTION ( 'NONE',  ( 0.000000000000000000, 0.000000000000000000, 1.000000000000000000 ) ) ;
#6806 = CARTESIAN_POINT ( 'NONE',  ( 0.000000000000000000, 0.000000000000000000, 0.000000000000000000 ) ) ;
#6807 = FACE_OUTER_BOUND ( 'NONE', #12250, .T. ) ;
#6808 = EDGE_CURVE ( 'NONE', #2114, #11075, #2555, .T. ) ;
#6809 = ORIENTED_EDGE ( 'NONE', *, *, #4779, .F. ) ;
#6810 = CIRCLE ( 'NONE', #834, 5.194999999999999396 ) ;
#6811 = VERTEX_POINT ( 'NONE', #5304 ) ;
#6812 = ORIENTED_EDGE ( 'NONE', *, *, #10127, .F. ) ;
#6813 = DIRECTION ( 'NONE',  ( 0.000000000000000000, 0.000000000000000000, 1.000000000000000000 ) ) ;
#6814 = ORIENTED_EDGE ( 'NONE', *, *, #3595, .T. ) ;
#6815 = DIRECTION ( 'NONE',  ( -0.000000000000000000, -0.000000000000000000, 1.000000000000000000 ) ) ;
#6816 = CARTESIAN_POINT ( 'NONE',  ( -19.99999999999999645, 8.000000000000000000, 17.58578643762692195 ) ) ;
#6817 = EDGE_LOOP ( 'NONE', ( #404, #4428, #2292, #42 ) ) ;
#6818 = CARTESIAN_POINT ( 'NONE',  ( -1.583135775599255224, -6.103007956411145685, -13.00000000000000000 ) ) ;
#6819 = ORIENTED_EDGE ( 'NONE', *, *, #228, .F. ) ;
#6820 = DIRECTION ( 'NONE',  ( 0.7071067811865784369, 0.7071067811865167085, 0.000000000000000000 ) ) ;
#6821 = AXIS2_PLACEMENT_3D ( 'NONE', #139, #6710, #1971 ) ;
#6822 = FACE_OUTER_BOUND ( 'NONE', #3509, .T. ) ;
#6823 = EDGE_CURVE ( 'NONE', #5871, #4887, #4683, .T. ) ;
#6824 = VERTEX_POINT ( 'NONE', #131 ) ;
#6825 = ORIENTED_EDGE ( 'NONE', *, *, #3709, .T. ) ;
#6826 = ORIENTED_EDGE ( 'NONE', *, *, #5198, .F. ) ;
#6827 = AXIS2_PLACEMENT_3D ( 'NONE', #4961, #9726, #2843 ) ;
#6828 = DIRECTION ( 'NONE',  ( 1.000000000000000000, 0.000000000000000000, -8.260587980841938780E-17 ) ) ;
#6829 = EDGE_LOOP ( 'NONE', ( #389, #10242, #11003, #6630 ) ) ;
#6830 = DIRECTION ( 'NONE',  ( 1.000000000000000000, 0.000000000000000000, 0.000000000000000000 ) ) ;
#6831 = CARTESIAN_POINT ( 'NONE',  ( 0.3171893472501005617, -5.185307697522977932, -2.000000000000000000 ) ) ;
#6832 = DIRECTION ( 'NONE',  ( -0.000000000000000000, -0.000000000000000000, -1.000000000000000000 ) ) ;
#6833 = DIRECTION ( 'NONE',  ( -0.7071067811865474617, 0.000000000000000000, -0.7071067811865474617 ) ) ;
#6834 = EDGE_CURVE ( 'NONE', #5884, #1533, #6886, .T. ) ;
#6835 = PRESENTATION_STYLE_ASSIGNMENT (( #6411 ) ) ;
#6836 = EDGE_CURVE ( 'NONE', #2685, #2803, #8120, .T. ) ;
#6837 = ADVANCED_FACE ( 'NONE', ( #1501 ), #6185, .T. ) ;
#6838 = DIRECTION ( 'NONE',  ( 1.000000000000000000, 0.000000000000000000, 3.325348516249470831E-16 ) ) ;
#6839 = COLOUR_RGB ( '',0.7921568627450980005, 0.8196078431372548767, 0.9333333333333333481 ) ;
#6840 = SHAPE_REPRESENTATION ( '\X2\8fd052a8538b8f6e\X0\', ( #11368 ), #5120 ) ;
#6841 = ORIENTED_EDGE ( 'NONE', *, *, #7741, .F. ) ;
#6842 = EDGE_LOOP ( 'NONE', ( #3466 ) ) ;
#6843 = CARTESIAN_POINT ( 'NONE',  ( -20.70710678118653902, 0.000000000000000000, 18.29289321881346453 ) ) ;
#6844 = EDGE_LOOP ( 'NONE', ( #8284, #11649, #1594, #9027 ) ) ;
#6845 = FACE_OUTER_BOUND ( 'NONE', #9980, .T. ) ;
#6846 = DIRECTION ( 'NONE',  ( 0.000000000000000000, 0.000000000000000000, 1.000000000000000000 ) ) ;
#6847 = DIRECTION ( 'NONE',  ( 0.000000000000000000, -1.000000000000000000, 0.000000000000000000 ) ) ;
#6848 = PLANE ( 'NONE',  #2564 ) ;
#6849 = DIRECTION ( 'NONE',  ( 0.7071067811865425767, -0.7071067811865525687, 0.000000000000000000 ) ) ;
#6850 = ADVANCED_FACE ( 'NONE', ( #11081 ), #2443, .T. ) ;
#6851 = DIRECTION ( 'NONE',  ( 0.000000000000000000, 0.000000000000000000, 1.000000000000000000 ) ) ;
#6852 = EDGE_CURVE ( 'NONE', #3138, #8391, #8687, .T. ) ;
#6853 = DIRECTION ( 'NONE',  ( 0.000000000000000000, 0.000000000000000000, 1.000000000000000000 ) ) ;
#6854 = CARTESIAN_POINT ( 'NONE',  ( -3.748380470424706790, 5.536446500142362837, -13.00000000000000000 ) ) ;
#6855 = EDGE_LOOP ( 'NONE', ( #4595, #4055, #2210, #1484 ) ) ;
#6856 = APPLICATION_CONTEXT ( 'automotive_design' ) ;
#6857 = EDGE_LOOP ( 'NONE', ( #10229, #7072, #9242, #5768 ) ) ;
#6858 = DIRECTION ( 'NONE',  ( 0.000000000000000000, 0.000000000000000000, -1.000000000000000000 ) ) ;
#6859 = LINE ( 'NONE', #2119, #10394 ) ;
#6860 = VERTEX_POINT ( 'NONE', #10078 ) ;
#6861 = CARTESIAN_POINT ( 'NONE',  ( -9.500000000000000000, -3.599999999999909051, -89.99999999999997158 ) ) ;
#6862 = CARTESIAN_POINT ( 'NONE',  ( -24.99999999999999645, 0.000000000000000000, 10.00000000000000000 ) ) ;
#6863 = FACE_OUTER_BOUND ( 'NONE', #9657, .T. ) ;
#6864 = DIRECTION ( 'NONE',  ( 0.000000000000000000, -1.000000000000000000, 0.000000000000000000 ) ) ;
#6865 = ADVANCED_FACE ( 'NONE', ( #554 ), #4368, .T. ) ;
#6866 = AXIS2_PLACEMENT_3D ( 'NONE', #1952, #6511, #2942 ) ;
#6867 = CIRCLE ( 'NONE', #12276, 0.1999999999999987899 ) ;
#6868 = DIRECTION ( 'NONE',  ( 0.9591000727633872680, 1.070822345351186464E-16, 0.2830672189167536823 ) ) ;
#6869 = EDGE_LOOP ( 'NONE', ( #5284, #8846, #4791, #4002 ) ) ;
#6870 = EDGE_CURVE ( 'NONE', #5038, #7936, #2498, .T. ) ;
#6871 = ORIENTED_EDGE ( 'NONE', *, *, #5540, .T. ) ;
#6872 = ORIENTED_EDGE ( 'NONE', *, *, #1313, .T. ) ;
#6873 = LINE ( 'NONE', #8762, #11179 ) ;
#6874 = ORIENTED_EDGE ( 'NONE', *, *, #4948, .T. ) ;
#6875 = VECTOR ( 'NONE', #7433, 1000.000000000000000 ) ;
#6876 = DIRECTION ( 'NONE',  ( -1.000000000000000000, 0.000000000000000000, 0.000000000000000000 ) ) ;
#6877 = EDGE_CURVE ( 'NONE', #11500, #10019, #10137, .T. ) ;
#6878 = CIRCLE ( 'NONE', #3690, 0.1999999999999987899 ) ;
#6879 = DIRECTION ( 'NONE',  ( 0.000000000000000000, 0.000000000000000000, 1.000000000000000000 ) ) ;
#6880 = ORIENTED_EDGE ( 'NONE', *, *, #11485, .F. ) ;
#6881 = DIRECTION ( 'NONE',  ( -1.000000000000000000, -0.000000000000000000, -3.325348516249470831E-16 ) ) ;
#6882 = ORIENTED_EDGE ( 'NONE', *, *, #3324, .F. ) ;
#6883 = CARTESIAN_POINT ( 'NONE',  ( 1.583135775599253670, -6.103007956411143908, -2.000000000000000000 ) ) ;
#6884 = DIRECTION ( 'NONE',  ( 0.000000000000000000, 1.000000000000000000, 0.000000000000000000 ) ) ;
#6885 = VERTEX_POINT ( 'NONE', #8777 ) ;
#6886 = CIRCLE ( 'NONE', #8489, 1.000000000000000888 ) ;
#6887 = ORIENTED_EDGE ( 'NONE', *, *, #9335, .F. ) ;
#6888 = ORIENTED_EDGE ( 'NONE', *, *, #11629, .T. ) ;
#6889 = DIRECTION ( 'NONE',  ( -0.000000000000000000, -0.000000000000000000, -1.000000000000000000 ) ) ;
#6890 = ORIENTED_EDGE ( 'NONE', *, *, #9317, .F. ) ;
#6891 = CARTESIAN_POINT ( 'NONE',  ( 8.000000000000000000, 3.099999999999909051, -870.0000000000000000 ) ) ;
#6892 = EDGE_CURVE ( 'NONE', #11650, #2765, #5370, .T. ) ;
#6893 = DIRECTION ( 'NONE',  ( -1.000000000000000000, -1.814564305414821333E-16, 0.000000000000000000 ) ) ;
#6894 = CARTESIAN_POINT ( 'NONE',  ( 12.82917960675006164, -4.341640786499876725, 0.000000000000000000 ) ) ;
#6895 = AXIS2_PLACEMENT_3D ( 'NONE', #8926, #342, #2650 ) ;
#6896 = VECTOR ( 'NONE', #5128, 1000.000000000000000 ) ;
#6897 = CARTESIAN_POINT ( 'NONE',  ( -9.500000000000000000, 3.099999999999909051, -89.99999999999997158 ) ) ;
#6898 = DIRECTION ( 'NONE',  ( 0.000000000000000000, 0.000000000000000000, 1.000000000000000000 ) ) ;
#6899 = ORIENTED_EDGE ( 'NONE', *, *, #5276, .T. ) ;
#6900 = ORIENTED_EDGE ( 'NONE', *, *, #9487, .F. ) ;
#6901 = AXIS2_PLACEMENT_3D ( 'NONE', #5030, #269, #3148 ) ;
#6902 = DIRECTION ( 'NONE',  ( 1.813805391025462058E-16, -1.000000000000000000, 0.000000000000000000 ) ) ;
#6903 = EDGE_CURVE ( 'NONE', #185, #5364, #1628, .T. ) ;
#6904 = ORIENTED_EDGE ( 'NONE', *, *, #5345, .F. ) ;
#6905 = LINE ( 'NONE', #3282, #8381 ) ;
#6906 = EDGE_CURVE ( 'NONE', #7213, #8055, #10112, .T. ) ;
#6907 = PLANE ( 'NONE',  #4436 ) ;
#6908 = DIRECTION ( 'NONE',  ( -0.000000000000000000, -0.000000000000000000, -1.000000000000000000 ) ) ;
#6909 = CARTESIAN_POINT ( 'NONE',  ( 0.000000000000000000, 0.000000000000000000, 0.000000000000000000 ) ) ;
#6910 = CARTESIAN_POINT ( 'NONE',  ( -20.69999999999999574, 32.00000000000000000, 15.47157287525383218 ) ) ;
#6911 = AXIS2_PLACEMENT_3D ( 'NONE', #5117, #5188, #68 ) ;
#6912 = CARTESIAN_POINT ( 'NONE',  ( 10.00000000000000000, -8.500000000000000000, -870.0000000000000000 ) ) ;
#6913 = CYLINDRICAL_SURFACE ( 'NONE', #938, 1.974999999999998535 ) ;
#6914 = ORIENTED_EDGE ( 'NONE', *, *, #3800, .F. ) ;
#6915 = ORIENTED_EDGE ( 'NONE', *, *, #1822, .T. ) ;
#6916 = DIRECTION ( 'NONE',  ( -0.000000000000000000, -0.000000000000000000, -1.000000000000000000 ) ) ;
#6917 = AXIS2_PLACEMENT_3D ( 'NONE', #3058, #1382, #3117 ) ;
#6918 = EDGE_CURVE ( 'NONE', #2320, #5038, #1371, .T. ) ;
#6919 = EDGE_CURVE ( 'NONE', #8535, #11571, #2312, .T. ) ;
#6920 = VECTOR ( 'NONE', #11938, 1000.000000000000000 ) ;
#6921 = DIRECTION ( 'NONE',  ( -1.000000000000000000, 0.000000000000000000, 0.000000000000000000 ) ) ;
#6922 = EDGE_CURVE ( 'NONE', #4571, #3945, #9378, .T. ) ;
#6923 = VERTEX_POINT ( 'NONE', #12310 ) ;
#6924 = CYLINDRICAL_SURFACE ( 'NONE', #689, 17.50000000000000355 ) ;
#6925 = PLANE ( 'NONE',  #10358 ) ;
#6926 = FACE_BOUND ( 'NONE', #7066, .T. ) ;
#6927 = CARTESIAN_POINT ( 'NONE',  ( 20.00000000000000355, 5.000000000000000000, 0.000000000000000000 ) ) ;
#6928 = CIRCLE ( 'NONE', #1950, 1.974999999999980327 ) ;
#6929 = CARTESIAN_POINT ( 'NONE',  ( -12.32169614753735942, 4.067761670440409816, 1090.000000000000000 ) ) ;
#6930 = ORIENTED_EDGE ( 'NONE', *, *, #4814, .F. ) ;
#6931 = DIRECTION ( 'NONE',  ( -0.000000000000000000, 1.000000000000000000, -0.000000000000000000 ) ) ;
#6932 = ORIENTED_EDGE ( 'NONE', *, *, #8657, .T. ) ;
#6933 = EDGE_CURVE ( 'NONE', #645, #4147, #735, .T. ) ;
#6934 = DIRECTION ( 'NONE',  ( 0.000000000000000000, -1.000000000000000000, 0.000000000000000000 ) ) ;
#6935 = DIRECTION ( 'NONE',  ( 0.000000000000000000, -1.000000000000000000, -0.000000000000000000 ) ) ;
#6936 = ORIENTED_EDGE ( 'NONE', *, *, #11955, .F. ) ;
#6937 = VECTOR ( 'NONE', #1326, 1000.000000000000000 ) ;
#6938 = CIRCLE ( 'NONE', #9361, 5.194999999999999396 ) ;
#6939 = LINE ( 'NONE', #7943, #17 ) ;
#6940 = CARTESIAN_POINT ( 'NONE',  ( -2.000000000000000888, 49.00000000000000000, 1.499999999999999334 ) ) ;
#6941 = ORIENTED_EDGE ( 'NONE', *, *, #4196, .T. ) ;
#6942 = DIRECTION ( 'NONE',  ( -1.000000000000000000, 0.000000000000000000, 0.000000000000000000 ) ) ;
#6943 = ORIENTED_EDGE ( 'NONE', *, *, #1833, .T. ) ;
#6944 = LINE ( 'NONE', #5071, #6707 ) ;
#6945 = EDGE_CURVE ( 'NONE', #10093, #5718, #2513, .T. ) ;
#6946 = DIRECTION ( 'NONE',  ( -0.000000000000000000, -0.000000000000000000, -1.000000000000000000 ) ) ;
#6947 = CARTESIAN_POINT ( 'NONE',  ( 37.60000000000000853, 4.000000000000000000, -2.049999999999994937 ) ) ;
#6948 = VECTOR ( 'NONE', #8238, 1000.000000000000000 ) ;
#6949 = CIRCLE ( 'NONE', #11762, 0.7999999999999986011 ) ;
#6950 = ORIENTED_EDGE ( 'NONE', *, *, #6094, .F. ) ;
#6951 = TOROIDAL_SURFACE ( 'NONE', #3371, 0.8000000000000000444, 0.2000000000000000111 ) ;
#6952 = ORIENTED_EDGE ( 'NONE', *, *, #11363, .F. ) ;
#6953 = ADVANCED_FACE ( 'NONE', ( #861, #2624 ), #8360, .T. ) ;
#6954 = DIRECTION ( 'NONE',  ( 0.000000000000000000, -1.000000000000000000, 0.000000000000000000 ) ) ;
#6955 = VERTEX_POINT ( 'NONE', #3803 ) ;
#6956 = DIRECTION ( 'NONE',  ( 0.000000000000000000, 0.000000000000000000, 1.000000000000000000 ) ) ;
#6957 = CARTESIAN_POINT ( 'NONE',  ( 0.000000000000000000, 0.000000000000000000, -13.00000000000000000 ) ) ;
#6958 = CIRCLE ( 'NONE', #11367, 1.975000000000012301 ) ;
#6959 = AXIS2_PLACEMENT_3D ( 'NONE', #8918, #1281, #3150 ) ;
#6960 = DIRECTION ( 'NONE',  ( -0.000000000000000000, -0.000000000000000000, 1.000000000000000000 ) ) ;
#6961 = AXIS2_PLACEMENT_3D ( 'NONE', #9310, #617, #4480 ) ;
#6962 = VECTOR ( 'NONE', #3287, 1000.000000000000000 ) ;
#6963 = FACE_OUTER_BOUND ( 'NONE', #9079, .T. ) ;
#6964 = LINE ( 'NONE', #10808, #9382 ) ;
#6965 = EDGE_CURVE ( 'NONE', #9516, #9377, #3614, .T. ) ;
#6966 = ORIENTED_EDGE ( 'NONE', *, *, #11305, .F. ) ;
#6967 = AXIS2_PLACEMENT_3D ( 'NONE', #8892, #8133, #8199 ) ;
#6968 = VECTOR ( 'NONE', #7629, 1000.000000000000000 ) ;
#6969 = AXIS2_PLACEMENT_3D ( 'NONE', #2163, #11736, #4042 ) ;
#6970 = ORIENTED_EDGE ( 'NONE', *, *, #1683, .T. ) ;
#6971 = ORIENTED_EDGE ( 'NONE', *, *, #6049, .F. ) ;
#6972 = DIRECTION ( 'NONE',  ( 0.8657687109979865792, -0.5004443416174118031, 0.000000000000000000 ) ) ;
#6973 = ORIENTED_EDGE ( 'NONE', *, *, #1269, .F. ) ;
#6974 = FACE_OUTER_BOUND ( 'NONE', #2422, .T. ) ;
#6975 = ADVANCED_BREP_SHAPE_REPRESENTATION ( '', ( #8758, #11368 ), #12169 ) ;
#6976 = DIRECTION ( 'NONE',  ( -1.121232786067555918E-16, 0.000000000000000000, 1.000000000000000000 ) ) ;
#6977 = DIRECTION ( 'NONE',  ( 1.000000000000000000, 0.000000000000000000, 0.000000000000000000 ) ) ;
#6978 = AXIS2_PLACEMENT_3D ( 'NONE', #10576, #5679, #4921 ) ;
#6979 = CARTESIAN_POINT ( 'NONE',  ( -5.779348217812170674, -3.361804601292476935, -2.000000000000000000 ) ) ;
#6980 = VECTOR ( 'NONE', #8063, 1000.000000000000000 ) ;
#6981 = CIRCLE ( 'NONE', #5976, 0.2799999999999998601 ) ;
#6982 = FACE_OUTER_BOUND ( 'NONE', #1651, .T. ) ;
#6983 = DIRECTION ( 'NONE',  ( 0.7071067811865474617, 0.7071067811865474617, 0.000000000000000000 ) ) ;
#6984 = CARTESIAN_POINT ( 'NONE',  ( 20.80000000000000426, 39.80000000000000426, 17.58578643762692550 ) ) ;
#6985 = EDGE_CURVE ( 'NONE', #7749, #6077, #10445, .T. ) ;
#6986 = EDGE_CURVE ( 'NONE', #9998, #6955, #3671, .T. ) ;
#6987 = VERTEX_POINT ( 'NONE', #5545 ) ;
#6988 = VERTEX_POINT ( 'NONE', #7479 ) ;
#6989 = CIRCLE ( 'NONE', #6587, 1.975000000000018296 ) ;
#6990 = CARTESIAN_POINT ( 'NONE',  ( -25.00000000000000000, 24.99999999999999645, 0.000000000000000000 ) ) ;
#6991 = DIRECTION ( 'NONE',  ( 1.000000000000000000, 0.000000000000000000, 0.000000000000000000 ) ) ;
#6992 = EDGE_LOOP ( 'NONE', ( #5366 ) ) ;
#6993 = CYLINDRICAL_SURFACE ( 'NONE', #3284, 5.195000000000000284 ) ;
#6994 = CARTESIAN_POINT ( 'NONE',  ( 3.967618173362243983, 3.581484473009151959, -2.000000000000000000 ) ) ;
#6995 = CARTESIAN_POINT ( 'NONE',  ( -20.00000000000000355, 32.20000000000000284, -17.58578643762691840 ) ) ;
#6996 = DIRECTION ( 'NONE',  ( 0.000000000000000000, 0.000000000000000000, 1.000000000000000000 ) ) ;
#6997 = AXIS2_PLACEMENT_3D ( 'NONE', #9185, #7343, #1548 ) ;
#6998 = CARTESIAN_POINT ( 'NONE',  ( -3.599999999999454303, 9.500000000000000000, -870.0000000000000000 ) ) ;
#6999 = EDGE_CURVE ( 'NONE', #4470, #9528, #3694, .T. ) ;
#7000 = ADVANCED_FACE ( 'NONE', ( #4668 ), #800, .T. ) ;
#7001 = CARTESIAN_POINT ( 'NONE',  ( 20.67830385246263347, 4.067761670440419586, 1106.500000000000000 ) ) ;
#7002 = EDGE_LOOP ( 'NONE', ( #5012 ) ) ;
#7003 = CYLINDRICAL_SURFACE ( 'NONE', #9761, 0.2000000000000002887 ) ;
#7004 = ORIENTED_EDGE ( 'NONE', *, *, #3422, .T. ) ;
#7005 = CARTESIAN_POINT ( 'NONE',  ( 18.00000000000001421, 32.20000000000000284, -21.00000000000000355 ) ) ;
#7006 = VECTOR ( 'NONE', #1654, 1000.000000000000000 ) ;
#7007 = ORIENTED_EDGE ( 'NONE', *, *, #11490, .F. ) ;
#7008 = CARTESIAN_POINT ( 'NONE',  ( -20.99999999999999645, 39.80000000000000426, 20.80000000000000426 ) ) ;
#7009 = PLANE ( 'NONE',  #6499 ) ;
#7010 = ORIENTED_EDGE ( 'NONE', *, *, #7183, .F. ) ;
#7011 = CARTESIAN_POINT ( 'NONE',  ( 2.535598419378960244, -4.534177505969843480, -2.000000000000000000 ) ) ;
#7012 = ORIENTED_EDGE ( 'NONE', *, *, #3473, .F. ) ;
#7013 = DIRECTION ( 'NONE',  ( 0.000000000000000000, 0.000000000000000000, -1.000000000000000000 ) ) ;
#7014 = CARTESIAN_POINT ( 'NONE',  ( 37.60000000000000142, 4.000000000000000000, 4.651421356237312565 ) ) ;
#7015 = ADVANCED_FACE ( 'NONE', ( #4611 ), #10385, .T. ) ;
#7016 = VERTEX_POINT ( 'NONE', #1646 ) ;
#7017 = VERTEX_POINT ( 'NONE', #4730 ) ;
#7018 = EDGE_LOOP ( 'NONE', ( #6730, #8605, #4854, #4328 ) ) ;
#7019 = EDGE_CURVE ( 'NONE', #3979, #3395, #1907, .T. ) ;
#7020 = DIRECTION ( 'NONE',  ( 0.000000000000000000, 0.000000000000000000, 1.000000000000000000 ) ) ;
#7021 = VERTEX_POINT ( 'NONE', #10265 ) ;
#7022 = CARTESIAN_POINT ( 'NONE',  ( 4.563543104187650634, 4.886375992105099542, -13.00000000000000000 ) ) ;
#7023 = FACE_OUTER_BOUND ( 'NONE', #9837, .T. ) ;
#7024 = ORIENTED_EDGE ( 'NONE', *, *, #1744, .F. ) ;
#7025 = VECTOR ( 'NONE', #2663, 1000.000000000000000 ) ;
#7026 = DIRECTION ( 'NONE',  ( -0.000000000000000000, -0.000000000000000000, 1.000000000000000000 ) ) ;
#7027 = DIRECTION ( 'NONE',  ( 0.000000000000000000, 0.000000000000000000, 1.000000000000000000 ) ) ;
#7028 = DIRECTION ( 'NONE',  ( 0.000000000000000000, 0.000000000000000000, 1.000000000000000000 ) ) ;
#7029 = EDGE_CURVE ( 'NONE', #9528, #2406, #2732, .T. ) ;
#7030 = DIRECTION ( 'NONE',  ( 0.000000000000000000, -1.000000000000000000, 0.000000000000000000 ) ) ;
#7031 = ORIENTED_EDGE ( 'NONE', *, *, #1663, .T. ) ;
#7032 = ORIENTED_EDGE ( 'NONE', *, *, #4661, .T. ) ;
#7033 = CIRCLE ( 'NONE', #10058, 6.304999999999999716 ) ;
#7034 = ORIENTED_EDGE ( 'NONE', *, *, #1458, .F. ) ;
#7035 = ORIENTED_EDGE ( 'NONE', *, *, #1104, .F. ) ;
#7036 = EDGE_CURVE ( 'NONE', #2146, #6798, #2855, .T. ) ;
#7037 = CARTESIAN_POINT ( 'NONE',  ( 3.600000000000137312, 2.263141083024660222E-13, -89.99999999999997158 ) ) ;
#7038 = ORIENTED_EDGE ( 'NONE', *, *, #3519, .F. ) ;
#7039 = CARTESIAN_POINT ( 'NONE',  ( 0.3263478462082393672, 5.335027842783507168, -13.00000000000000000 ) ) ;
#7040 = CARTESIAN_POINT ( 'NONE',  ( 0.000000000000000000, 64.00000000000000000, 0.000000000000000000 ) ) ;
#7041 = PLANE ( 'NONE',  #2315 ) ;
#7042 = CIRCLE ( 'NONE', #857, 2.049999999999999822 ) ;
#7043 = DIRECTION ( 'NONE',  ( 0.7071067811865491270, -0.000000000000000000, -0.7071067811865459074 ) ) ;
#7044 = CARTESIAN_POINT ( 'NONE',  ( -7.999999999999781508, 5.500000000000284217, -870.0000000000000000 ) ) ;
#7045 = DIRECTION ( 'NONE',  ( 0.000000000000000000, -1.000000000000000000, 0.000000000000000000 ) ) ;
#7046 = LINE ( 'NONE', #9192, #2352 ) ;
#7047 = ORIENTED_EDGE ( 'NONE', *, *, #1016, .F. ) ;
#7048 = ORIENTED_EDGE ( 'NONE', *, *, #1578, .F. ) ;
#7049 = FILL_AREA_STYLE_COLOUR ( '', #3970 ) ;
#7050 = DIRECTION ( 'NONE',  ( 0.000000000000000000, 0.000000000000000000, -1.000000000000000000 ) ) ;
#7051 = ORIENTED_EDGE ( 'NONE', *, *, #2527, .F. ) ;
#7052 = CARTESIAN_POINT ( 'NONE',  ( -3.599999999999282885, 1.710531353811419813E-13, -870.0000000000000000 ) ) ;
#7053 = FACE_OUTER_BOUND ( 'NONE', #991, .T. ) ;
#7054 = DIRECTION ( 'NONE',  ( -0.000000000000000000, -0.000000000000000000, -1.000000000000000000 ) ) ;
#7055 = CARTESIAN_POINT ( 'NONE',  ( 1.512829983820068946, -5.831978261281082432, -13.00000000000000000 ) ) ;
#7056 = DIRECTION ( 'NONE',  ( 0.9591000727633872680, 1.070822345351186464E-16, 0.2830672189167536823 ) ) ;
#7057 = ORIENTED_EDGE ( 'NONE', *, *, #667, .F. ) ;
#7058 = CARTESIAN_POINT ( 'NONE',  ( 18.15147186257615175, 40.00000000000000000, -20.56568542494923335 ) ) ;
#7059 = ORIENTED_EDGE ( 'NONE', *, *, #3257, .T. ) ;
#7060 = CARTESIAN_POINT ( 'NONE',  ( -5.597711953606976820, -2.901490286808757091, -2.000000000000000000 ) ) ;
#7061 = ORIENTED_EDGE ( 'NONE', *, *, #10003, .T. ) ;
#7062 = EDGE_CURVE ( 'NONE', #9109, #2406, #88, .T. ) ;
#7063 = FACE_OUTER_BOUND ( 'NONE', #11123, .T. ) ;
#7064 = ADVANCED_FACE ( 'NONE', ( #8301 ), #1923, .T. ) ;
#7065 = CARTESIAN_POINT ( 'NONE',  ( 21.00000000000000355, 32.20000000000000284, -17.58578643762690774 ) ) ;
#7066 = EDGE_LOOP ( 'NONE', ( #6659 ) ) ;
#7067 = PLANE ( 'NONE',  #1250 ) ;
#7068 = FACE_OUTER_BOUND ( 'NONE', #1023, .T. ) ;
#7069 = VECTOR ( 'NONE', #53, 1000.000000000000000 ) ;
#7070 = DIRECTION ( 'NONE',  ( 0.000000000000000000, -1.000000000000000000, 0.000000000000000000 ) ) ;
#7071 = CARTESIAN_POINT ( 'NONE',  ( 0.000000000000000000, 0.000000000000000000, 2.500000000000000000 ) ) ;
#7072 = ORIENTED_EDGE ( 'NONE', *, *, #114, .F. ) ;
#7073 = VECTOR ( 'NONE', #6375, 1000.000000000000000 ) ;
#7074 = ORIENTED_EDGE ( 'NONE', *, *, #5652, .F. ) ;
#7075 = CIRCLE ( 'NONE', #7089, 0.2799999999999981393 ) ;
#7076 = LINE ( 'NONE', #3204, #6382 ) ;
#7077 = ORIENTED_EDGE ( 'NONE', *, *, #2218, .T. ) ;
#7078 = EDGE_CURVE ( 'NONE', #1555, #9917, #7360, .T. ) ;
#7079 = ADVANCED_FACE ( 'NONE', ( #10321 ), #94, .T. ) ;
#7080 = CYLINDRICAL_SURFACE ( 'NONE', #5599, 1.000000000000000888 ) ;
#7081 = DIRECTION ( 'NONE',  ( -0.000000000000000000, -0.000000000000000000, 1.000000000000000000 ) ) ;
#7082 = ORIENTED_EDGE ( 'NONE', *, *, #5681, .F. ) ;
#7083 = ADVANCED_FACE ( 'NONE', ( #8670 ), #2239, .T. ) ;
#7084 = DIRECTION ( 'NONE',  ( -0.7071067811865474617, 0.000000000000000000, 0.7071067811865474617 ) ) ;
#7085 = CARTESIAN_POINT ( 'NONE',  ( 9.500000000000000000, 3.599999999999909051, -870.0000000000000000 ) ) ;
#7086 = PLANE ( 'NONE',  #591 ) ;
#7087 = AXIS2_PLACEMENT_3D ( 'NONE', #3487, #3432, #4305 ) ;
#7088 = DIRECTION ( 'NONE',  ( 0.000000000000000000, 0.000000000000000000, 1.000000000000000000 ) ) ;
#7089 = AXIS2_PLACEMENT_3D ( 'NONE', #1850, #248, #6649 ) ;
#7090 = CARTESIAN_POINT ( 'NONE',  ( -3.099999999999454303, -9.500000000000000000, -870.0000000000000000 ) ) ;
#7091 = ORIENTED_EDGE ( 'NONE', *, *, #6092, .F. ) ;
#7092 = EDGE_LOOP ( 'NONE', ( #2715, #6890, #9753, #4345 ) ) ;
#7093 = ORIENTED_EDGE ( 'NONE', *, *, #5924, .F. ) ;
#7094 = ORIENTED_EDGE ( 'NONE', *, *, #1458, .T. ) ;
#7095 = DIRECTION ( 'NONE',  ( -1.000000000000000000, 0.000000000000000000, 0.000000000000000000 ) ) ;
#7096 = EDGE_LOOP ( 'NONE', ( #91, #6207, #7468, #7254 ) ) ;
#7097 = CIRCLE ( 'NONE', #1914, 0.2800000000000003042 ) ;
#7098 = ADVANCED_FACE ( 'NONE', ( #7913 ), #5793, .T. ) ;
#7099 = PLANE ( 'NONE',  #6787 ) ;
#7100 = CIRCLE ( 'NONE', #1721, 1.000000000000000888 ) ;
#7101 = CARTESIAN_POINT ( 'NONE',  ( -3.856272480938607750, -3.480975086488781844, -2.000000000000000000 ) ) ;
#7102 = APPLICATION_CONTEXT ( 'automotive_design' ) ;
#7103 = FACE_OUTER_BOUND ( 'NONE', #6857, .T. ) ;
#7104 = FACE_OUTER_BOUND ( 'NONE', #1089, .T. ) ;
#7105 = CYLINDRICAL_SURFACE ( 'NONE', #7591, 0.6500000000000010214 ) ;
#7106 = EDGE_CURVE ( 'NONE', #1402, #1402, #6296, .T. ) ;
#7107 = DIRECTION ( 'NONE',  ( 0.000000000000000000, 0.000000000000000000, 1.000000000000000000 ) ) ;
#7108 = CARTESIAN_POINT ( 'NONE',  ( -8.500000000000000000, -10.00000000000000000, -89.99999999999997158 ) ) ;
#7109 = TOROIDAL_SURFACE ( 'NONE', #924, 0.8000000000000000444, 0.2000000000000000111 ) ;
#7110 = ORIENTED_EDGE ( 'NONE', *, *, #6462, .F. ) ;
#7111 = VERTEX_POINT ( 'NONE', #11743 ) ;
#7112 = EDGE_CURVE ( 'NONE', #10042, #10042, #11299, .T. ) ;
#7113 = CARTESIAN_POINT ( 'NONE',  ( 0.000000000000000000, 0.000000000000000000, -2.000000000000000000 ) ) ;
#7114 = CYLINDRICAL_SURFACE ( 'NONE', #5579, 0.1999999999999987899 ) ;
#7115 = ORIENTED_EDGE ( 'NONE', *, *, #7942, .T. ) ;
#7116 = CARTESIAN_POINT ( 'NONE',  ( 5.195159997428644871, -0.7413101035399000116, -2.000000000000000000 ) ) ;
#7117 = PRODUCT_DEFINITION_SHAPE ( 'NONE', 'NONE',  #12389 ) ;
#7118 = DIRECTION ( 'NONE',  ( 0.7071067811865495711, -0.000000000000000000, -0.7071067811865454633 ) ) ;
#7119 = DIRECTION ( 'NONE',  ( -0.000000000000000000, -0.000000000000000000, 1.000000000000000000 ) ) ;
#7120 = CARTESIAN_POINT ( 'NONE',  ( -0.5199999999998036193, 3.900000000000267253, -89.99999999999997158 ) ) ;
#7121 = FACE_OUTER_BOUND ( 'NONE', #1212, .T. ) ;
#7122 = CARTESIAN_POINT ( 'NONE',  ( -15.82169614753763121, 4.567761670434322241, 407.5000000000001137 ) ) ;
#7123 =( GEOMETRIC_REPRESENTATION_CONTEXT ( 3 ) GLOBAL_UNCERTAINTY_ASSIGNED_CONTEXT ( ( #3852 ) ) GLOBAL_UNIT_ASSIGNED_CONTEXT ( ( #3823, #879, #11518 ) ) REPRESENTATION_CONTEXT ( 'NONE', 'WORKASPACE' ) );
#7124 = VERTEX_POINT ( 'NONE', #155 ) ;
#7125 = AXIS2_PLACEMENT_3D ( 'NONE', #6517, #9237, #11420 ) ;
#7126 = ADVANCED_FACE ( 'NONE', ( #7795 ), #10562, .T. ) ;
#7127 = CARTESIAN_POINT ( 'NONE',  ( -5.500000000000000000, 6.490000000000009983, -870.0000000000000000 ) ) ;
#7128 = ORIENTED_EDGE ( 'NONE', *, *, #10227, .T. ) ;
#7129 = CARTESIAN_POINT ( 'NONE',  ( 5.000000000000004441, 0.000000000000000000, 0.000000000000000000 ) ) ;
#7130 = ORIENTED_EDGE ( 'NONE', *, *, #6406, .T. ) ;
#7131 = DIRECTION ( 'NONE',  ( 0.7071067811865491270, 0.000000000000000000, -0.7071067811865459074 ) ) ;
#7132 = DIRECTION ( 'NONE',  ( 0.000000000000000000, 1.000000000000000000, 0.000000000000000000 ) ) ;
#7133 = ORIENTED_EDGE ( 'NONE', *, *, #11672, .F. ) ;
#7134 = CARTESIAN_POINT ( 'NONE',  ( 3.469446951953614189E-15, -30.00000000000000000, 5.000000000000000000 ) ) ;
#7135 = CYLINDRICAL_SURFACE ( 'NONE', #8504, 0.1500000000000042966 ) ;
#7136 = CARTESIAN_POINT ( 'NONE',  ( 0.000000000000000000, 64.00000000000000000, 0.000000000000000000 ) ) ;
#7137 = VERTEX_POINT ( 'NONE', #11968 ) ;
#7138 = ADVANCED_FACE ( 'NONE', ( #11683 ), #5848, .T. ) ;
#7139 = EDGE_LOOP ( 'NONE', ( #9513, #2989, #3449, #631, #11047, #5481, #5879, #3710, #7708, #10465, #3916, #5854, #7035, #7460, #5050, #5966, #6401, #12258, #1712, #50, #8725, #8833, #7762, #8596, #12273, #10057, #7283, #4346, #12025, #3184, #10884, #5080, #4213, #4134, #7485, #4304, #1334, #6246, #3063, #6046, #11176, #3917, #9719, #12181, #2355, #7472, #6646, #3894, #11837, #7093, #10014, #4957, #3576, #6402, #12257, #7074, #3527, #4010, #6756, #4246, #5452, #671, #961, #8940, #1170, #6283, #1810, #6393, #3104, #146, #3402, #7707, #4813, #7939, #7574, #5427 ) ) ;
#7140 = AXIS2_PLACEMENT_3D ( 'NONE', #4463, #5339, #9169 ) ;
#7141 = ORIENTED_EDGE ( 'NONE', *, *, #3784, .T. ) ;
#7142 = VECTOR ( 'NONE', #750, 1000.000000000000000 ) ;
#7143 = PLANE ( 'NONE',  #3768 ) ;
#7144 = EDGE_LOOP ( 'NONE', ( #6067, #11193, #6932, #10044 ) ) ;
#7145 = FACE_OUTER_BOUND ( 'NONE', #8449, .T. ) ;
#7146 = CARTESIAN_POINT ( 'NONE',  ( -19.99999999999999645, 40.00000000000000000, 17.58578643762692195 ) ) ;
#7147 = ORIENTED_EDGE ( 'NONE', *, *, #5590, .F. ) ;
#7148 = DIRECTION ( 'NONE',  ( 1.000000000000000000, 0.000000000000000000, 0.000000000000000000 ) ) ;
#7149 = LINE ( 'NONE', #5220, #697 ) ;
#7150 = CARTESIAN_POINT ( 'NONE',  ( -2.020752579182556463, -4.948291019506332766, -13.00000000000000000 ) ) ;
#7151 = AXIS2_PLACEMENT_3D ( 'NONE', #6312, #10456, #1050 ) ;
#7152 = FACE_OUTER_BOUND ( 'NONE', #852, .T. ) ;
#7153 = TOROIDAL_SURFACE ( 'NONE', #3552, 0.8000000000000000444, 0.2000000000000000111 ) ;
#7154 = LINE ( 'NONE', #6089, #10387 ) ;
#7155 = EDGE_CURVE ( 'NONE', #9228, #12020, #5905, .T. ) ;
#7156 = ORIENTED_EDGE ( 'NONE', *, *, #10544, .F. ) ;
#7157 = ADVANCED_FACE ( 'NONE', ( #11562 ), #1041, .T. ) ;
#7158 = VERTEX_POINT ( 'NONE', #9681 ) ;
#7159 = EDGE_CURVE ( 'NONE', #5526, #11734, #7483, .T. ) ;
#7160 = VERTEX_POINT ( 'NONE', #3098 ) ;
#7161 = EDGE_LOOP ( 'NONE', ( #9926, #10720, #7532, #4934 ) ) ;
#7162 = CIRCLE ( 'NONE', #9769, 1.000000000000000888 ) ;
#7163 = LINE ( 'NONE', #1609, #2779 ) ;
#7164 = ORIENTED_EDGE ( 'NONE', *, *, #11479, .F. ) ;
#7165 = AXIS2_PLACEMENT_3D ( 'NONE', #8809, #10752, #3101 ) ;
#7166 = AXIS2_PLACEMENT_3D ( 'NONE', #7298, #5536, #9374 ) ;
#7167 = VECTOR ( 'NONE', #4898, 1000.000000000000000 ) ;
#7168 = FACE_OUTER_BOUND ( 'NONE', #4208, .T. ) ;
#7169 = LINE ( 'NONE', #9056, #2444 ) ;
#7170 = DIRECTION ( 'NONE',  ( 1.000000000000000000, 0.000000000000000000, 0.000000000000000000 ) ) ;
#7171 = DIRECTION ( 'NONE',  ( 1.000000000000000000, 0.000000000000000000, 0.000000000000000000 ) ) ;
#7172 = FACE_OUTER_BOUND ( 'NONE', #12185, .T. ) ;
#7173 = CARTESIAN_POINT ( 'NONE',  ( 0.000000000000000000, 0.000000000000000000, -2.000000000000000000 ) ) ;
#7174 = AXIS2_PLACEMENT_3D ( 'NONE', #3249, #5261, #9080 ) ;
#7175 = DIRECTION ( 'NONE',  ( 0.000000000000000000, 0.000000000000000000, -1.000000000000000000 ) ) ;
#7176 = COLOUR_RGB ( '',0.7921568627450980005, 0.8196078431372548767, 0.9333333333333333481 ) ;
#7177 = CIRCLE ( 'NONE', #371, 0.2800000000000011924 ) ;
#7178 = EDGE_CURVE ( 'NONE', #1771, #8636, #3492, .T. ) ;
#7179 = ORIENTED_EDGE ( 'NONE', *, *, #9373, .F. ) ;
#7180 = ORIENTED_EDGE ( 'NONE', *, *, #2366, .F. ) ;
#7181 = CARTESIAN_POINT ( 'NONE',  ( 17.58578643762691129, 40.00000000000000000, 20.00000000000000000 ) ) ;
#7182 = CARTESIAN_POINT ( 'NONE',  ( 20.00000000000000355, 32.00000000000000000, -17.58578643762690774 ) ) ;
#7183 = EDGE_CURVE ( 'NONE', #8537, #5734, #4849, .T. ) ;
#7184 = AXIS2_PLACEMENT_3D ( 'NONE', #2672, #3484, #4482 ) ;
#7185 = EDGE_LOOP ( 'NONE', ( #3900, #11626, #3960, #928 ) ) ;
#7186 = CIRCLE ( 'NONE', #7975, 0.1499999999999908629 ) ;
#7187 = CIRCLE ( 'NONE', #2603, 0.1499999999999999667 ) ;
#7188 = CARTESIAN_POINT ( 'NONE',  ( -30.00000000000000000, -29.99999999999999289, 5.000000000000000000 ) ) ;
#7189 = DIRECTION ( 'NONE',  ( 0.000000000000000000, 0.000000000000000000, 1.000000000000000000 ) ) ;
#7190 = LINE ( 'NONE', #6361, #2505 ) ;
#7191 = CARTESIAN_POINT ( 'NONE',  ( 20.70710678118655323, 7.800000000000000711, -18.29289321881345387 ) ) ;
#7192 = DIRECTION ( 'NONE',  ( -0.000000000000000000, 1.000000000000000000, 0.000000000000000000 ) ) ;
#7193 = ADVANCED_FACE ( 'NONE', ( #280 ), #10749, .F. ) ;
#7194 = PRODUCT_CONTEXT ( 'NONE', #8379, 'mechanical' ) ;
#7195 = AXIS2_PLACEMENT_3D ( 'NONE', #10814, #5232, #2237 ) ;
#7196 = CIRCLE ( 'NONE', #4992, 0.2000000000000002887 ) ;
#7197 = ORIENTED_EDGE ( 'NONE', *, *, #6698, .F. ) ;
#7198 = CARTESIAN_POINT ( 'NONE',  ( 0.9750000000000231815, -6.614527269578692525, -13.00000000000000000 ) ) ;
#7199 = ORIENTED_EDGE ( 'NONE', *, *, #6543, .T. ) ;
#7200 = DIRECTION ( 'NONE',  ( -0.7071067811865321406, -0.7071067811865630048, 0.000000000000000000 ) ) ;
#7201 = ORIENTED_EDGE ( 'NONE', *, *, #10381, .F. ) ;
#7202 = CARTESIAN_POINT ( 'NONE',  ( -20.80000000000000426, 8.000000000000000000, -17.58578643762691840 ) ) ;
#7203 = CARTESIAN_POINT ( 'NONE',  ( -10.00000000000000000, -3.599999999999909051, -89.99999999999997158 ) ) ;
#7204 = VERTEX_POINT ( 'NONE', #6791 ) ;
#7205 = AXIS2_PLACEMENT_3D ( 'NONE', #4419, #718, #10304 ) ;
#7206 = VECTOR ( 'NONE', #8414, 1000.000000000000000 ) ;
#7207 = CARTESIAN_POINT ( 'NONE',  ( -20.56568542494924046, 40.00000000000000000, -18.15147186257615886 ) ) ;
#7208 = CARTESIAN_POINT ( 'NONE',  ( -20.80000000000000426, 32.00000000000000000, -17.58578643762691840 ) ) ;
#7209 = DIRECTION ( 'NONE',  ( -0.000000000000000000, -0.000000000000000000, 1.000000000000000000 ) ) ;
#7210 = CARTESIAN_POINT ( 'NONE',  ( -14.00000000000000178, -3.469446951953614189E-15, 5.000000000000000000 ) ) ;
#7211 = ORIENTED_EDGE ( 'NONE', *, *, #3460, .F. ) ;
#7212 = CIRCLE ( 'NONE', #12017, 0.7999999999999986011 ) ;
#7213 = VERTEX_POINT ( 'NONE', #10629 ) ;
#7214 = CARTESIAN_POINT ( 'NONE',  ( 5.125882477357501799, 0.8446027636228201629, -13.00000000000000000 ) ) ;
#7215 = ORIENTED_EDGE ( 'NONE', *, *, #456, .T. ) ;
#7216 = CARTESIAN_POINT ( 'NONE',  ( -5.195159997428645759, -0.7413101035398966809, -13.00000000000000000 ) ) ;
#7217 = DIRECTION ( 'NONE',  ( 1.000000000000000000, 0.000000000000000000, 0.000000000000000000 ) ) ;
#7218 = ORIENTED_EDGE ( 'NONE', *, *, #4657, .T. ) ;
#7219 = CARTESIAN_POINT ( 'NONE',  ( -3.893413252308144834, 4.598038521668920353, -13.00000000000000000 ) ) ;
#7220 = EDGE_CURVE ( 'NONE', #12345, #6342, #9901, .T. ) ;
#7221 = AXIS2_PLACEMENT_3D ( 'NONE', #8071, #11898, #7611 ) ;
#7222 = CARTESIAN_POINT ( 'NONE',  ( -7.999999999999783284, -5.500000000000096811, -89.99999999999997158 ) ) ;
#7223 = CARTESIAN_POINT ( 'NONE',  ( -6.665645171607458508, -0.5213160713289104464, -13.00000000000000000 ) ) ;
#7224 = ORIENTED_EDGE ( 'NONE', *, *, #11622, .F. ) ;
#7225 = ORIENTED_EDGE ( 'NONE', *, *, #10710, .F. ) ;
#7226 = VERTEX_POINT ( 'NONE', #9815 ) ;
#7227 = ORIENTED_EDGE ( 'NONE', *, *, #11896, .F. ) ;
#7228 = CIRCLE ( 'NONE', #11833, 1.499999999999999556 ) ;
#7229 = CARTESIAN_POINT ( 'NONE',  ( -3.599999999999454303, -9.500000000000000000, -870.0000000000000000 ) ) ;
#7230 = PRODUCT_DEFINITION_SHAPE ( 'NONE', 'NONE',  #3892 ) ;
#7231 = ORIENTED_EDGE ( 'NONE', *, *, #5833, .F. ) ;
#7232 = DIRECTION ( 'NONE',  ( -0.000000000000000000, -0.000000000000000000, 1.000000000000000000 ) ) ;
#7233 = ADVANCED_FACE ( 'NONE', ( #1231 ), #5042, .T. ) ;
#7234 = PLANE ( 'NONE',  #8228 ) ;
#7235 = CARTESIAN_POINT ( 'NONE',  ( -30.00000000000000000, 30.00000000000000711, 0.000000000000000000 ) ) ;
#7236 = DIRECTION ( 'NONE',  ( 0.000000000000000000, 0.000000000000000000, -1.000000000000000000 ) ) ;
#7237 = CARTESIAN_POINT ( 'NONE',  ( 5.500000000000397904, -8.000000000000000000, -870.0000000000000000 ) ) ;
#7238 = VECTOR ( 'NONE', #10233, 1000.000000000000000 ) ;
#7239 = DIRECTION ( 'NONE',  ( -1.000000000000000000, 0.000000000000000000, 0.000000000000000000 ) ) ;
#7240 = ORIENTED_EDGE ( 'NONE', *, *, #2938, .F. ) ;
#7241 = ORIENTED_EDGE ( 'NONE', *, *, #6965, .F. ) ;
#7242 = DIRECTION ( 'NONE',  ( 0.000000000000000000, 0.000000000000000000, 1.000000000000000000 ) ) ;
#7243 = DIRECTION ( 'NONE',  ( 0.000000000000000000, 0.000000000000000000, 1.000000000000000000 ) ) ;
#7244 = AXIS2_PLACEMENT_3D ( 'NONE', #4133, #5013, #9906 ) ;
#7245 = ORIENTED_EDGE ( 'NONE', *, *, #1253, .F. ) ;
#7246 = ADVANCED_FACE ( 'NONE', ( #7449 ), #12154, .F. ) ;
#7247 = ADVANCED_FACE ( 'NONE', ( #4518 ), #8293, .T. ) ;
#7248 = CARTESIAN_POINT ( 'NONE',  ( 3.100000000000363798, -8.000000000000000000, -89.99999999999997158 ) ) ;
#7249 = CARTESIAN_POINT ( 'NONE',  ( 20.70000000000000284, 8.000000000000000000, -15.47157287525382507 ) ) ;
#7250 = DIRECTION ( 'NONE',  ( 1.000000000000000000, 0.000000000000000000, 0.000000000000000000 ) ) ;
#7251 = DIRECTION ( 'NONE',  ( 1.000000000000000000, 0.000000000000000000, 0.000000000000000000 ) ) ;
#7252 = DIRECTION ( 'NONE',  ( 0.000000000000000000, -0.000000000000000000, -1.000000000000000000 ) ) ;
#7253 = APPLICATION_PROTOCOL_DEFINITION ( 'draft international standard', 'automotive_design', 1998, #10318 ) ;
#7254 = ORIENTED_EDGE ( 'NONE', *, *, #8400, .T. ) ;
#7255 = CARTESIAN_POINT ( 'NONE',  ( 3.600000000000363798, 9.500000000000000000, -870.0000000000000000 ) ) ;
#7256 = LINE ( 'NONE', #11090, #4380 ) ;
#7257 = VERTEX_POINT ( 'NONE', #6454 ) ;
#7258 = EDGE_CURVE ( 'NONE', #5017, #5017, #7691, .T. ) ;
#7259 = FACE_OUTER_BOUND ( 'NONE', #6635, .T. ) ;
#7260 = FACE_OUTER_BOUND ( 'NONE', #10346, .T. ) ;
#7261 = EDGE_LOOP ( 'NONE', ( #4869 ) ) ;
#7262 = DIRECTION ( 'NONE',  ( 0.000000000000000000, 0.000000000000000000, -1.000000000000000000 ) ) ;
#7263 = CARTESIAN_POINT ( 'NONE',  ( -18.15147186257614464, 0.000000000000000000, -20.56568542494924046 ) ) ;
#7264 = DIRECTION ( 'NONE',  ( -0.000000000000000000, -0.000000000000000000, -1.000000000000000000 ) ) ;
#7265 = EDGE_CURVE ( 'NONE', #448, #448, #9517, .T. ) ;
#7266 = ORIENTED_EDGE ( 'NONE', *, *, #2508, .F. ) ;
#7267 = EDGE_LOOP ( 'NONE', ( #4891 ) ) ;
#7268 = EDGE_CURVE ( 'NONE', #43, #3222, #3586, .T. ) ;
#7269 = CARTESIAN_POINT ( 'NONE',  ( 1.583135775599258110, 6.103007956411143908, -13.00000000000000000 ) ) ;
#7270 = ORIENTED_EDGE ( 'NONE', *, *, #823, .T. ) ;
#7271 = DIRECTION ( 'NONE',  ( 0.000000000000000000, 0.000000000000000000, 1.000000000000000000 ) ) ;
#7272 = CARTESIAN_POINT ( 'NONE',  ( 6.490000000000295977, 5.500000000000284217, -870.0000000000000000 ) ) ;
#7273 = ORIENTED_EDGE ( 'NONE', *, *, #8823, .F. ) ;
#7274 = CYLINDRICAL_SURFACE ( 'NONE', #1242, 2.099999999999997868 ) ;
#7275 = PLANE ( 'NONE',  #2780 ) ;
#7276 = CARTESIAN_POINT ( 'NONE',  ( -9.500000000000000000, -3.099999999999909051, -870.0000000000000000 ) ) ;
#7277 = VECTOR ( 'NONE', #11415, 1000.000000000000114 ) ;
#7278 = ORIENTED_EDGE ( 'NONE', *, *, #11214, .F. ) ;
#7279 = VECTOR ( 'NONE', #3056, 1000.000000000000000 ) ;
#7280 = EDGE_LOOP ( 'NONE', ( #4067, #6663, #12008, #7817 ) ) ;
#7281 = ORIENTED_EDGE ( 'NONE', *, *, #6040, .F. ) ;
#7282 = DIRECTION ( 'NONE',  ( 0.000000000000000000, -1.000000000000000000, 0.000000000000000000 ) ) ;
#7283 = ORIENTED_EDGE ( 'NONE', *, *, #11249, .F. ) ;
#7284 = CARTESIAN_POINT ( 'NONE',  ( -20.69999999999999574, 8.000000000000000000, 15.47157287525383218 ) ) ;
#7285 = PLANE ( 'NONE',  #3836 ) ;
#7286 = AXIS2_PLACEMENT_3D ( 'NONE', #1826, #814, #749 ) ;
#7287 = VECTOR ( 'NONE', #7119, 1000.000000000000000 ) ;
#7288 = PLANE ( 'NONE',  #5959 ) ;
#7289 = CARTESIAN_POINT ( 'NONE',  ( -3.899999999999465228, -0.5189999999998344826, -870.0000000000000000 ) ) ;
#7290 = CARTESIAN_POINT ( 'NONE',  ( 0.000000000000000000, 0.000000000000000000, -2.000000000000000000 ) ) ;
#7291 = CARTESIAN_POINT ( 'NONE',  ( 8.000000000000000000, 3.099999999999909051, -89.99999999999997158 ) ) ;
#7292 = EDGE_CURVE ( 'NONE', #1194, #2328, #11008, .T. ) ;
#7293 = AXIS2_PLACEMENT_3D ( 'NONE', #3987, #11630, #10817 ) ;
#7294 = EDGE_LOOP ( 'NONE', ( #7692, #10740, #3684, #10813 ) ) ;
#7295 = EDGE_LOOP ( 'NONE', ( #2419, #7370, #2634, #8461 ) ) ;
#7296 = EDGE_CURVE ( 'NONE', #6923, #3379, #6498, .T. ) ;
#7297 = AXIS2_PLACEMENT_3D ( 'NONE', #12230, #3652, #11354 ) ;
#7298 = CARTESIAN_POINT ( 'NONE',  ( 20.00000000000000355, 0.1999999999999987899, -17.58578643762690774 ) ) ;
#7299 = DIRECTION ( 'NONE',  ( -0.000000000000000000, -0.000000000000000000, -1.000000000000000000 ) ) ;
#7300 = ORIENTED_EDGE ( 'NONE', *, *, #3872, .T. ) ;
#7301 = CARTESIAN_POINT ( 'NONE',  ( -10.00000000000000000, -3.599999999999909051, -870.0000000000000000 ) ) ;
#7302 = CARTESIAN_POINT ( 'NONE',  ( 4.374567281301046329, 3.071186432206683747, -2.000000000000000000 ) ) ;
#7303 = LINE ( 'NONE', #9071, #1694 ) ;
#7304 = CIRCLE ( 'NONE', #1309, 1.975000000000008971 ) ;
#7305 = CARTESIAN_POINT ( 'NONE',  ( 6.048387499772770681, -0.4559538461277371502, -13.00000000000000000 ) ) ;
#7306 = DIRECTION ( 'NONE',  ( 0.7071067811865459074, 0.000000000000000000, 0.7071067811865492381 ) ) ;
#7307 = APPLICATION_PROTOCOL_DEFINITION ( 'draft international standard', 'automotive_design', 1998, #8792 ) ;
#7308 = ADVANCED_FACE ( 'NONE', ( #7397 ), #11233, .F. ) ;
#7309 = VERTEX_POINT ( 'NONE', #9938 ) ;
#7310 = ADVANCED_FACE ( 'NONE', ( #7103 ), #7041, .T. ) ;
#7311 = EDGE_CURVE ( 'NONE', #10056, #5884, #8695, .T. ) ;
#7312 = LINE ( 'NONE', #744, #6352 ) ;
#7313 = AXIS2_PLACEMENT_3D ( 'NONE', #6777, #5777, #11730 ) ;
#7314 = CARTESIAN_POINT ( 'NONE',  ( -5.502858276596624520, -2.453400861598449278, -13.00000000000000000 ) ) ;
#7315 = EDGE_LOOP ( 'NONE', ( #1103, #5197, #9779, #7558 ) ) ;
#7316 = LINE ( 'NONE', #2574, #7073 ) ;
#7317 = ORIENTED_EDGE ( 'NONE', *, *, #11244, .T. ) ;
#7318 = SURFACE_SIDE_STYLE ('',( #10219 ) ) ;
#7319 = CARTESIAN_POINT ( 'NONE',  ( -24.99999999999999645, 0.000000000000000000, -10.00000000000000000 ) ) ;
#7320 = CARTESIAN_POINT ( 'NONE',  ( -20.79999999999999716, 32.00000000000000000, 17.58578643762692195 ) ) ;
#7321 = PRESENTATION_LAYER_ASSIGNMENT (  '', '', ( #4920 ) ) ;
#7322 = EDGE_LOOP ( 'NONE', ( #9946 ) ) ;
#7323 = EDGE_CURVE ( 'NONE', #9807, #11194, #5166, .T. ) ;
#7324 = VERTEX_POINT ( 'NONE', #1292 ) ;
#7325 = LINE ( 'NONE', #3457, #2580 ) ;
#7326 = VERTEX_POINT ( 'NONE', #10879 ) ;
#7327 = AXIS2_PLACEMENT_3D ( 'NONE', #1236, #5048, #8870 ) ;
#7328 = DIRECTION ( 'NONE',  ( 1.000000000000000000, 0.000000000000000000, 0.000000000000000000 ) ) ;
#7329 = EDGE_CURVE ( 'NONE', #5068, #5299, #1525, .T. ) ;
#7330 = DIRECTION ( 'NONE',  ( 0.000000000000000000, 0.000000000000000000, 1.000000000000000000 ) ) ;
#7331 = ORIENTED_EDGE ( 'NONE', *, *, #4888, .T. ) ;
#7332 = CARTESIAN_POINT ( 'NONE',  ( -30.00000000000000000, -29.99999999999999289, 0.000000000000000000 ) ) ;
#7333 = CYLINDRICAL_SURFACE ( 'NONE', #5967, 0.1499999999999990785 ) ;
#7334 = CARTESIAN_POINT ( 'NONE',  ( 18.00000000000001421, 40.00000000000000000, -21.00000000000000355 ) ) ;
#7335 = CARTESIAN_POINT ( 'NONE',  ( 15.49999999999999289, 35.50000000000000711, -16.81049999999999756 ) ) ;
#7336 = ORIENTED_EDGE ( 'NONE', *, *, #1471, .F. ) ;
#7337 = VECTOR ( 'NONE', #1245, 1000.000000000000000 ) ;
#7338 = ADVANCED_FACE ( 'NONE', ( #8996 ), #8497, .T. ) ;
#7339 = ORIENTED_EDGE ( 'NONE', *, *, #8479, .T. ) ;
#7340 = ORIENTED_EDGE ( 'NONE', *, *, #5181, .T. ) ;
#7341 = FACE_OUTER_BOUND ( 'NONE', #2140, .T. ) ;
#7342 = VERTEX_POINT ( 'NONE', #6396 ) ;
#7343 = DIRECTION ( 'NONE',  ( 0.000000000000000000, -0.000000000000000000, -1.000000000000000000 ) ) ;
#7344 = AXIS2_PLACEMENT_3D ( 'NONE', #10040, #6946, #4137 ) ;
#7345 = CARTESIAN_POINT ( 'NONE',  ( 1.790414966635713645, -5.795282521538796416, -13.00000000000000000 ) ) ;
#7346 = VECTOR ( 'NONE', #2913, 1000.000000000000000 ) ;
#7347 = CARTESIAN_POINT ( 'NONE',  ( -15.47157287525382863, 32.00000000000000000, 20.69999999999999929 ) ) ;
#7348 = FACE_OUTER_BOUND ( 'NONE', #2245, .T. ) ;
#7349 = EDGE_CURVE ( 'NONE', #10560, #12061, #11932, .T. ) ;
#7350 = DIRECTION ( 'NONE',  ( -0.000000000000000000, -0.000000000000000000, 1.000000000000000000 ) ) ;
#7351 = AXIS2_PLACEMENT_3D ( 'NONE', #9792, #7893, #5141 ) ;
#7352 = AXIS2_PLACEMENT_3D ( 'NONE', #416, #8932, #10011 ) ;
#7353 = AXIS2_PLACEMENT_3D ( 'NONE', #11210, #2632, #3496 ) ;
#7354 = ORIENTED_EDGE ( 'NONE', *, *, #463, .T. ) ;
#7355 = CIRCLE ( 'NONE', #4562, 5.000000000000000000 ) ;
#7356 = ORIENTED_EDGE ( 'NONE', *, *, #10143, .T. ) ;
#7357 = FACE_OUTER_BOUND ( 'NONE', #5902, .T. ) ;
#7358 = DIRECTION ( 'NONE',  ( 0.000000000000000000, 0.000000000000000000, 1.000000000000000000 ) ) ;
#7359 = ORIENTED_EDGE ( 'NONE', *, *, #5782, .T. ) ;
#7360 = LINE ( 'NONE', #11202, #8095 ) ;
#7361 = VECTOR ( 'NONE', #305, 1000.000000000000000 ) ;
#7362 = DIRECTION ( 'NONE',  ( 1.000000000000000000, 0.000000000000000000, 0.000000000000000000 ) ) ;
#7363 = EDGE_CURVE ( 'NONE', #3963, #11572, #3705, .T. ) ;
#7364 = CARTESIAN_POINT ( 'NONE',  ( 17.58578643762691129, 40.00000000000000000, 20.80000000000000426 ) ) ;
#7365 = AXIS2_PLACEMENT_3D ( 'NONE', #1441, #4176, #10697 ) ;
#7366 = DIRECTION ( 'NONE',  ( 0.000000000000000000, 0.000000000000000000, -1.000000000000000000 ) ) ;
#7367 = AXIS2_PLACEMENT_3D ( 'NONE', #12224, #5517, #9347 ) ;
#7368 = EDGE_CURVE ( 'NONE', #4312, #3824, #1659, .T. ) ;
#7369 = CARTESIAN_POINT ( 'NONE',  ( 17.58578643762691129, 32.00000000000000000, 20.80000000000000426 ) ) ;
#7370 = ORIENTED_EDGE ( 'NONE', *, *, #11936, .F. ) ;
#7371 = CIRCLE ( 'NONE', #11382, 5.194999999999999396 ) ;
#7372 = LINE ( 'NONE', #632, #8750 ) ;
#7373 = VECTOR ( 'NONE', #8262, 1000.000000000000000 ) ;
#7374 = CIRCLE ( 'NONE', #8775, 1.000000000000000888 ) ;
#7375 = DIRECTION ( 'NONE',  ( -0.000000000000000000, -0.000000000000000000, -1.000000000000000000 ) ) ;
#7376 = VERTEX_POINT ( 'NONE', #1015 ) ;
#7377 = LINE ( 'NONE', #9968, #9489 ) ;
#7378 = CARTESIAN_POINT ( 'NONE',  ( -9.500000000000000000, -3.099999999999909051, -89.99999999999997158 ) ) ;
#7379 = ADVANCED_FACE ( 'NONE', ( #9533 ), #3767, .T. ) ;
#7380 = DIRECTION ( 'NONE',  ( -0.7071067811865459074, -0.000000000000000000, -0.7071067811865491270 ) ) ;
#7381 = EDGE_CURVE ( 'NONE', #6632, #7257, #1070, .T. ) ;
#7382 = AXIS2_PLACEMENT_3D ( 'NONE', #1740, #11079, #2495 ) ;
#7383 = DIRECTION ( 'NONE',  ( -0.7071067811865474617, 0.000000000000000000, 0.7071067811865474617 ) ) ;
#7384 = AXIS2_PLACEMENT_3D ( 'NONE', #12376, #3737, #9448 ) ;
#7385 = CIRCLE ( 'NONE', #4158, 0.1499999999999947486 ) ;
#7386 = EDGE_LOOP ( 'NONE', ( #318 ) ) ;
#7387 = EDGE_LOOP ( 'NONE', ( #4712, #1723, #1347, #7770 ) ) ;
#7388 = AXIS2_PLACEMENT_3D ( 'NONE', #2101, #5903, #5664 ) ;
#7389 = LINE ( 'NONE', #7635, #6558 ) ;
#7390 = ORIENTED_EDGE ( 'NONE', *, *, #9314, .T. ) ;
#7391 = AXIS2_PLACEMENT_3D ( 'NONE', #4295, #1551, #8050 ) ;
#7392 = DIRECTION ( 'NONE',  ( -1.000000000000000000, 0.000000000000000000, -0.000000000000000000 ) ) ;
#7393 = DIRECTION ( 'NONE',  ( 0.000000000000000000, -1.000000000000000000, 0.000000000000000000 ) ) ;
#7394 = ORIENTED_EDGE ( 'NONE', *, *, #6109, .F. ) ;
#7395 = ADVANCED_FACE ( 'NONE', ( #5700 ), #9660, .T. ) ;
#7396 = CARTESIAN_POINT ( 'NONE',  ( 5.195159997428648424, 0.7413101035398969030, -13.00000000000000000 ) ) ;
#7397 = FACE_OUTER_BOUND ( 'NONE', #7185, .T. ) ;
#7398 = EDGE_CURVE ( 'NONE', #2028, #10898, #7304, .T. ) ;
#7399 = CARTESIAN_POINT ( 'NONE',  ( -0.3263478462082365916, 5.335027842783510721, -13.00000000000000000 ) ) ;
#7400 = CARTESIAN_POINT ( 'NONE',  ( -3.899999999999465228, 0.5200000000001527845, -870.0000000000000000 ) ) ;
#7401 = CARTESIAN_POINT ( 'NONE',  ( -18.29289321881345387, 0.000000000000000000, -20.70710678118654968 ) ) ;
#7402 = CIRCLE ( 'NONE', #3608, 0.2799999999999981393 ) ;
#7403 = EDGE_LOOP ( 'NONE', ( #3004 ) ) ;
#7404 = ORIENTED_EDGE ( 'NONE', *, *, #5024, .F. ) ;
#7405 = DIRECTION ( 'NONE',  ( -0.000000000000000000, -0.000000000000000000, 1.000000000000000000 ) ) ;
#7406 = ORIENTED_EDGE ( 'NONE', *, *, #12237, .F. ) ;
#7407 = DIRECTION ( 'NONE',  ( 0.000000000000000000, 0.000000000000000000, 1.000000000000000000 ) ) ;
#7408 = DIRECTION ( 'NONE',  ( 0.000000000000000000, -1.000000000000000000, 0.000000000000000000 ) ) ;
#7409 = EDGE_CURVE ( 'NONE', #2685, #8799, #1719, .T. ) ;
#7410 = CARTESIAN_POINT ( 'NONE',  ( -6.302273656338973851, -0.1853962260019047792, -13.00000000000000000 ) ) ;
#7411 = DIRECTION ( 'NONE',  ( 0.7071067811865467956, 0.000000000000000000, -0.7071067811865483499 ) ) ;
#7412 = CARTESIAN_POINT ( 'NONE',  ( 6.022394731077292285, -0.1771629280985726196, -13.00000000000000000 ) ) ;
#7413 = ADVANCED_FACE ( 'NONE', ( #10353 ), #3835, .T. ) ;
#7414 = CIRCLE ( 'NONE', #12223, 1.000000000000000888 ) ;
#7415 = ORIENTED_EDGE ( 'NONE', *, *, #11592, .F. ) ;
#7416 = ORIENTED_EDGE ( 'NONE', *, *, #7368, .T. ) ;
#7417 =( LENGTH_UNIT ( ) NAMED_UNIT ( * ) SI_UNIT ( .MILLI., .METRE. ) );
#7418 = ADVANCED_BREP_SHAPE_REPRESENTATION ( '', ( #625, #11368 ), #1741 ) ;
#7419 = ORIENTED_EDGE ( 'NONE', *, *, #8297, .F. ) ;
#7420 = DIRECTION ( 'NONE',  ( -0.000000000000000000, -0.000000000000000000, 1.000000000000000000 ) ) ;
#7421 = ORIENTED_EDGE ( 'NONE', *, *, #4014, .T. ) ;
#7422 = CARTESIAN_POINT ( 'NONE',  ( 20.80000000000000426, 7.800000000000000711, -17.58578643762690774 ) ) ;
#7423 = PRODUCT_DEFINITION_SHAPE ( 'NONE', 'NONE',  #12392 ) ;
#7424 = DIRECTION ( 'NONE',  ( -1.000000000000000000, 0.000000000000000000, 0.000000000000000000 ) ) ;
#7425 = DIRECTION ( 'NONE',  ( 0.000000000000000000, 0.000000000000000000, -1.000000000000000000 ) ) ;
#7426 = CARTESIAN_POINT ( 'NONE',  ( -19.99999999999999645, 40.00000000000000000, 17.58578643762692195 ) ) ;
#7427 = FACE_OUTER_BOUND ( 'NONE', #11848, .T. ) ;
#7428 = ITEM_DEFINED_TRANSFORMATION ( 'NONE', 'NONE', #1333,  #11368 ) ;
#7429 = ORIENTED_EDGE ( 'NONE', *, *, #3723, .T. ) ;
#7430 = CARTESIAN_POINT ( 'NONE',  ( 9.500000000000000000, -3.099999999999909051, -870.0000000000000000 ) ) ;
#7431 = CARTESIAN_POINT ( 'NONE',  ( 15.47157287525381797, 8.000000000000000000, 20.70000000000000284 ) ) ;
#7432 = EDGE_LOOP ( 'NONE', ( #10498 ) ) ;
#7433 = DIRECTION ( 'NONE',  ( 0.000000000000000000, 0.000000000000000000, 1.000000000000000000 ) ) ;
#7434 = FACE_OUTER_BOUND ( 'NONE', #4416, .T. ) ;
#7435 = LINE ( 'NONE', #1056, #4284 ) ;
#7436 = DIRECTION ( 'NONE',  ( -0.000000000000000000, -0.000000000000000000, -1.000000000000000000 ) ) ;
#7437 = CIRCLE ( 'NONE', #7244, 10.69999999999999929 ) ;
#7438 = CARTESIAN_POINT ( 'NONE',  ( -16.50000000000000000, -3.469446951953614189E-15, 5.000000000000000000 ) ) ;
#7439 = VERTEX_POINT ( 'NONE', #10420 ) ;
#7440 = EDGE_CURVE ( 'NONE', #5884, #8534, #8514, .T. ) ;
#7441 = ORIENTED_EDGE ( 'NONE', *, *, #12219, .F. ) ;
#7442 = ADVANCED_FACE ( 'NONE', ( #65 ), #9416, .T. ) ;
#7443 = CARTESIAN_POINT ( 'NONE',  ( -3.599999999999454303, -10.00000000000000000, -870.0000000000000000 ) ) ;
#7444 = EDGE_LOOP ( 'NONE', ( #10232 ) ) ;
#7445 = DIRECTION ( 'NONE',  ( 1.000000000000000000, 0.000000000000000000, 3.325348516249470831E-16 ) ) ;
#7446 = CARTESIAN_POINT ( 'NONE',  ( 3.900000000000319655, -0.5189999999997791935, -870.0000000000000000 ) ) ;
#7447 = ORIENTED_EDGE ( 'NONE', *, *, #3392, .F. ) ;
#7448 = DIRECTION ( 'NONE',  ( 1.000000000000000000, 0.000000000000000000, 0.000000000000000000 ) ) ;
#7449 = FACE_OUTER_BOUND ( 'NONE', #5466, .T. ) ;
#7450 = DIRECTION ( 'NONE',  ( 0.000000000000000000, 1.000000000000000000, -0.000000000000000000 ) ) ;
#7451 = CARTESIAN_POINT ( 'NONE',  ( 0.000000000000000000, 0.000000000000000000, -1.500000000000001332 ) ) ;
#7452 = VERTEX_POINT ( 'NONE', #6518 ) ;
#7453 = EDGE_LOOP ( 'NONE', ( #4364, #5544, #10793, #8475 ) ) ;
#7454 = EDGE_CURVE ( 'NONE', #7733, #9511, #4701, .T. ) ;
#7455 = ADVANCED_FACE ( 'NONE', ( #13 ), #7763, .T. ) ;
#7456 = ORIENTED_EDGE ( 'NONE', *, *, #11014, .T. ) ;
#7457 = DIRECTION ( 'NONE',  ( -0.000000000000000000, 1.000000000000000000, 0.000000000000000000 ) ) ;
#7458 = EDGE_CURVE ( 'NONE', #2272, #2272, #6306, .T. ) ;
#7459 = CARTESIAN_POINT ( 'NONE',  ( -17.58578643762691485, 39.80000000000000426, 21.00000000000000355 ) ) ;
#7460 = ORIENTED_EDGE ( 'NONE', *, *, #7622, .F. ) ;
#7461 = CYLINDRICAL_SURFACE ( 'NONE', #6596, 6.304999999999999716 ) ;
#7462 = DIRECTION ( 'NONE',  ( 0.000000000000000000, -0.000000000000000000, -1.000000000000000000 ) ) ;
#7463 = PLANE ( 'NONE',  #1586 ) ;
#7464 = AXIS2_PLACEMENT_3D ( 'NONE', #10092, #1394, #5387 ) ;
#7465 = CARTESIAN_POINT ( 'NONE',  ( 17.58578643762691840, 32.20000000000000284, -20.80000000000000426 ) ) ;
#7466 = STYLED_ITEM ( 'NONE', ( #2748 ), #5034 ) ;
#7467 = CARTESIAN_POINT ( 'NONE',  ( -30.00000000000000000, 30.00000000000000711, 5.000000000000000000 ) ) ;
#7468 = ORIENTED_EDGE ( 'NONE', *, *, #11065, .T. ) ;
#7469 = EDGE_CURVE ( 'NONE', #9356, #10093, #3910, .T. ) ;
#7470 = ORIENTED_EDGE ( 'NONE', *, *, #130, .T. ) ;
#7471 = CARTESIAN_POINT ( 'NONE',  ( 0.000000000000000000, 0.000000000000000000, -13.50000000000001243 ) ) ;
#7472 = ORIENTED_EDGE ( 'NONE', *, *, #9327, .F. ) ;
#7473 = AXIS2_PLACEMENT_3D ( 'NONE', #9757, #4996, #239 ) ;
#7474 = CARTESIAN_POINT ( 'NONE',  ( -18.29289321881345387, 7.800000000000000711, -20.70710678118654968 ) ) ;
#7475 = VECTOR ( 'NONE', #12194, 1000.000000000000000 ) ;
#7476 = ORIENTED_EDGE ( 'NONE', *, *, #11029, .T. ) ;
#7477 = CARTESIAN_POINT ( 'NONE',  ( 0.9749999999999818812, 6.614527269578672097, -2.000000000000000000 ) ) ;
#7478 = EDGE_CURVE ( 'NONE', #7862, #3168, #7642, .T. ) ;
#7479 = CARTESIAN_POINT ( 'NONE',  ( 18.15147186257614820, 8.000000000000000000, 20.56568542494924046 ) ) ;
#7480 = LINE ( 'NONE', #9318, #5365 ) ;
#7481 = PLANE ( 'NONE',  #7384 ) ;
#7482 = PLANE ( 'NONE',  #5726 ) ;
#7483 = CIRCLE ( 'NONE', #11497, 2.500000000000000000 ) ;
#7484 = AXIS2_PLACEMENT_3D ( 'NONE', #8594, #4652, #8406 ) ;
#7485 = ORIENTED_EDGE ( 'NONE', *, *, #261, .F. ) ;
#7486 = ITEM_DEFINED_TRANSFORMATION ( 'NONE', 'NONE', #6917,  #11368 ) ;
#7487 = EDGE_LOOP ( 'NONE', ( #8960, #3002, #11423, #5346 ) ) ;
#7488 = DIRECTION ( 'NONE',  ( -0.000000000000000000, 1.000000000000000000, 0.000000000000000000 ) ) ;
#7489 = CARTESIAN_POINT ( 'NONE',  ( 3.452925775991931307E-15, 8.000000000000000000, 20.80000000000000426 ) ) ;
#7490 = AXIS2_PLACEMENT_3D ( 'NONE', #9893, #1249, #4009 ) ;
#7491 = ORIENTED_EDGE ( 'NONE', *, *, #1822, .F. ) ;
#7492 = VECTOR ( 'NONE', #1955, 1000.000000000000000 ) ;
#7493 = VECTOR ( 'NONE', #3832, 1000.000000000000000 ) ;
#7494 = DIRECTION ( 'NONE',  ( 0.000000000000000000, 0.000000000000000000, -1.000000000000000000 ) ) ;
#7495 = CYLINDRICAL_SURFACE ( 'NONE', #7931, 5.195000000000000284 ) ;
#7496 = CARTESIAN_POINT ( 'NONE',  ( -17.58578643762691485, 39.80000000000000426, 20.00000000000000355 ) ) ;
#7497 =( REPRESENTATION_RELATIONSHIP ('NONE','NONE', #2684, #3966 ) REPRESENTATION_RELATIONSHIP_WITH_TRANSFORMATION ( #741 )SHAPE_REPRESENTATION_RELATIONSHIP( ) );
#7498 = FACE_OUTER_BOUND ( 'NONE', #7675, .T. ) ;
#7499 = DIRECTION ( 'NONE',  ( -0.000000000000000000, -0.000000000000000000, 1.000000000000000000 ) ) ;
#7500 = ADVANCED_FACE ( 'NONE', ( #2884 ), #7701, .F. ) ;
#7501 =( NAMED_UNIT ( * ) PLANE_ANGLE_UNIT ( ) SI_UNIT ( $, .RADIAN. ) );
#7502 = VERTEX_POINT ( 'NONE', #1780 ) ;
#7503 = VECTOR ( 'NONE', #11619, 1000.000000000000000 ) ;
#7504 = EDGE_LOOP ( 'NONE', ( #8023, #5332, #584, #12037 ) ) ;
#7505 = LINE ( 'NONE', #11338, #10774 ) ;
#7506 = VERTEX_POINT ( 'NONE', #5583 ) ;
#7507 = CARTESIAN_POINT ( 'NONE',  ( -6.665645171607513575, 0.5213160713288503834, -2.000000000000000000 ) ) ;
#7508 = CARTESIAN_POINT ( 'NONE',  ( 17.58578643762691129, 32.20000000000000284, 21.00000000000000000 ) ) ;
#7509 = ORIENTED_EDGE ( 'NONE', *, *, #3070, .T. ) ;
#7510 = DIRECTION ( 'NONE',  ( 0.000000000000000000, 0.000000000000000000, 1.000000000000000000 ) ) ;
#7511 = DIRECTION ( 'NONE',  ( -1.000000000000000000, 0.000000000000000000, 0.000000000000000000 ) ) ;
#7512 = AXIS2_PLACEMENT_3D ( 'NONE', #4492, #3438, #7252 ) ;
#7513 = CYLINDRICAL_SURFACE ( 'NONE', #7767, 0.2000000000000022871 ) ;
#7514 = ADVANCED_FACE ( 'NONE', ( #2767 ), #8646, .T. ) ;
#7515 = FACE_OUTER_BOUND ( 'NONE', #11483, .T. ) ;
#7516 = EDGE_CURVE ( 'NONE', #776, #3637, #912, .T. ) ;
#7517 = LINE ( 'NONE', #7401, #5761 ) ;
#7518 = EDGE_LOOP ( 'NONE', ( #8893 ) ) ;
#7519 = ORIENTED_EDGE ( 'NONE', *, *, #285, .T. ) ;
#7520 = AXIS2_PLACEMENT_3D ( 'NONE', #3304, #2629, #2561 ) ;
#7521 = CARTESIAN_POINT ( 'NONE',  ( -0.5199999999998036193, 3.900000000000267253, -870.0000000000000000 ) ) ;
#7522 = CARTESIAN_POINT ( 'NONE',  ( -3.099999999999454303, -8.000000000000000000, -870.0000000000000000 ) ) ;
#7523 = ORIENTED_EDGE ( 'NONE', *, *, #2721, .F. ) ;
#7524 = FACE_OUTER_BOUND ( 'NONE', #4839, .T. ) ;
#7525 = DIRECTION ( 'NONE',  ( 1.000000000000000000, 0.000000000000000000, 0.000000000000000000 ) ) ;
#7526 = CARTESIAN_POINT ( 'NONE',  ( -20.69999999999999574, 8.000000000000000000, 15.47157287525383218 ) ) ;
#7527 = EDGE_CURVE ( 'NONE', #1020, #685, #7097, .T. ) ;
#7528 = CYLINDRICAL_SURFACE ( 'NONE', #4008, 0.2799999999999990274 ) ;
#7529 = ADVANCED_FACE ( 'NONE', ( #9029, #9908 ), #2270, .F. ) ;
#7530 = AXIS2_PLACEMENT_3D ( 'NONE', #1554, #5239, #7175 ) ;
#7531 = CARTESIAN_POINT ( 'NONE',  ( 30.00000000000000000, 30.00000000000000711, 5.000000000000000000 ) ) ;
#7532 = ORIENTED_EDGE ( 'NONE', *, *, #5652, .T. ) ;
#7533 = VERTEX_POINT ( 'NONE', #7886 ) ;
#7534 = CARTESIAN_POINT ( 'NONE',  ( -2.692307692307692513, 48.80769230769231370, -0.5769230769230765388 ) ) ;
#7535 = VERTEX_POINT ( 'NONE', #8901 ) ;
#7536 = AXIS2_PLACEMENT_3D ( 'NONE', #7858, #5910, #8735 ) ;
#7537 = CIRCLE ( 'NONE', #4738, 0.2000000000000002887 ) ;
#7538 = CARTESIAN_POINT ( 'NONE',  ( 20.70710678118654613, 40.00000000000000000, 18.29289321881347163 ) ) ;
#7539 = ORIENTED_EDGE ( 'NONE', *, *, #5633, .F. ) ;
#7540 = CARTESIAN_POINT ( 'NONE',  ( 5.502858276596627185, -2.453400861598449278, -13.00000000000000000 ) ) ;
#7541 = CARTESIAN_POINT ( 'NONE',  ( -10.00000000000000000, 3.599999999999909051, -870.0000000000000000 ) ) ;
#7542 = FACE_OUTER_BOUND ( 'NONE', #1007, .T. ) ;
#7543 = FACE_OUTER_BOUND ( 'NONE', #4676, .T. ) ;
#7544 = DIRECTION ( 'NONE',  ( 0.000000000000000000, 1.000000000000000000, 0.000000000000000000 ) ) ;
#7545 = EDGE_CURVE ( 'NONE', #2320, #10077, #445, .T. ) ;
#7546 = CARTESIAN_POINT ( 'NONE',  ( -20.99999999999999645, 0.000000000000000000, 20.80000000000000426 ) ) ;
#7547 = AXIS2_PLACEMENT_3D ( 'NONE', #6413, #3477, #850 ) ;
#7548 = VECTOR ( 'NONE', #8951, 1000.000000000000000 ) ;
#7549 = CIRCLE ( 'NONE', #2370, 5.194999999999998508 ) ;
#7550 = ORIENTED_EDGE ( 'NONE', *, *, #8767, .T. ) ;
#7551 = ITEM_DEFINED_TRANSFORMATION ( 'NONE', 'NONE', #3129,  #11368 ) ;
#7552 = ORIENTED_EDGE ( 'NONE', *, *, #12328, .F. ) ;
#7553 = ADVANCED_FACE ( 'NONE', ( #6134 ), #6070, .T. ) ;
#7554 = PRODUCT_DEFINITION_CONTEXT ( 'detailed design', #10318, 'design' ) ;
#7555 = CYLINDRICAL_SURFACE ( 'NONE', #9987, 0.2800000000000007483 ) ;
#7556 = CARTESIAN_POINT ( 'NONE',  ( 0.000000000000000000, 24.99999999999999645, 5.000000000000000000 ) ) ;
#7557 = VECTOR ( 'NONE', #1885, 1000.000000000000000 ) ;
#7558 = ORIENTED_EDGE ( 'NONE', *, *, #11413, .F. ) ;
#7559 = VECTOR ( 'NONE', #6714, 1000.000000000000000 ) ;
#7560 = VECTOR ( 'NONE', #12183, 1000.000000000000000 ) ;
#7561 = CIRCLE ( 'NONE', #774, 1.975000000000037392 ) ;
#7562 = CARTESIAN_POINT ( 'NONE',  ( 16.50000000000000000, -3.469446951953614189E-15, -5.000000000000000000 ) ) ;
#7563 = DIRECTION ( 'NONE',  ( -0.000000000000000000, -0.000000000000000000, -1.000000000000000000 ) ) ;
#7564 = SURFACE_STYLE_USAGE ( .BOTH. , #3878 ) ;
#7565 = CARTESIAN_POINT ( 'NONE',  ( 20.00000000000000355, 39.80000000000000426, 17.58578643762692550 ) ) ;
#7566 = ADVANCED_FACE ( 'NONE', ( #4023 ), #196, .T. ) ;
#7567 = CARTESIAN_POINT ( 'NONE',  ( -5.597711953606976820, -2.901490286808757091, -13.00000000000000000 ) ) ;
#7568 = AXIS2_PLACEMENT_3D ( 'NONE', #7314, #1572, #2744 ) ;
#7569 = AXIS2_PLACEMENT_3D ( 'NONE', #7055, #10893, #3938 ) ;
#7570 = VECTOR ( 'NONE', #7405, 1000.000000000000000 ) ;
#7571 = ORIENTED_EDGE ( 'NONE', *, *, #6541, .T. ) ;
#7572 = EDGE_CURVE ( 'NONE', #9414, #10217, #8963, .T. ) ;
#7573 = ORIENTED_EDGE ( 'NONE', *, *, #9586, .F. ) ;
#7574 = ORIENTED_EDGE ( 'NONE', *, *, #6933, .F. ) ;
#7575 = DIRECTION ( 'NONE',  ( 0.000000000000000000, 0.000000000000000000, -1.000000000000000000 ) ) ;
#7576 = ORIENTED_EDGE ( 'NONE', *, *, #1341, .T. ) ;
#7577 = DIRECTION ( 'NONE',  ( -0.000000000000000000, 1.000000000000000000, -0.000000000000000000 ) ) ;
#7578 = EDGE_CURVE ( 'NONE', #3637, #6138, #380, .T. ) ;
#7579 = FACE_OUTER_BOUND ( 'NONE', #10872, .T. ) ;
#7580 = ORIENTED_EDGE ( 'NONE', *, *, #5310, .F. ) ;
#7581 = AXIS2_PLACEMENT_3D ( 'NONE', #4543, #2553, #9440 ) ;
#7582 = CIRCLE ( 'NONE', #8196, 2.099999999999997868 ) ;
#7583 = DIRECTION ( 'NONE',  ( 0.000000000000000000, 0.000000000000000000, -1.000000000000000000 ) ) ;
#7584 = CIRCLE ( 'NONE', #6780, 0.2800000000000007483 ) ;
#7585 = DIRECTION ( 'NONE',  ( -9.035018104045165147E-14, 1.000000000000000000, 0.000000000000000000 ) ) ;
#7586 = CARTESIAN_POINT ( 'NONE',  ( 9.500000000000000000, 3.099999999999909051, -870.0000000000000000 ) ) ;
#7587 = DIRECTION ( 'NONE',  ( -1.000000000000000000, 9.035018104044462114E-14, 0.000000000000000000 ) ) ;
#7588 = CARTESIAN_POINT ( 'NONE',  ( -3.249999999999999112, -5.000000000000000000, 0.000000000000000000 ) ) ;
#7589 = ORIENTED_EDGE ( 'NONE', *, *, #5573, .F. ) ;
#7590 = AXIS2_PLACEMENT_3D ( 'NONE', #12108, #605, #4471 ) ;
#7591 = AXIS2_PLACEMENT_3D ( 'NONE', #11935, #11814, #10944 ) ;
#7592 = ORIENTED_EDGE ( 'NONE', *, *, #8008, .F. ) ;
#7593 = LINE ( 'NONE', #11426, #10907 ) ;
#7594 = DIRECTION ( 'NONE',  ( 0.000000000000000000, 1.000000000000000000, -0.000000000000000000 ) ) ;
#7595 = ORIENTED_EDGE ( 'NONE', *, *, #4883, .F. ) ;
#7596 = DIRECTION ( 'NONE',  ( -1.000000000000000000, 0.000000000000000000, 0.000000000000000000 ) ) ;
#7597 = ADVANCED_FACE ( 'NONE', ( #4135, #4205, #8018, #4264, #3256, #7068 ), #8839, .T. ) ;
#7598 = CARTESIAN_POINT ( 'NONE',  ( -9.500000000000000000, -3.599999999999909051, -870.0000000000000000 ) ) ;
#7599 = CIRCLE ( 'NONE', #3202, 1.975000000000012301 ) ;
#7600 = CARTESIAN_POINT ( 'NONE',  ( 10.00000000000000000, -8.500000000000000000, -89.99999999999997158 ) ) ;
#7601 = CARTESIAN_POINT ( 'NONE',  ( -3.818708854640332717, 3.599540352876276383, -13.00000000000000000 ) ) ;
#7602 = LINE ( 'NONE', #6778, #7559 ) ;
#7603 = ORIENTED_EDGE ( 'NONE', *, *, #3625, .F. ) ;
#7604 = VERTEX_POINT ( 'NONE', #9848 ) ;
#7605 = AXIS2_PLACEMENT_3D ( 'NONE', #7507, #12275, #945 ) ;
#7606 = CARTESIAN_POINT ( 'NONE',  ( 3.600000000000137312, 2.262729933977247754E-13, -89.99999999999997158 ) ) ;
#7607 = ADVANCED_FACE ( 'NONE', ( #4077 ), #1397, .T. ) ;
#7608 = ORIENTED_EDGE ( 'NONE', *, *, #2919, .F. ) ;
#7609 = CARTESIAN_POINT ( 'NONE',  ( -4.127586995253213153, 4.444537192309537588, -2.000000000000000000 ) ) ;
#7610 = ORIENTED_EDGE ( 'NONE', *, *, #8108, .F. ) ;
#7611 = DIRECTION ( 'NONE',  ( 0.000000000000000000, 0.000000000000000000, -1.000000000000000000 ) ) ;
#7612 = DIRECTION ( 'NONE',  ( -0.000000000000000000, -0.000000000000000000, 1.000000000000000000 ) ) ;
#7613 = DIRECTION ( 'NONE',  ( 0.000000000000000000, 0.000000000000000000, 1.000000000000000000 ) ) ;
#7614 = CARTESIAN_POINT ( 'NONE',  ( 6.665645171607498476, -0.5213160713288672587, -13.00000000000000000 ) ) ;
#7615 = FACE_OUTER_BOUND ( 'NONE', #11513, .T. ) ;
#7616 = AXIS2_PLACEMENT_3D ( 'NONE', #6005, #3126, #10655 ) ;
#7617 = LINE ( 'NONE', #5797, #11733 ) ;
#7618 = ORIENTED_EDGE ( 'NONE', *, *, #9645, .F. ) ;
#7619 = ORIENTED_EDGE ( 'NONE', *, *, #2808, .T. ) ;
#7620 = CARTESIAN_POINT ( 'NONE',  ( -5.273886783729711425, 0.8689897539102943158, -13.00000000000000000 ) ) ;
#7621 = ADVANCED_FACE ( 'NONE', ( #7948 ), #7109, .T. ) ;
#7622 = EDGE_CURVE ( 'NONE', #1063, #6302, #9715, .T. ) ;
#7623 = DIRECTION ( 'NONE',  ( -0.000000000000000000, -0.000000000000000000, 1.000000000000000000 ) ) ;
#7624 = VECTOR ( 'NONE', #10877, 1000.000000000000000 ) ;
#7625 = ORIENTED_EDGE ( 'NONE', *, *, #1002, .T. ) ;
#7626 = CARTESIAN_POINT ( 'NONE',  ( -20.70710678118654968, 0.1999999999999996503, -18.29289321881346808 ) ) ;
#7627 = PLANE ( 'NONE',  #11352 ) ;
#7628 = FILL_AREA_STYLE_COLOUR ( '', #486 ) ;
#7629 = DIRECTION ( 'NONE',  ( -0.000000000000000000, 1.000000000000000000, -0.000000000000000000 ) ) ;
#7630 = VECTOR ( 'NONE', #5405, 1000.000000000000000 ) ;
#7631 = ORIENTED_EDGE ( 'NONE', *, *, #11201, .F. ) ;
#7632 = ORIENTED_EDGE ( 'NONE', *, *, #1360, .T. ) ;
#7633 = EDGE_LOOP ( 'NONE', ( #8744, #11111, #6421, #6702 ) ) ;
#7634 = EDGE_CURVE ( 'NONE', #6284, #8491, #1727, .T. ) ;
#7635 = CARTESIAN_POINT ( 'NONE',  ( -17.58578643762691485, 32.00000000000000000, 20.80000000000000426 ) ) ;
#7636 = VERTEX_POINT ( 'NONE', #6883 ) ;
#7637 = DIRECTION ( 'NONE',  ( -0.7071067811865463515, -0.000000000000000000, -0.7071067811865487940 ) ) ;
#7638 = CYLINDRICAL_SURFACE ( 'NONE', #2113, 1.000000000000000888 ) ;
#7639 = ORIENTED_EDGE ( 'NONE', *, *, #9927, .F. ) ;
#7640 = VECTOR ( 'NONE', #4643, 1000.000000000000000 ) ;
#7641 = CARTESIAN_POINT ( 'NONE',  ( -5.500000000000000000, -8.000000000000000000, -870.0000000000000000 ) ) ;
#7642 = LINE ( 'NONE', #6642, #10914 ) ;
#7643 = EDGE_CURVE ( 'NONE', #11868, #7720, #6944, .T. ) ;
#7644 = CARTESIAN_POINT ( 'NONE',  ( 20.70000000000000284, 32.00000000000000000, -15.47157287525382507 ) ) ;
#7645 = CARTESIAN_POINT ( 'NONE',  ( 3.900000000000319655, -0.5189999999997791935, -870.0000000000000000 ) ) ;
#7646 = VERTEX_POINT ( 'NONE', #3957 ) ;
#7647 = ORIENTED_EDGE ( 'NONE', *, *, #10245, .T. ) ;
#7648 = ADVANCED_FACE ( 'NONE', ( #10976 ), #7135, .F. ) ;
#7649 = ORIENTED_EDGE ( 'NONE', *, *, #10294, .F. ) ;
#7650 = DIRECTION ( 'NONE',  ( -0.000000000000000000, -0.000000000000000000, -1.000000000000000000 ) ) ;
#7651 = DIRECTION ( 'NONE',  ( 1.000000000000000000, 0.000000000000000000, 6.650697032498941662E-16 ) ) ;
#7652 = ORIENTED_EDGE ( 'NONE', *, *, #3016, .F. ) ;
#7653 = DIRECTION ( 'NONE',  ( 0.000000000000000000, -1.000000000000000000, 0.000000000000000000 ) ) ;
#7654 = PLANE ( 'NONE',  #10246 ) ;
#7655 = DIRECTION ( 'NONE',  ( 0.000000000000000000, 0.000000000000000000, -1.000000000000000000 ) ) ;
#7656 = DIRECTION ( 'NONE',  ( 0.000000000000000000, 0.000000000000000000, -1.000000000000000000 ) ) ;
#7657 = DIRECTION ( 'NONE',  ( 3.325348516249470831E-16, 0.000000000000000000, -1.000000000000000000 ) ) ;
#7658 = EDGE_CURVE ( 'NONE', #9287, #10357, #7703, .T. ) ;
#7659 = ORIENTED_EDGE ( 'NONE', *, *, #7860, .F. ) ;
#7660 = ORIENTED_EDGE ( 'NONE', *, *, #8518, .T. ) ;
#7661 = CARTESIAN_POINT ( 'NONE',  ( -2.000000000000000888, 49.50000000000000000, -1.499999999999999334 ) ) ;
#7662 = ORIENTED_EDGE ( 'NONE', *, *, #7658, .T. ) ;
#7663 = DIRECTION ( 'NONE',  ( 0.000000000000000000, 0.000000000000000000, 1.000000000000000000 ) ) ;
#7664 = ORIENTED_EDGE ( 'NONE', *, *, #300, .F. ) ;
#7665 = FACE_OUTER_BOUND ( 'NONE', #5928, .T. ) ;
#7666 = CARTESIAN_POINT ( 'NONE',  ( -0.9749999999999728884, -6.614527269578664992, -13.00000000000000000 ) ) ;
#7667 = DIRECTION ( 'NONE',  ( 0.000000000000000000, -0.000000000000000000, -1.000000000000000000 ) ) ;
#7668 = PLANE ( 'NONE',  #4093 ) ;
#7669 = CYLINDRICAL_SURFACE ( 'NONE', #6381, 1.000000000000000888 ) ;
#7670 = DIRECTION ( 'NONE',  ( 0.000000000000000000, -0.000000000000000000, 1.000000000000000000 ) ) ;
#7671 = ADVANCED_FACE ( 'NONE', ( #573 ), #6263, .T. ) ;
#7672 = EDGE_CURVE ( 'NONE', #11370, #10856, #690, .T. ) ;
#7673 = ORIENTED_EDGE ( 'NONE', *, *, #2578, .F. ) ;
#7674 = AXIS2_PLACEMENT_3D ( 'NONE', #3175, #5860, #356 ) ;
#7675 = EDGE_LOOP ( 'NONE', ( #6110 ) ) ;
#7676 = CIRCLE ( 'NONE', #2496, 1.975000000000032285 ) ;
#7677 = DIRECTION ( 'NONE',  ( 1.000000000000000000, 0.000000000000000000, 0.000000000000000000 ) ) ;
#7678 = CARTESIAN_POINT ( 'NONE',  ( 21.00000000000000355, 39.80000000000000426, 17.58578643762692550 ) ) ;
#7679 = ORIENTED_EDGE ( 'NONE', *, *, #2939, .F. ) ;
#7680 = DIRECTION ( 'NONE',  ( -0.000000000000000000, -0.000000000000000000, 1.000000000000000000 ) ) ;
#7681 = DIRECTION ( 'NONE',  ( -0.7071067811865474617, 0.000000000000000000, -0.7071067811865474617 ) ) ;
#7682 = FACE_OUTER_BOUND ( 'NONE', #8376, .T. ) ;
#7683 = VECTOR ( 'NONE', #8484, 1000.000000000000000 ) ;
#7684 = DIRECTION ( 'NONE',  ( -1.000000000000000000, 0.000000000000000000, 0.000000000000000000 ) ) ;
#7685 = AXIS2_PLACEMENT_3D ( 'NONE', #4277, #157, #8093 ) ;
#7686 = ADVANCED_FACE ( 'NONE', ( #5447 ), #6204, .T. ) ;
#7687 = EDGE_CURVE ( 'NONE', #11757, #10915, #3173, .T. ) ;
#7688 = EDGE_CURVE ( 'NONE', #6783, #9885, #1581, .T. ) ;
#7689 = ORIENTED_EDGE ( 'NONE', *, *, #4657, .F. ) ;
#7690 = ORIENTED_EDGE ( 'NONE', *, *, #8652, .F. ) ;
#7691 = CIRCLE ( 'NONE', #100, 1.310500000000000886 ) ;
#7692 = ORIENTED_EDGE ( 'NONE', *, *, #4266, .F. ) ;
#7693 = AXIS2_PLACEMENT_3D ( 'NONE', #1714, #1476, #1593 ) ;
#7694 = DIRECTION ( 'NONE',  ( -0.000000000000000000, -0.000000000000000000, 1.000000000000000000 ) ) ;
#7695 = ORIENTED_EDGE ( 'NONE', *, *, #1773, .F. ) ;
#7696 = DIRECTION ( 'NONE',  ( 1.000000000000000000, -0.000000000000000000, -0.000000000000000000 ) ) ;
#7697 = CARTESIAN_POINT ( 'NONE',  ( 17.58578643762691840, 40.00000000000000000, -20.00000000000000355 ) ) ;
#7698 = EDGE_LOOP ( 'NONE', ( #2818, #2482, #10303, #10116 ) ) ;
#7699 = CARTESIAN_POINT ( 'NONE',  ( -5.349122049243778321, -2.772637427124941656, -2.000000000000000000 ) ) ;
#7700 = ORIENTED_EDGE ( 'NONE', *, *, #4779, .T. ) ;
#7701 = PLANE ( 'NONE',  #6686 ) ;
#7702 = CARTESIAN_POINT ( 'NONE',  ( 8.500000000000000000, 8.500000000000000000, -89.99999999999997158 ) ) ;
#7703 = CIRCLE ( 'NONE', #1327, 1.000000000000000888 ) ;
#7704 = DIRECTION ( 'NONE',  ( -0.000000000000000000, -0.000000000000000000, -1.000000000000000000 ) ) ;
#7705 = EDGE_CURVE ( 'NONE', #103, #5454, #9222, .T. ) ;
#7706 = VERTEX_POINT ( 'NONE', #9537 ) ;
#7707 = ORIENTED_EDGE ( 'NONE', *, *, #10700, .F. ) ;
#7708 = ORIENTED_EDGE ( 'NONE', *, *, #5722, .F. ) ;
#7709 = ADVANCED_FACE ( 'NONE', ( #2577, #8138 ), #1465, .F. ) ;
#7710 = CARTESIAN_POINT ( 'NONE',  ( -8.000000000000000000, -3.099999999999909051, -870.0000000000000000 ) ) ;
#7711 = ORIENTED_EDGE ( 'NONE', *, *, #10436, .F. ) ;
#7712 = CIRCLE ( 'NONE', #9723, 0.1499999999999973577 ) ;
#7713 = DIRECTION ( 'NONE',  ( 0.000000000000000000, 0.000000000000000000, 1.000000000000000000 ) ) ;
#7714 = LINE ( 'NONE', #7598, #3633 ) ;
#7715 = CARTESIAN_POINT ( 'NONE',  ( -4.563543104187643529, 4.886375992105164379, -13.00000000000000000 ) ) ;
#7716 = EDGE_CURVE ( 'NONE', #9294, #1267, #7186, .T. ) ;
#7717 = LINE ( 'NONE', #10551, #6560 ) ;
#7718 = CIRCLE ( 'NONE', #10534, 6.304999999999999716 ) ;
#7719 = SHAPE_REPRESENTATION ( '\X2\540c6b655e268f6e56fa5b9a677f\X0\', ( #11368 ), #7123 ) ;
#7720 = VERTEX_POINT ( 'NONE', #6378 ) ;
#7721 = ORIENTED_EDGE ( 'NONE', *, *, #581, .F. ) ;
#7722 = ORIENTED_EDGE ( 'NONE', *, *, #3097, .T. ) ;
#7723 = PLANE ( 'NONE',  #4589 ) ;
#7724 = ORIENTED_EDGE ( 'NONE', *, *, #12176, .F. ) ;
#7725 = CARTESIAN_POINT ( 'NONE',  ( -18.29289321881346453, 7.800000000000000711, 20.70710678118654968 ) ) ;
#7726 = VECTOR ( 'NONE', #6045, 1000.000000000000000 ) ;
#7727 = EDGE_CURVE ( 'NONE', #2517, #5526, #6158, .T. ) ;
#7728 = CARTESIAN_POINT ( 'NONE',  ( -15.50000000000000000, 35.50000000000000711, -15.50000000000000000 ) ) ;
#7729 = FACE_BOUND ( 'NONE', #6445, .T. ) ;
#7730 = DIRECTION ( 'NONE',  ( -0.000000000000000000, -1.000000000000000000, -0.000000000000000000 ) ) ;
#7731 = DIRECTION ( 'NONE',  ( -0.000000000000000000, 1.000000000000000000, 0.000000000000000000 ) ) ;
#7732 = CYLINDRICAL_SURFACE ( 'NONE', #3732, 5.194999999999999396 ) ;
#7733 = VERTEX_POINT ( 'NONE', #7208 ) ;
#7734 = CONTEXT_DEPENDENT_SHAPE_REPRESENTATION ( #1996, #5525 ) ;
#7735 = ORIENTED_EDGE ( 'NONE', *, *, #206, .F. ) ;
#7736 = APPLICATION_CONTEXT ( 'automotive_design' ) ;
#7737 = VECTOR ( 'NONE', #11217, 1000.000000000000000 ) ;
#7738 = DIRECTION ( 'NONE',  ( -0.000000000000000000, -0.000000000000000000, -1.000000000000000000 ) ) ;
#7739 = CARTESIAN_POINT ( 'NONE',  ( -6.048387499772772458, -0.4559538461277344301, -13.00000000000000000 ) ) ;
#7740 = ORIENTED_EDGE ( 'NONE', *, *, #4527, .T. ) ;
#7741 = EDGE_CURVE ( 'NONE', #12270, #262, #8206, .T. ) ;
#7742 = FACE_OUTER_BOUND ( 'NONE', #10375, .T. ) ;
#7743 = DIRECTION ( 'NONE',  ( 0.000000000000000000, 0.000000000000000000, 1.000000000000000000 ) ) ;
#7744 = CYLINDRICAL_SURFACE ( 'NONE', #6282, 0.1999999999999987899 ) ;
#7745 = VECTOR ( 'NONE', #9909, 1000.000000000000000 ) ;
#7746 = DIRECTION ( 'NONE',  ( -0.000000000000000000, -0.000000000000000000, 1.000000000000000000 ) ) ;
#7747 = AXIS2_PLACEMENT_3D ( 'NONE', #6053, #8942, #357 ) ;
#7748 = VERTEX_POINT ( 'NONE', #7263 ) ;
#7749 = VERTEX_POINT ( 'NONE', #10220 ) ;
#7750 = VECTOR ( 'NONE', #3661, 1000.000000000000114 ) ;
#7751 = AXIS2_PLACEMENT_3D ( 'NONE', #2510, #5380, #4620 ) ;
#7752 = ORIENTED_EDGE ( 'NONE', *, *, #2143, .T. ) ;
#7753 = AXIS2_PLACEMENT_3D ( 'NONE', #2035, #4715, #5836 ) ;
#7754 = CARTESIAN_POINT ( 'NONE',  ( 8.000000000000216716, -5.500000000000095035, -89.99999999999997158 ) ) ;
#7755 = VERTEX_POINT ( 'NONE', #5503 ) ;
#7756 = EDGE_CURVE ( 'NONE', #6254, #10033, #2459, .T. ) ;
#7757 = EDGE_CURVE ( 'NONE', #4654, #1679, #10156, .T. ) ;
#7758 = PLANE ( 'NONE',  #11624 ) ;
#7759 = LINE ( 'NONE', #252, #5311 ) ;
#7760 = ORIENTED_EDGE ( 'NONE', *, *, #2557, .T. ) ;
#7761 = DIRECTION ( 'NONE',  ( -0.000000000000000000, -0.000000000000000000, 1.000000000000000000 ) ) ;
#7762 = ORIENTED_EDGE ( 'NONE', *, *, #6389, .F. ) ;
#7763 = PLANE ( 'NONE',  #514 ) ;
#7764 = CARTESIAN_POINT ( 'NONE',  ( 3.900000000000319655, 2.910000000000308340, -870.0000000000000000 ) ) ;
#7765 = AXIS2_PLACEMENT_3D ( 'NONE', #7223, #10867, #11058 ) ;
#7766 = VECTOR ( 'NONE', #6111, 1000.000000000000000 ) ;
#7767 = AXIS2_PLACEMENT_3D ( 'NONE', #11347, #2769, #6583 ) ;
#7768 = CARTESIAN_POINT ( 'NONE',  ( 5.000000000000000000, 0.000000000000000000, 0.000000000000000000 ) ) ;
#7769 = ORIENTED_EDGE ( 'NONE', *, *, #11941, .T. ) ;
#7770 = ORIENTED_EDGE ( 'NONE', *, *, #6922, .T. ) ;
#7771 = VECTOR ( 'NONE', #1109, 1000.000000000000000 ) ;
#7772 = DIRECTION ( 'NONE',  ( -1.000000000000000000, 0.000000000000000000, 0.000000000000000000 ) ) ;
#7773 = ORIENTED_EDGE ( 'NONE', *, *, #1141, .F. ) ;
#7774 = VECTOR ( 'NONE', #6996, 1000.000000000000000 ) ;
#7775 = EDGE_CURVE ( 'NONE', #8103, #3151, #10279, .T. ) ;
#7776 = AXIS2_PLACEMENT_3D ( 'NONE', #3794, #5786, #10494 ) ;
#7777 = EDGE_CURVE ( 'NONE', #6072, #6072, #9794, .T. ) ;
#7778 = PLANE ( 'NONE',  #11410 ) ;
#7779 = LINE ( 'NONE', #2588, #2317 ) ;
#7780 = DIRECTION ( 'NONE',  ( -0.000000000000000000, -0.000000000000000000, 1.000000000000000000 ) ) ;
#7781 = FACE_OUTER_BOUND ( 'NONE', #4242, .T. ) ;
#7782 = CARTESIAN_POINT ( 'NONE',  ( -20.70710678118654968, 40.00000000000000000, -18.29289321881346808 ) ) ;
#7783 = DIRECTION ( 'NONE',  ( -0.000000000000000000, -0.000000000000000000, 1.000000000000000000 ) ) ;
#7784 = VECTOR ( 'NONE', #5788, 1000.000000000000000 ) ;
#7785 = AXIS2_PLACEMENT_3D ( 'NONE', #11140, #2559, #9266 ) ;
#7786 = ORIENTED_EDGE ( 'NONE', *, *, #9105, .T. ) ;
#7787 = ORIENTED_EDGE ( 'NONE', *, *, #2669, .F. ) ;
#7788 = DIRECTION ( 'NONE',  ( 0.000000000000000000, 0.000000000000000000, 1.000000000000000000 ) ) ;
#7789 = VERTEX_POINT ( 'NONE', #5811 ) ;
#7790 = EDGE_CURVE ( 'NONE', #1404, #2522, #1881, .T. ) ;
#7791 = DIRECTION ( 'NONE',  ( 1.000000000000000000, 0.000000000000000000, 0.000000000000000000 ) ) ;
#7792 = VECTOR ( 'NONE', #5216, 1000.000000000000000 ) ;
#7793 = CIRCLE ( 'NONE', #12378, 0.2800000000000007483 ) ;
#7794 = CARTESIAN_POINT ( 'NONE',  ( 6.022394731077292285, -0.1771629280985726196, -2.000000000000000000 ) ) ;
#7795 = FACE_OUTER_BOUND ( 'NONE', #3293, .T. ) ;
#7796 = DIRECTION ( 'NONE',  ( -0.000000000000000000, -0.000000000000000000, 1.000000000000000000 ) ) ;
#7797 = DIRECTION ( 'NONE',  ( -1.000000000000000000, 0.000000000000000000, 0.000000000000000000 ) ) ;
#7798 = CARTESIAN_POINT ( 'NONE',  ( 8.500000000000000000, 10.00000000000000000, -89.99999999999997158 ) ) ;
#7799 = EDGE_CURVE ( 'NONE', #245, #10552, #6682, .T. ) ;
#7800 = CARTESIAN_POINT ( 'NONE',  ( 1.583135775599253670, -6.103007956411143908, -13.00000000000000000 ) ) ;
#7801 = LINE ( 'NONE', #5911, #4534 ) ;
#7802 = CIRCLE ( 'NONE', #9420, 1.975000000000027844 ) ;
#7803 = EDGE_LOOP ( 'NONE', ( #12117, #5156, #11306, #8724 ) ) ;
#7804 = ORIENTED_EDGE ( 'NONE', *, *, #8847, .F. ) ;
#7805 = DIRECTION ( 'NONE',  ( -1.000000000000000000, 0.000000000000000000, 0.000000000000000000 ) ) ;
#7806 = FACE_BOUND ( 'NONE', #2246, .T. ) ;
#7807 = EDGE_LOOP ( 'NONE', ( #4098, #7883, #1788, #10256 ) ) ;
#7808 = CARTESIAN_POINT ( 'NONE',  ( -15.50000000000000000, 40.00000000000000000, -15.50000000000000000 ) ) ;
#7809 = AXIS2_PLACEMENT_3D ( 'NONE', #7854, #1288, #8172 ) ;
#7810 = CARTESIAN_POINT ( 'NONE',  ( -5.195159997428645759, 0.7413101035398989014, -13.00000000000000000 ) ) ;
#7811 = DIRECTION ( 'NONE',  ( -0.000000000000000000, 0.000000000000000000, 1.000000000000000000 ) ) ;
#7812 = CARTESIAN_POINT ( 'NONE',  ( -20.70710678118653902, 32.00000000000000000, 18.29289321881346453 ) ) ;
#7813 = CARTESIAN_POINT ( 'NONE',  ( 4.178303852462640577, 22.56776167044041870, 1090.000000000000000 ) ) ;
#7814 = VERTEX_POINT ( 'NONE', #11461 ) ;
#7815 = EDGE_CURVE ( 'NONE', #9705, #5526, #1941, .T. ) ;
#7816 = AXIS2_PLACEMENT_3D ( 'NONE', #5598, #8411, #4531 ) ;
#7817 = ORIENTED_EDGE ( 'NONE', *, *, #6394, .T. ) ;
#7818 = ORIENTED_EDGE ( 'NONE', *, *, #2893, .F. ) ;
#7819 = DIRECTION ( 'NONE',  ( 0.000000000000000000, 0.000000000000000000, -1.000000000000000000 ) ) ;
#7820 = ORIENTED_EDGE ( 'NONE', *, *, #1574, .T. ) ;
#7821 = DIRECTION ( 'NONE',  ( -1.000000000000000000, 0.000000000000000000, 0.000000000000000000 ) ) ;
#7822 = DIRECTION ( 'NONE',  ( 0.000000000000000000, -1.000000000000000000, -0.000000000000000000 ) ) ;
#7823 = ORIENTED_EDGE ( 'NONE', *, *, #3901, .T. ) ;
#7824 = EDGE_CURVE ( 'NONE', #11588, #7876, #2591, .T. ) ;
#7825 = DIRECTION ( 'NONE',  ( 0.000000000000000000, 0.000000000000000000, 1.000000000000000000 ) ) ;
#7826 = ORIENTED_EDGE ( 'NONE', *, *, #2050, .T. ) ;
#7827 = CARTESIAN_POINT ( 'NONE',  ( 3.616390142880778313, 4.818957079542702360, -2.000000000000000000 ) ) ;
#7828 = CIRCLE ( 'NONE', #2831, 0.2000000000000002887 ) ;
#7829 = DIRECTION ( 'NONE',  ( 0.000000000000000000, -1.000000000000000000, -0.000000000000000000 ) ) ;
#7830 = CARTESIAN_POINT ( 'NONE',  ( 0.000000000000000000, 41.50000000000000000, 11.00000000000000000 ) ) ;
#7831 = EDGE_CURVE ( 'NONE', #9885, #8534, #8784, .T. ) ;
#7832 = ORIENTED_EDGE ( 'NONE', *, *, #7029, .T. ) ;
#7833 = EDGE_CURVE ( 'NONE', #3809, #1778, #10337, .T. ) ;
#7834 = ORIENTED_EDGE ( 'NONE', *, *, #3784, .F. ) ;
#7835 = VECTOR ( 'NONE', #398, 1000.000000000000000 ) ;
#7836 = CARTESIAN_POINT ( 'NONE',  ( 20.70000000000000284, 8.000000000000000000, 15.47157287525382507 ) ) ;
#7837 = ORIENTED_EDGE ( 'NONE', *, *, #1162, .F. ) ;
#7838 = DIRECTION ( 'NONE',  ( -1.000000000000000000, 0.000000000000000000, 0.000000000000000000 ) ) ;
#7839 = CARTESIAN_POINT ( 'NONE',  ( 20.00000000000000355, 0.1999999999999987899, 17.58578643762692550 ) ) ;
#7840 = DIRECTION ( 'NONE',  ( 0.000000000000000000, 0.000000000000000000, 1.000000000000000000 ) ) ;
#7841 = DIRECTION ( 'NONE',  ( 0.000000000000000000, 0.000000000000000000, -1.000000000000000000 ) ) ;
#7842 = DIRECTION ( 'NONE',  ( 0.000000000000000000, 0.000000000000000000, 1.000000000000000000 ) ) ;
#7843 = DIRECTION ( 'NONE',  ( 0.000000000000000000, 0.000000000000000000, 1.000000000000000000 ) ) ;
#7844 = CIRCLE ( 'NONE', #3650, 2.099999999999997868 ) ;
#7845 = EDGE_CURVE ( 'NONE', #10986, #11571, #791, .T. ) ;
#7846 = EDGE_CURVE ( 'NONE', #5209, #5209, #10791, .T. ) ;
#7847 = ORIENTED_EDGE ( 'NONE', *, *, #8885, .T. ) ;
#7848 = ADVANCED_FACE ( 'NONE', ( #877, #4684 ), #8380, .F. ) ;
#7849 = VERTEX_POINT ( 'NONE', #4810 ) ;
#7850 = ORIENTED_EDGE ( 'NONE', *, *, #6527, .T. ) ;
#7851 = LINE ( 'NONE', #2356, #8987 ) ;
#7852 = VERTEX_POINT ( 'NONE', #8501 ) ;
#7853 = DIRECTION ( 'NONE',  ( -1.000000000000000000, -9.035018104045171458E-14, 0.000000000000000000 ) ) ;
#7854 = CARTESIAN_POINT ( 'NONE',  ( 3.967618173362243983, 3.581484473009151959, -13.00000000000000000 ) ) ;
#7855 = DIRECTION ( 'NONE',  ( -0.5004443416174119141, 0.8657687109979865792, 0.000000000000000000 ) ) ;
#7856 = DIRECTION ( 'NONE',  ( 0.000000000000000000, 0.000000000000000000, 1.000000000000000000 ) ) ;
#7857 = CARTESIAN_POINT ( 'NONE',  ( -15.47157287525383396, 32.00000000000000000, -20.70000000000000639 ) ) ;
#7858 = CARTESIAN_POINT ( 'NONE',  ( 16.50000000000000355, -16.49999999999998934, -5.000000000000000000 ) ) ;
#7859 = DIRECTION ( 'NONE',  ( 0.000000000000000000, -0.000000000000000000, -1.000000000000000000 ) ) ;
#7860 = EDGE_CURVE ( 'NONE', #12218, #2658, #1763, .T. ) ;
#7861 = VERTEX_POINT ( 'NONE', #5566 ) ;
#7862 = VERTEX_POINT ( 'NONE', #11273 ) ;
#7863 = SURFACE_STYLE_FILL_AREA ( #10886 ) ;
#7864 = DIRECTION ( 'NONE',  ( -1.000000000000000000, 0.000000000000000000, 0.000000000000000000 ) ) ;
#7865 = EDGE_CURVE ( 'NONE', #8836, #1189, #8572, .T. ) ;
#7866 = ORIENTED_EDGE ( 'NONE', *, *, #7833, .F. ) ;
#7867 = CARTESIAN_POINT ( 'NONE',  ( 1.991491178014999974, -6.382519791421588096, -2.000000000000000000 ) ) ;
#7868 = DIRECTION ( 'NONE',  ( -0.000000000000000000, -0.000000000000000000, -1.000000000000000000 ) ) ;
#7869 = CARTESIAN_POINT ( 'NONE',  ( 37.60000000000000853, -0.6514213562373080135, -4.258385887433801031E-14 ) ) ;
#7870 = CARTESIAN_POINT ( 'NONE',  ( 0.000000000000000000, 0.000000000000000000, -13.00000000000000000 ) ) ;
#7871 = AXIS2_PLACEMENT_3D ( 'NONE', #5936, #9904, #10844 ) ;
#7872 = AXIS2_PLACEMENT_3D ( 'NONE', #10584, #6625, #8442 ) ;
#7873 = DIRECTION ( 'NONE',  ( 9.986767357054427202E-17, -0.9999999999999998890, 7.892455732627288664E-17 ) ) ;
#7874 = ORIENTED_EDGE ( 'NONE', *, *, #2506, .F. ) ;
#7875 = CARTESIAN_POINT ( 'NONE',  ( 20.70000000000000284, 32.00000000000000000, 15.47157287525382507 ) ) ;
#7876 = VERTEX_POINT ( 'NONE', #1829 ) ;
#7877 = FACE_BOUND ( 'NONE', #8163, .T. ) ;
#7878 = CARTESIAN_POINT ( 'NONE',  ( 20.00000000000000355, 0.1999999999999987899, 17.58578643762692550 ) ) ;
#7879 = EDGE_LOOP ( 'NONE', ( #5673, #9110, #4478, #10874 ) ) ;
#7880 = CYLINDRICAL_SURFACE ( 'NONE', #6208, 7.500000000000000000 ) ;
#7881 = CIRCLE ( 'NONE', #1084, 0.2800000000000015810 ) ;
#7882 = DIRECTION ( 'NONE',  ( 0.000000000000000000, 0.000000000000000000, 1.000000000000000000 ) ) ;
#7883 = ORIENTED_EDGE ( 'NONE', *, *, #6419, .F. ) ;
#7884 = CARTESIAN_POINT ( 'NONE',  ( 20.70000000000000284, 8.000000000000000000, -15.47157287525382507 ) ) ;
#7885 = VERTEX_POINT ( 'NONE', #12324 ) ;
#7886 = CARTESIAN_POINT ( 'NONE',  ( -5.125882477357501799, 0.8446027636228203850, -2.000000000000000000 ) ) ;
#7887 = EDGE_CURVE ( 'NONE', #8186, #1937, #10396, .T. ) ;
#7888 = LINE ( 'NONE', #2212, #7745 ) ;
#7889 = VERTEX_POINT ( 'NONE', #6206 ) ;
#7890 = AXIS2_PLACEMENT_3D ( 'NONE', #3159, #6725, #8614 ) ;
#7891 = ORIENTED_EDGE ( 'NONE', *, *, #7775, .F. ) ;
#7892 = EDGE_LOOP ( 'NONE', ( #11914 ) ) ;
#7893 = DIRECTION ( 'NONE',  ( -0.000000000000000000, -0.000000000000000000, -1.000000000000000000 ) ) ;
#7894 = ORIENTED_EDGE ( 'NONE', *, *, #5537, .T. ) ;
#7895 = DIRECTION ( 'NONE',  ( 1.000000000000000000, 0.000000000000000000, 0.000000000000000000 ) ) ;
#7896 = FACE_OUTER_BOUND ( 'NONE', #10731, .T. ) ;
#7897 = ADVANCED_FACE ( 'NONE', ( #7498, #11402 ), #4628, .T. ) ;
#7898 = LINE ( 'NONE', #1478, #8840 ) ;
#7899 = VECTOR ( 'NONE', #9874, 1000.000000000000000 ) ;
#7900 = EDGE_CURVE ( 'NONE', #11522, #11209, #3390, .T. ) ;
#7901 = CARTESIAN_POINT ( 'NONE',  ( -20.56568542494924046, 0.2000000000000000111, -18.15147186257615886 ) ) ;
#7902 = DIRECTION ( 'NONE',  ( -0.7071067811865495711, -0.000000000000000000, 0.7071067811865454633 ) ) ;
#7903 = VECTOR ( 'NONE', #1129, 1000.000000000000000 ) ;
#7904 = ORIENTED_EDGE ( 'NONE', *, *, #2098, .F. ) ;
#7905 = ORIENTED_EDGE ( 'NONE', *, *, #6985, .F. ) ;
#7906 = VECTOR ( 'NONE', #4341, 1000.000000000000000 ) ;
#7907 = CARTESIAN_POINT ( 'NONE',  ( 0.3263478462082393672, 5.335027842783507168, -2.000000000000000000 ) ) ;
#7908 = ORIENTED_EDGE ( 'NONE', *, *, #6600, .T. ) ;
#7909 = CARTESIAN_POINT ( 'NONE',  ( 5.597711953606975932, 2.901490286808759311, -13.00000000000000000 ) ) ;
#7910 = ADVANCED_FACE ( 'NONE', ( #5629 ), #2815, .T. ) ;
#7911 = DIRECTION ( 'NONE',  ( -0.000000000000000000, -1.000000000000000000, -0.000000000000000000 ) ) ;
#7912 = EDGE_CURVE ( 'NONE', #1778, #11194, #3821, .T. ) ;
#7913 = FACE_OUTER_BOUND ( 'NONE', #2236, .T. ) ;
#7914 = DIRECTION ( 'NONE',  ( 0.000000000000000000, -1.000000000000000000, 0.000000000000000000 ) ) ;
#7915 = DIRECTION ( 'NONE',  ( 1.000000000000000000, 0.000000000000000000, 0.000000000000000000 ) ) ;
#7916 = AXIS2_PLACEMENT_3D ( 'NONE', #1845, #5407, #12159 ) ;
#7917 = CARTESIAN_POINT ( 'NONE',  ( -17.58578643762690774, 40.00000000000000000, -20.80000000000000071 ) ) ;
#7918 = DIRECTION ( 'NONE',  ( -0.000000000000000000, -0.000000000000000000, 1.000000000000000000 ) ) ;
#7919 = ORIENTED_EDGE ( 'NONE', *, *, #10005, .T. ) ;
#7920 = ORIENTED_EDGE ( 'NONE', *, *, #860, .F. ) ;
#7921 = CARTESIAN_POINT ( 'NONE',  ( -3.899999999999464784, -2.909999999999910880, -870.0000000000000000 ) ) ;
#7922 = VECTOR ( 'NONE', #11636, 1000.000000000000000 ) ;
#7923 = DIRECTION ( 'NONE',  ( 0.000000000000000000, -1.000000000000000000, 0.000000000000000000 ) ) ;
#7924 = ORIENTED_EDGE ( 'NONE', *, *, #10171, .F. ) ;
#7925 = ADVANCED_FACE ( 'NONE', ( #8822 ), #3114, .T. ) ;
#7926 = LINE ( 'NONE', #4115, #3889 ) ;
#7927 = LINE ( 'NONE', #6679, #560 ) ;
#7928 = CYLINDRICAL_SURFACE ( 'NONE', #9491, 1.975000000000018296 ) ;
#7929 = DIRECTION ( 'NONE',  ( 0.000000000000000000, -1.000000000000000000, 0.000000000000000000 ) ) ;
#7930 = CARTESIAN_POINT ( 'NONE',  ( -4.074351959469352913, 4.811723299439425894, -13.00000000000000000 ) ) ;
#7931 = AXIS2_PLACEMENT_3D ( 'NONE', #875, #2747, #1642 ) ;
#7932 = ADVANCED_FACE ( 'NONE', ( #4926 ), #10194, .T. ) ;
#7933 = CARTESIAN_POINT ( 'NONE',  ( 14.17830385246253577, -0.4322383295620753074, 392.0000000000001137 ) ) ;
#7934 = ORIENTED_EDGE ( 'NONE', *, *, #5023, .F. ) ;
#7935 = DIRECTION ( 'NONE',  ( -0.000000000000000000, -0.000000000000000000, 1.000000000000000000 ) ) ;
#7936 = VERTEX_POINT ( 'NONE', #10768 ) ;
#7937 = CARTESIAN_POINT ( 'NONE',  ( -5.128648328663927281, 1.505321002607963310, -13.00000000000000000 ) ) ;
#7938 = LINE ( 'NONE', #11652, #10979 ) ;
#7939 = ORIENTED_EDGE ( 'NONE', *, *, #8772, .F. ) ;
#7940 = AXIS2_PLACEMENT_3D ( 'NONE', #2399, #8774, #3317 ) ;
#7941 = CIRCLE ( 'NONE', #1772, 1.974999999999959455 ) ;
#7942 = EDGE_CURVE ( 'NONE', #2765, #2890, #1114, .T. ) ;
#7943 = CARTESIAN_POINT ( 'NONE',  ( 8.000000000000000000, -3.099999999999909051, -870.0000000000000000 ) ) ;
#7944 = CARTESIAN_POINT ( 'NONE',  ( -0.5199999999998036193, 3.900000000000267253, -870.0000000000000000 ) ) ;
#7945 = ORIENTED_EDGE ( 'NONE', *, *, #6488, .T. ) ;
#7946 = DIRECTION ( 'NONE',  ( 0.7071067811865491270, -0.000000000000000000, -0.7071067811865459074 ) ) ;
#7947 = ORIENTED_EDGE ( 'NONE', *, *, #6244, .T. ) ;
#7948 = FACE_OUTER_BOUND ( 'NONE', #3676, .T. ) ;
#7949 = CARTESIAN_POINT ( 'NONE',  ( 17.58578643762691129, 0.1999999999999987899, 20.00000000000000000 ) ) ;
#7950 = EDGE_CURVE ( 'NONE', #7852, #10359, #9762, .T. ) ;
#7951 = CARTESIAN_POINT ( 'NONE',  ( 2.500000000000000000, 0.000000000000000000, -870.0000000000000000 ) ) ;
#7952 = AXIS2_PLACEMENT_3D ( 'NONE', #11612, #6828, #10797 ) ;
#7953 = CIRCLE ( 'NONE', #2756, 1.499999999999999556 ) ;
#7954 = VECTOR ( 'NONE', #12073, 1000.000000000000000 ) ;
#7955 = EDGE_LOOP ( 'NONE', ( #9805, #11553, #9825, #7225 ) ) ;
#7956 = AXIS2_PLACEMENT_3D ( 'NONE', #6529, #721, #5356 ) ;
#7957 = ORIENTED_EDGE ( 'NONE', *, *, #112, .T. ) ;
#7958 = EDGE_CURVE ( 'NONE', #10792, #10792, #3583, .T. ) ;
#7959 = DIRECTION ( 'NONE',  ( -0.000000000000000000, -0.000000000000000000, -1.000000000000000000 ) ) ;
#7960 = EDGE_LOOP ( 'NONE', ( #12086, #4523, #11928, #6477 ) ) ;
#7961 = DIRECTION ( 'NONE',  ( 0.000000000000000000, -1.000000000000000000, -1.050842105639794542E-14 ) ) ;
#7962 = CARTESIAN_POINT ( 'NONE',  ( 4.251801127475944853, 2.984997851321551821, -13.00000000000000000 ) ) ;
#7963 = ORIENTED_EDGE ( 'NONE', *, *, #2836, .F. ) ;
#7964 = CIRCLE ( 'NONE', #2768, 0.1500000000000012712 ) ;
#7965 = AXIS2_PLACEMENT_3D ( 'NONE', #3590, #3522, #8336 ) ;
#7966 = FACE_OUTER_BOUND ( 'NONE', #713, .T. ) ;
#7967 = VECTOR ( 'NONE', #12318, 1000.000000000000000 ) ;
#7968 = AXIS2_PLACEMENT_3D ( 'NONE', #3646, #7450, #1782 ) ;
#7969 = LINE ( 'NONE', #5149, #976 ) ;
#7970 = DIRECTION ( 'NONE',  ( -0.000000000000000000, -0.000000000000000000, -1.000000000000000000 ) ) ;
#7971 = CARTESIAN_POINT ( 'NONE',  ( -15.00000000000000000, 0.000000000000000000, 5.000000000000000000 ) ) ;
#7972 = VERTEX_POINT ( 'NONE', #2316 ) ;
#7973 = ORIENTED_EDGE ( 'NONE', *, *, #292, .T. ) ;
#7974 = AXIS2_PLACEMENT_3D ( 'NONE', #7556, #1824, #2568 ) ;
#7975 = AXIS2_PLACEMENT_3D ( 'NONE', #9086, #11966, #9277 ) ;
#7976 = ORIENTED_EDGE ( 'NONE', *, *, #9801, .T. ) ;
#7977 = ORIENTED_EDGE ( 'NONE', *, *, #3625, .T. ) ;
#7978 = LINE ( 'NONE', #148, #9785 ) ;
#7979 = VERTEX_POINT ( 'NONE', #4118 ) ;
#7980 = CARTESIAN_POINT ( 'NONE',  ( -10.00000000000000000, 8.500000000000000000, -870.0000000000000000 ) ) ;
#7981 = LINE ( 'NONE', #2169, #4633 ) ;
#7982 = DIRECTION ( 'NONE',  ( 0.000000000000000000, 0.000000000000000000, -1.000000000000000000 ) ) ;
#7983 = AXIS2_PLACEMENT_3D ( 'NONE', #3557, #7375, #10274 ) ;
#7984 = CYLINDRICAL_SURFACE ( 'NONE', #1577, 0.1499999999999999667 ) ;
#7985 = VECTOR ( 'NONE', #4797, 1000.000000000000000 ) ;
#7986 = CIRCLE ( 'NONE', #9203, 0.2000000000000002887 ) ;
#7987 = DIRECTION ( 'NONE',  ( 0.000000000000000000, 0.000000000000000000, -1.000000000000000000 ) ) ;
#7988 = DIRECTION ( 'NONE',  ( -1.000000000000000000, 0.000000000000000000, 0.000000000000000000 ) ) ;
#7989 = CARTESIAN_POINT ( 'NONE',  ( 18.15147186257614464, 0.000000000000000000, 20.56568542494923690 ) ) ;
#7990 = EDGE_CURVE ( 'NONE', #2223, #9998, #1184, .T. ) ;
#7991 = EDGE_LOOP ( 'NONE', ( #1953, #600, #2550, #758, #4666, #8949, #8643, #7201, #3200, #9196, #11509, #10842, #6508, #8197, #8217, #195, #10072, #9269, #6000, #2393, #7592, #7874, #11721, #5604, #6280, #2424, #2217, #883, #8492, #1086, #3385, #2390, #5225, #5637, #6064, #977, #10677, #566, #10380, #10418, #2086, #7580, #5913, #4773, #10508, #6010, #6326, #7245, #696, #12329, #5767, #7610, #12366, #2306, #7589, #7837, #10244, #1122, #7934, #2128, #4143, #6198, #467, #4367, #8727, #8454, #2437, #5227, #7673, #4828, #8340, #8923, #4174, #7110, #2289, #8100, #10314, #10595, #7179, #9525, #6943, #9538, #4270, #6950, #3516, #10410, #6403, #3654, #1300, #9623, #8935, #9653, #1865, #5175, #9281, #4433, #8226, #8006, #5706, #7281, #12075, #1901, #10301, #117, #11108, #1032, #4623, #3394, #9387, #10062, #813, #10627 ) ) ;
#7992 = VERTEX_POINT ( 'NONE', #11647 ) ;
#7993 = AXIS2_PLACEMENT_3D ( 'NONE', #12306, #5844, #11441 ) ;
#7994 = DIRECTION ( 'NONE',  ( 0.4997224534898178083, -0.8661855860484616310, 0.000000000000000000 ) ) ;
#7995 = CIRCLE ( 'NONE', #3603, 6.304999999999999716 ) ;
#7996 = CARTESIAN_POINT ( 'NONE',  ( 5.502858276596625409, 2.453400861598447502, -2.000000000000000000 ) ) ;
#7997 = ORIENTED_EDGE ( 'NONE', *, *, #8797, .F. ) ;
#7998 = DIRECTION ( 'NONE',  ( -0.000000000000000000, -0.000000000000000000, 1.000000000000000000 ) ) ;
#7999 = LINE ( 'NONE', #11826, #2751 ) ;
#8000 = DIRECTION ( 'NONE',  ( 0.000000000000000000, 0.000000000000000000, 1.000000000000000000 ) ) ;
#8001 = CARTESIAN_POINT ( 'NONE',  ( -20.56568542494922980, 7.800000000000000711, 18.15147186257615530 ) ) ;
#8002 = VECTOR ( 'NONE', #12293, 1000.000000000000000 ) ;
#8003 = DIRECTION ( 'NONE',  ( -0.000000000000000000, -0.000000000000000000, 1.000000000000000000 ) ) ;
#8004 = DIRECTION ( 'NONE',  ( 2.488532045365971390E-17, -5.551115123125886240E-17, 1.000000000000000000 ) ) ;
#8005 = EDGE_CURVE ( 'NONE', #9541, #9676, #11763, .T. ) ;
#8006 = ORIENTED_EDGE ( 'NONE', *, *, #7687, .F. ) ;
#8007 = ADVANCED_FACE ( 'NONE', ( #6807 ), #10705, .T. ) ;
#8008 = EDGE_CURVE ( 'NONE', #5348, #2951, #3991, .T. ) ;
#8009 = CARTESIAN_POINT ( 'NONE',  ( 25.00000000000000355, 0.000000000000000000, -10.00000000000000000 ) ) ;
#8010 = EDGE_LOOP ( 'NONE', ( #2096, #9494, #5896, #10778 ) ) ;
#8011 = DIRECTION ( 'NONE',  ( 0.000000000000000000, 0.000000000000000000, 1.000000000000000000 ) ) ;
#8012 = AXIS2_PLACEMENT_3D ( 'NONE', #3699, #7445, #2016 ) ;
#8013 = VERTEX_POINT ( 'NONE', #4866 ) ;
#8014 = CARTESIAN_POINT ( 'NONE',  ( -9.500000000000000000, -3.599999999999909051, -870.0000000000000000 ) ) ;
#8015 = CARTESIAN_POINT ( 'NONE',  ( 20.80000000000000426, 39.80000000000000426, 21.00000000000000355 ) ) ;
#8016 = ORIENTED_EDGE ( 'NONE', *, *, #1807, .T. ) ;
#8017 = LINE ( 'NONE', #10659, #5254 ) ;
#8018 = FACE_BOUND ( 'NONE', #4017, .T. ) ;
#8019 = CARTESIAN_POINT ( 'NONE',  ( 5.500000000000395239, 8.000000000000000000, -89.99999999999997158 ) ) ;
#8020 = CARTESIAN_POINT ( 'NONE',  ( 22.20000000000000284, 4.000000000000000000, -3.125000000000000444 ) ) ;
#8021 = VECTOR ( 'NONE', #6609, 1000.000000000000000 ) ;
#8022 = PRODUCT_DEFINITION_SHAPE ( 'NONE', 'NONE',  #12385 ) ;
#8023 = ORIENTED_EDGE ( 'NONE', *, *, #2180, .T. ) ;
#8024 = EDGE_CURVE ( 'NONE', #512, #512, #9996, .T. ) ;
#8025 = ORIENTED_EDGE ( 'NONE', *, *, #2870, .T. ) ;
#8026 = DIRECTION ( 'NONE',  ( -0.000000000000000000, -0.000000000000000000, 1.000000000000000000 ) ) ;
#8027 = ORIENTED_EDGE ( 'NONE', *, *, #12196, .F. ) ;
#8028 = CARTESIAN_POINT ( 'NONE',  ( -3.099999999999454303, -9.500000000000000000, -870.0000000000000000 ) ) ;
#8029 = EDGE_CURVE ( 'NONE', #1482, #4559, #9889, .T. ) ;
#8030 = CARTESIAN_POINT ( 'NONE',  ( -3.099999999999454303, 9.500000000000000000, -89.99999999999997158 ) ) ;
#8031 = ORIENTED_EDGE ( 'NONE', *, *, #9198, .T. ) ;
#8032 = AXIS2_PLACEMENT_3D ( 'NONE', #11616, #9548, #11486 ) ;
#8033 = PLANE ( 'NONE',  #12041 ) ;
#8034 = CYLINDRICAL_SURFACE ( 'NONE', #11499, 0.1499999999999964972 ) ;
#8035 = DIRECTION ( 'NONE',  ( -0.7071067811865459074, -0.000000000000000000, -0.7071067811865491270 ) ) ;
#8036 = DIRECTION ( 'NONE',  ( 0.000000000000000000, 0.000000000000000000, -1.000000000000000000 ) ) ;
#8037 = EDGE_CURVE ( 'NONE', #3856, #5467, #4999, .T. ) ;
#8038 = DIRECTION ( 'NONE',  ( 0.000000000000000000, 0.000000000000000000, 1.000000000000000000 ) ) ;
#8039 = ORIENTED_EDGE ( 'NONE', *, *, #4180, .F. ) ;
#8040 = ORIENTED_EDGE ( 'NONE', *, *, #6462, .T. ) ;
#8041 = CIRCLE ( 'NONE', #3443, 0.2799999999999998601 ) ;
#8042 = ORIENTED_EDGE ( 'NONE', *, *, #4762, .F. ) ;
#8043 = VERTEX_POINT ( 'NONE', #8944 ) ;
#8044 = DIRECTION ( 'NONE',  ( -0.5004443416174118031, -0.8657687109979865792, 0.000000000000000000 ) ) ;
#8045 = ORIENTED_EDGE ( 'NONE', *, *, #3483, .T. ) ;
#8046 = PLANE ( 'NONE',  #3797 ) ;
#8047 = CARTESIAN_POINT ( 'NONE',  ( -8.000000000000000000, 3.099999999999909051, -89.99999999999997158 ) ) ;
#8048 = DIRECTION ( 'NONE',  ( 0.000000000000000000, 0.000000000000000000, 1.000000000000000000 ) ) ;
#8049 = DIRECTION ( 'NONE',  ( -1.000000000000000000, 0.000000000000000000, 0.000000000000000000 ) ) ;
#8050 = DIRECTION ( 'NONE',  ( 1.000000000000000000, 0.000000000000000000, 0.000000000000000000 ) ) ;
#8051 = EDGE_CURVE ( 'NONE', #8186, #1739, #6119, .T. ) ;
#8052 = CYLINDRICAL_SURFACE ( 'NONE', #771, 1.000000000000000888 ) ;
#8053 = DIRECTION ( 'NONE',  ( 0.000000000000000000, 0.000000000000000000, -1.000000000000000000 ) ) ;
#8054 = ORIENTED_EDGE ( 'NONE', *, *, #2719, .F. ) ;
#8055 = VERTEX_POINT ( 'NONE', #5058 ) ;
#8056 = FACE_OUTER_BOUND ( 'NONE', #10772, .T. ) ;
#8057 = FACE_OUTER_BOUND ( 'NONE', #3780, .T. ) ;
#8058 = EDGE_LOOP ( 'NONE', ( #10885, #955, #8575, #548 ) ) ;
#8059 = DIRECTION ( 'NONE',  ( -0.8657687109979865792, -0.5004443416174119141, 0.000000000000000000 ) ) ;
#8060 = CARTESIAN_POINT ( 'NONE',  ( -1.641421356237425577, 40.00000000000000000, 40.35857864376269077 ) ) ;
#8061 = EDGE_CURVE ( 'NONE', #3073, #6254, #11700, .T. ) ;
#8062 = DIRECTION ( 'NONE',  ( 0.000000000000000000, 0.000000000000000000, 1.000000000000000000 ) ) ;
#8063 = DIRECTION ( 'NONE',  ( -0.000000000000000000, -0.000000000000000000, 1.000000000000000000 ) ) ;
#8064 = EDGE_CURVE ( 'NONE', #5493, #5242, #589, .T. ) ;
#8065 = DIRECTION ( 'NONE',  ( 1.896621075632127859E-17, 1.616199264448555607E-16, 1.000000000000000000 ) ) ;
#8066 = ORIENTED_EDGE ( 'NONE', *, *, #4762, .T. ) ;
#8067 = DIRECTION ( 'NONE',  ( 0.000000000000000000, 0.000000000000000000, 1.000000000000000000 ) ) ;
#8068 = ORIENTED_EDGE ( 'NONE', *, *, #4145, .T. ) ;
#8069 = FACE_OUTER_BOUND ( 'NONE', #1087, .T. ) ;
#8070 = ORIENTED_EDGE ( 'NONE', *, *, #601, .F. ) ;
#8071 = CARTESIAN_POINT ( 'NONE',  ( 37.60000000000000853, 4.550000000000005151, -0.9526279441628751066 ) ) ;
#8072 = DIRECTION ( 'NONE',  ( 0.000000000000000000, 0.000000000000000000, 1.000000000000000000 ) ) ;
#8073 = ORIENTED_EDGE ( 'NONE', *, *, #9617, .T. ) ;
#8074 = EDGE_CURVE ( 'NONE', #4348, #8300, #2788, .T. ) ;
#8075 = DIRECTION ( 'NONE',  ( 0.000000000000000000, 0.000000000000000000, 1.000000000000000000 ) ) ;
#8076 = CIRCLE ( 'NONE', #3707, 0.2799999999999993050 ) ;
#8077 = DIRECTION ( 'NONE',  ( 0.000000000000000000, -1.000000000000000000, -0.000000000000000000 ) ) ;
#8078 = EDGE_CURVE ( 'NONE', #11720, #11720, #7582, .T. ) ;
#8079 = VECTOR ( 'NONE', #5266, 1000.000000000000000 ) ;
#8080 = CARTESIAN_POINT ( 'NONE',  ( 17.58578643762691129, 32.20000000000000284, 20.00000000000000000 ) ) ;
#8081 = CARTESIAN_POINT ( 'NONE',  ( -15.50000000000000178, 40.00000000000000000, 14.18950000000000600 ) ) ;
#8082 = ORIENTED_EDGE ( 'NONE', *, *, #8037, .F. ) ;
#8083 = AXIS2_PLACEMENT_3D ( 'NONE', #874, #7494, #8567 ) ;
#8084 = EDGE_LOOP ( 'NONE', ( #2260, #10401, #3187, #10862 ) ) ;
#8085 = AXIS2_PLACEMENT_3D ( 'NONE', #12254, #4732, #9566 ) ;
#8086 = FACE_OUTER_BOUND ( 'NONE', #5262, .T. ) ;
#8087 = EDGE_LOOP ( 'NONE', ( #10968 ) ) ;
#8088 = DIRECTION ( 'NONE',  ( 1.000000000000000000, 0.000000000000000000, 0.000000000000000000 ) ) ;
#8089 = FACE_OUTER_BOUND ( 'NONE', #2937, .T. ) ;
#8090 = ORIENTED_EDGE ( 'NONE', *, *, #11516, .T. ) ;
#8091 = DIRECTION ( 'NONE',  ( 0.7071067811865474617, 0.000000000000000000, -0.7071067811865474617 ) ) ;
#8092 = EDGE_CURVE ( 'NONE', #9081, #4122, #5393, .T. ) ;
#8093 = DIRECTION ( 'NONE',  ( 0.000000000000000000, -0.000000000000000000, 1.000000000000000000 ) ) ;
#8094 = DIRECTION ( 'NONE',  ( 0.000000000000000000, 0.000000000000000000, 1.000000000000000000 ) ) ;
#8095 = VECTOR ( 'NONE', #6482, 1000.000000000000000 ) ;
#8096 = CARTESIAN_POINT ( 'NONE',  ( 1.878755766203750621, -4.899949473152688917, -13.00000000000000000 ) ) ;
#8097 = ORIENTED_EDGE ( 'NONE', *, *, #11701, .F. ) ;
#8098 = VERTEX_POINT ( 'NONE', #11949 ) ;
#8099 = ADVANCED_FACE ( 'NONE', ( #11886 ), #8124, .T. ) ;
#8100 = ORIENTED_EDGE ( 'NONE', *, *, #2102, .F. ) ;
#8101 = EDGE_LOOP ( 'NONE', ( #11639, #1587, #7997, #8973 ) ) ;
#8102 = CARTESIAN_POINT ( 'NONE',  ( 5.500000000000397904, -8.000000000000000000, -870.0000000000000000 ) ) ;
#8103 = VERTEX_POINT ( 'NONE', #8192 ) ;
#8104 = AXIS2_PLACEMENT_3D ( 'NONE', #10788, #5132, #7013 ) ;
#8105 = FACE_OUTER_BOUND ( 'NONE', #3141, .T. ) ;
#8106 = AXIS2_PLACEMENT_3D ( 'NONE', #8015, #6879, #2266 ) ;
#8107 = CARTESIAN_POINT ( 'NONE',  ( 0.000000000000000000, 0.000000000000000000, -13.00000000000000000 ) ) ;
#8108 = EDGE_CURVE ( 'NONE', #7992, #449, #8583, .T. ) ;
#8109 = DIRECTION ( 'NONE',  ( 0.000000000000000000, 0.000000000000000000, 1.000000000000000000 ) ) ;
#8110 = DIRECTION ( 'NONE',  ( 0.000000000000000000, 0.000000000000000000, 1.000000000000000000 ) ) ;
#8111 = FACE_OUTER_BOUND ( 'NONE', #661, .T. ) ;
#8112 = CARTESIAN_POINT ( 'NONE',  ( -29.99999999999999289, 20.00000000000000000, -0.5000000000000000000 ) ) ;
#8113 = LINE ( 'NONE', #7291, #6920 ) ;
#8114 = ORIENTED_EDGE ( 'NONE', *, *, #9009, .T. ) ;
#8115 = EDGE_LOOP ( 'NONE', ( #6238, #3949, #10590, #10964 ) ) ;
#8116 = DIRECTION ( 'NONE',  ( 1.000000000000000000, 3.325348516249470831E-16, 3.325348516249482664E-16 ) ) ;
#8117 = CARTESIAN_POINT ( 'NONE',  ( 20.56568542494923690, 0.000000000000000000, -18.15147186257613754 ) ) ;
#8118 = ORIENTED_EDGE ( 'NONE', *, *, #6616, .T. ) ;
#8119 = AXIS2_PLACEMENT_3D ( 'NONE', #9800, #1029, #5837 ) ;
#8120 = LINE ( 'NONE', #3298, #2304 ) ;
#8121 = PRODUCT ( '\X2\6a217ec48fd052a85757\X0\', '\X2\6a217ec48fd052a85757\X0\', '', ( #3554 ) ) ;
#8122 = CARTESIAN_POINT ( 'NONE',  ( 15.47157287525383396, 8.000000000000000000, -20.70000000000000284 ) ) ;
#8123 = DIRECTION ( 'NONE',  ( 0.000000000000000000, 0.000000000000000000, 1.000000000000000000 ) ) ;
#8124 = CYLINDRICAL_SURFACE ( 'NONE', #5975, 0.1999999999999987899 ) ;
#8125 = CARTESIAN_POINT ( 'NONE',  ( -2.659549700202078260, -4.523938932020213244, -13.00000000000000000 ) ) ;
#8126 = PRODUCT_CONTEXT ( 'NONE', #7102, 'mechanical' ) ;
#8127 = CIRCLE ( 'NONE', #11395, 0.6500000000000011324 ) ;
#8128 = ORIENTED_EDGE ( 'NONE', *, *, #614, .T. ) ;
#8129 = AXIS2_PLACEMENT_3D ( 'NONE', #2024, #5059, #299 ) ;
#8130 = CARTESIAN_POINT ( 'NONE',  ( -3.099999999999454303, 9.500000000000000000, -870.0000000000000000 ) ) ;
#8131 = ORIENTED_EDGE ( 'NONE', *, *, #6653, .F. ) ;
#8132 = EDGE_CURVE ( 'NONE', #10033, #11468, #3436, .T. ) ;
#8133 = DIRECTION ( 'NONE',  ( -0.000000000000000000, -0.000000000000000000, -1.000000000000000000 ) ) ;
#8134 = ORIENTED_EDGE ( 'NONE', *, *, #7790, .T. ) ;
#8135 = DIRECTION ( 'NONE',  ( -0.000000000000000000, -0.000000000000000000, 1.000000000000000000 ) ) ;
#8136 = FACE_OUTER_BOUND ( 'NONE', #1899, .T. ) ;
#8137 = EDGE_LOOP ( 'NONE', ( #6525, #12349 ) ) ;
#8138 = FACE_OUTER_BOUND ( 'NONE', #11806, .T. ) ;
#8139 = VECTOR ( 'NONE', #11816, 1000.000000000000000 ) ;
#8140 = CYLINDRICAL_SURFACE ( 'NONE', #6740, 1.310499999999999110 ) ;
#8141 = CARTESIAN_POINT ( 'NONE',  ( 8.000000000000000000, 0.000000000000000000, -1.500000000000001332 ) ) ;
#8142 = ORIENTED_EDGE ( 'NONE', *, *, #3405, .T. ) ;
#8143 = ADVANCED_FACE ( 'NONE', ( #492 ), #5187, .F. ) ;
#8144 = AXIS2_PLACEMENT_3D ( 'NONE', #1522, #511, #5326 ) ;
#8145 =( REPRESENTATION_RELATIONSHIP ('NONE','NONE', #2684, #6840 ) REPRESENTATION_RELATIONSHIP_WITH_TRANSFORMATION ( #6554 )SHAPE_REPRESENTATION_RELATIONSHIP( ) );
#8146 = ORIENTED_EDGE ( 'NONE', *, *, #3031, .T. ) ;
#8147 = AXIS2_PLACEMENT_3D ( 'NONE', #3628, #5627, #1760 ) ;
#8148 = CARTESIAN_POINT ( 'NONE',  ( -3.899999999999465228, 0.5200000000001526734, -89.99999999999997158 ) ) ;
#8149 = ORIENTED_EDGE ( 'NONE', *, *, #2657, .F. ) ;
#8150 = CARTESIAN_POINT ( 'NONE',  ( -5.499999999999999112, -5.000000000000000000, 0.000000000000000000 ) ) ;
#8151 = LINE ( 'NONE', #6273, #907 ) ;
#8152 = ORIENTED_EDGE ( 'NONE', *, *, #3936, .T. ) ;
#8153 = DIRECTION ( 'NONE',  ( 0.000000000000000000, -1.000000000000000000, 0.000000000000000000 ) ) ;
#8154 = LINE ( 'NONE', #6897, #1179 ) ;
#8155 = VECTOR ( 'NONE', #12299, 1000.000000000000000 ) ;
#8156 = VECTOR ( 'NONE', #11146, 1000.000000000000000 ) ;
#8157 = LINE ( 'NONE', #593, #8311 ) ;
#8158 = VECTOR ( 'NONE', #542, 1000.000000000000114 ) ;
#8159 = FACE_OUTER_BOUND ( 'NONE', #12122, .T. ) ;
#8160 = ORIENTED_EDGE ( 'NONE', *, *, #3405, .F. ) ;
#8161 = ORIENTED_EDGE ( 'NONE', *, *, #10463, .T. ) ;
#8162 = EDGE_CURVE ( 'NONE', #1533, #3341, #1631, .T. ) ;
#8163 = EDGE_LOOP ( 'NONE', ( #2206 ) ) ;
#8164 = EDGE_CURVE ( 'NONE', #11995, #5195, #10958, .T. ) ;
#8165 = ORIENTED_EDGE ( 'NONE', *, *, #903, .T. ) ;
#8166 = CIRCLE ( 'NONE', #12155, 0.2800000000000024691 ) ;
#8167 = DIRECTION ( 'NONE',  ( 1.000000000000000000, 0.000000000000000000, -0.000000000000000000 ) ) ;
#8168 = EDGE_LOOP ( 'NONE', ( #2497 ) ) ;
#8169 = AXIS2_PLACEMENT_3D ( 'NONE', #10177, #4648, #4585 ) ;
#8170 = CIRCLE ( 'NONE', #1976, 0.1999999999999987899 ) ;
#8171 = DIRECTION ( 'NONE',  ( -0.7071067811865495711, 0.000000000000000000, 0.7071067811865454633 ) ) ;
#8172 = DIRECTION ( 'NONE',  ( -1.000000000000000000, 0.000000000000000000, 0.000000000000000000 ) ) ;
#8173 = CARTESIAN_POINT ( 'NONE',  ( -3.055154768962719647, -28.00000000000000000, 5.000000000000000000 ) ) ;
#8174 = DIRECTION ( 'NONE',  ( 0.000000000000000000, 0.000000000000000000, 1.000000000000000000 ) ) ;
#8175 = DIRECTION ( 'NONE',  ( 0.000000000000000000, 0.000000000000000000, 1.000000000000000000 ) ) ;
#8176 = CIRCLE ( 'NONE', #7974, 2.099999999999998312 ) ;
#8177 = DIRECTION ( 'NONE',  ( 0.000000000000000000, 0.000000000000000000, -1.000000000000000000 ) ) ;
#8178 = VECTOR ( 'NONE', #6153, 1000.000000000000000 ) ;
#8179 = AXIS2_PLACEMENT_3D ( 'NONE', #10440, #3859, #8536 ) ;
#8180 = AXIS2_PLACEMENT_3D ( 'NONE', #3464, #6397, #1660 ) ;
#8181 = ORIENTED_EDGE ( 'NONE', *, *, #682, .F. ) ;
#8182 = EDGE_CURVE ( 'NONE', #8678, #9049, #10208, .T. ) ;
#8183 = ORIENTED_EDGE ( 'NONE', *, *, #7572, .T. ) ;
#8184 = LINE ( 'NONE', #1680, #1584 ) ;
#8185 = DIRECTION ( 'NONE',  ( 0.000000000000000000, 0.000000000000000000, -1.000000000000000000 ) ) ;
#8186 = VERTEX_POINT ( 'NONE', #9207 ) ;
#8187 = AXIS2_PLACEMENT_3D ( 'NONE', #8001, #11828, #3242 ) ;
#8188 = EDGE_CURVE ( 'NONE', #1608, #6955, #6188, .T. ) ;
#8189 = DIRECTION ( 'NONE',  ( -0.000000000000000000, -0.000000000000000000, 1.000000000000000000 ) ) ;
#8190 = DIRECTION ( 'NONE',  ( 1.000000000000000000, 0.000000000000000000, 0.000000000000000000 ) ) ;
#8191 = DIRECTION ( 'NONE',  ( 0.000000000000000000, 0.000000000000000000, -1.000000000000000000 ) ) ;
#8192 = CARTESIAN_POINT ( 'NONE',  ( 20.56568542494924401, 8.000000000000000000, -18.15147186257614464 ) ) ;
#8193 = EDGE_CURVE ( 'NONE', #5939, #7862, #11205, .T. ) ;
#8194 = APPLICATION_PROTOCOL_DEFINITION ( 'draft international standard', 'automotive_design', 1998, #8379 ) ;
#8195 = AXIS2_PLACEMENT_3D ( 'NONE', #3157, #9936, #4099 ) ;
#8196 = AXIS2_PLACEMENT_3D ( 'NONE', #111, #7746, #11584 ) ;
#8197 = ORIENTED_EDGE ( 'NONE', *, *, #4318, .F. ) ;
#8198 = FACE_OUTER_BOUND ( 'NONE', #5693, .T. ) ;
#8199 = DIRECTION ( 'NONE',  ( -1.000000000000000000, 0.000000000000000000, 0.000000000000000000 ) ) ;
#8200 = ORIENTED_EDGE ( 'NONE', *, *, #12065, .F. ) ;
#8201 = CARTESIAN_POINT ( 'NONE',  ( -4.563543104187641752, -4.886375992105138621, -2.000000000000000000 ) ) ;
#8202 = CARTESIAN_POINT ( 'NONE',  ( -18.15147186257615886, 8.000000000000000000, 20.56568542494924401 ) ) ;
#8203 = ORIENTED_EDGE ( 'NONE', *, *, #6933, .T. ) ;
#8204 = VECTOR ( 'NONE', #5597, 1000.000000000000114 ) ;
#8205 = DIRECTION ( 'NONE',  ( -1.000000000000000000, 0.000000000000000000, 0.000000000000000000 ) ) ;
#8206 = LINE ( 'NONE', #1521, #7373 ) ;
#8207 = LINE ( 'NONE', #693, #4937 ) ;
#8208 = CARTESIAN_POINT ( 'NONE',  ( -27.09999999999998721, 0.000000000000000000, 0.000000000000000000 ) ) ;
#8209 = SHAPE_REPRESENTATION ( 'EBF22-S3M100-14-A-H-d5', ( #11368 ), #5956 ) ;
#8210 = EDGE_LOOP ( 'NONE', ( #4871 ) ) ;
#8211 = AXIS2_PLACEMENT_3D ( 'NONE', #4334, #6272, #9163 ) ;
#8212 = ORIENTED_EDGE ( 'NONE', *, *, #9950, .F. ) ;
#8213 = DIRECTION ( 'NONE',  ( -0.7071067811865475727, 0.000000000000000000, -0.7071067811865475727 ) ) ;
#8214 = VERTEX_POINT ( 'NONE', #1564 ) ;
#8215 = FACE_BOUND ( 'NONE', #6602, .T. ) ;
#8216 = CYLINDRICAL_SURFACE ( 'NONE', #10114, 5.000000000000000000 ) ;
#8217 = ORIENTED_EDGE ( 'NONE', *, *, #9882, .F. ) ;
#8218 = FACE_OUTER_BOUND ( 'NONE', #2011, .T. ) ;
#8219 = AXIS2_PLACEMENT_3D ( 'NONE', #8612, #8667, #3096 ) ;
#8220 = DIRECTION ( 'NONE',  ( 0.000000000000000000, -1.000000000000000000, 0.000000000000000000 ) ) ;
#8221 = EDGE_CURVE ( 'NONE', #5578, #10045, #5251, .T. ) ;
#8222 = LINE ( 'NONE', #3213, #10732 ) ;
#8223 = EDGE_CURVE ( 'NONE', #10202, #7309, #626, .T. ) ;
#8224 = LINE ( 'NONE', #10297, #577 ) ;
#8225 = ORIENTED_EDGE ( 'NONE', *, *, #11213, .T. ) ;
#8226 = ORIENTED_EDGE ( 'NONE', *, *, #10399, .T. ) ;
#8227 = ORIENTED_EDGE ( 'NONE', *, *, #3046, .T. ) ;
#8228 = AXIS2_PLACEMENT_3D ( 'NONE', #2484, #9186, #11126 ) ;
#8229 = PLANE ( 'NONE',  #4383 ) ;
#8230 = PRODUCT_DEFINITION_SHAPE ( 'NONE', 'NONE',  #12387 ) ;
#8231 = ORIENTED_EDGE ( 'NONE', *, *, #10604, .F. ) ;
#8232 = DIRECTION ( 'NONE',  ( -0.000000000000000000, -0.000000000000000000, 1.000000000000000000 ) ) ;
#8233 = DIRECTION ( 'NONE',  ( 1.000000000000000000, 0.000000000000000000, -8.260587980841936314E-17 ) ) ;
#8234 = CARTESIAN_POINT ( 'NONE',  ( 3.100000000000363798, 9.500000000000000000, -89.99999999999997158 ) ) ;
#8235 = EDGE_CURVE ( 'NONE', #11329, #4840, #12002, .T. ) ;
#8236 = CARTESIAN_POINT ( 'NONE',  ( 2.020752579182559128, -4.948291019506335431, -2.000000000000000000 ) ) ;
#8237 = EDGE_CURVE ( 'NONE', #10592, #4559, #9597, .T. ) ;
#8238 = DIRECTION ( 'NONE',  ( 0.000000000000000000, 0.000000000000000000, 1.000000000000000000 ) ) ;
#8239 = EDGE_CURVE ( 'NONE', #11805, #1298, #557, .T. ) ;
#8240 = AXIS2_PLACEMENT_3D ( 'NONE', #6275, #704, #11112 ) ;
#8241 = CARTESIAN_POINT ( 'NONE',  ( -18.29289321881346453, 32.20000000000000284, 20.70710678118654968 ) ) ;
#8242 = ORIENTED_EDGE ( 'NONE', *, *, #8132, .T. ) ;
#8243 = VERTEX_POINT ( 'NONE', #7305 ) ;
#8244 = FACE_OUTER_BOUND ( 'NONE', #11852, .T. ) ;
#8245 = AXIS2_PLACEMENT_3D ( 'NONE', #7699, #9658, #11530 ) ;
#8246 = ORIENTED_EDGE ( 'NONE', *, *, #6903, .F. ) ;
#8247 = DIRECTION ( 'NONE',  ( 0.000000000000000000, -1.000000000000000000, 0.000000000000000000 ) ) ;
#8248 = FACE_OUTER_BOUND ( 'NONE', #7403, .T. ) ;
#8249 = DIRECTION ( 'NONE',  ( 0.000000000000000000, 0.000000000000000000, 1.000000000000000000 ) ) ;
#8250 = DIRECTION ( 'NONE',  ( -0.000000000000000000, 1.000000000000000000, -0.000000000000000000 ) ) ;
#8251 = EDGE_CURVE ( 'NONE', #5364, #8920, #6191, .T. ) ;
#8252 = DIRECTION ( 'NONE',  ( 0.000000000000000000, 0.000000000000000000, 1.000000000000000000 ) ) ;
#8253 = APPLICATION_PROTOCOL_DEFINITION ( 'draft international standard', 'automotive_design', 1998, #4071 ) ;
#8254 = ORIENTED_EDGE ( 'NONE', *, *, #11844, .T. ) ;
#8255 = ADVANCED_FACE ( 'NONE', ( #678 ), #4491, .T. ) ;
#8256 = CARTESIAN_POINT ( 'NONE',  ( -3.414628852343117860, -5.013102338667355440, -13.00000000000000000 ) ) ;
#8257 = DIRECTION ( 'NONE',  ( -0.7071067811865474617, 0.000000000000000000, 0.7071067811865474617 ) ) ;
#8258 = ORIENTED_EDGE ( 'NONE', *, *, #2334, .F. ) ;
#8259 = CARTESIAN_POINT ( 'NONE',  ( 0.000000000000000000, 0.000000000000000000, -13.00000000000000000 ) ) ;
#8260 = ORIENTED_EDGE ( 'NONE', *, *, #1162, .T. ) ;
#8261 = CYLINDRICAL_SURFACE ( 'NONE', #9464, 1.975000000000018296 ) ;
#8262 = DIRECTION ( 'NONE',  ( -0.000000000000000000, -0.000000000000000000, 1.000000000000000000 ) ) ;
#8263 = EDGE_CURVE ( 'NONE', #9610, #10798, #2627, .T. ) ;
#8264 = FACE_OUTER_BOUND ( 'NONE', #11524, .T. ) ;
#8265 = ORIENTED_EDGE ( 'NONE', *, *, #386, .T. ) ;
#8266 = ORIENTED_EDGE ( 'NONE', *, *, #12309, .T. ) ;
#8267 = CARTESIAN_POINT ( 'NONE',  ( -6.022394731077293173, 0.1771629280985721477, -2.000000000000000000 ) ) ;
#8268 = ORIENTED_EDGE ( 'NONE', *, *, #186, .T. ) ;
#8269 = DIRECTION ( 'NONE',  ( 1.000000000000000000, 0.000000000000000000, 0.000000000000000000 ) ) ;
#8270 = ADVANCED_FACE ( 'NONE', ( #12313 ), #7669, .T. ) ;
#8271 = DIRECTION ( 'NONE',  ( 0.000000000000000000, -0.000000000000000000, -1.000000000000000000 ) ) ;
#8272 = ORIENTED_EDGE ( 'NONE', *, *, #3407, .F. ) ;
#8273 = CARTESIAN_POINT ( 'NONE',  ( 16.50000000000000000, 16.49999999999999645, 5.000000000000000000 ) ) ;
#8274 = FACE_OUTER_BOUND ( 'NONE', #10441, .T. ) ;
#8275 = CARTESIAN_POINT ( 'NONE',  ( 17.58578643762691129, 0.1999999999999987899, 21.00000000000000000 ) ) ;
#8276 = CARTESIAN_POINT ( 'NONE',  ( 20.56568542494923690, 32.00000000000000000, 18.15147186257616241 ) ) ;
#8277 = VECTOR ( 'NONE', #8072, 1000.000000000000000 ) ;
#8278 = EDGE_LOOP ( 'NONE', ( #5440, #4039, #11308, #4750 ) ) ;
#8279 = VECTOR ( 'NONE', #2397, 1000.000000000000227 ) ;
#8280 = ORIENTED_EDGE ( 'NONE', *, *, #8029, .T. ) ;
#8281 = ORIENTED_EDGE ( 'NONE', *, *, #4915, .T. ) ;
#8282 = DIRECTION ( 'NONE',  ( 0.000000000000000000, 0.000000000000000000, 1.000000000000000000 ) ) ;
#8283 = EDGE_CURVE ( 'NONE', #8912, #9640, #11387, .T. ) ;
#8284 = ORIENTED_EDGE ( 'NONE', *, *, #5900, .F. ) ;
#8285 = CARTESIAN_POINT ( 'NONE',  ( 16.50000000000000000, 16.49999999999999645, -5.000000000000000000 ) ) ;
#8286 = ADVANCED_FACE ( 'NONE', ( #1750 ), #5592, .T. ) ;
#8287 = DIRECTION ( 'NONE',  ( 0.000000000000000000, 0.000000000000000000, 1.000000000000000000 ) ) ;
#8288 = AXIS2_PLACEMENT_3D ( 'NONE', #10687, #2105, #2170 ) ;
#8289 = AXIS2_PLACEMENT_3D ( 'NONE', #7614, #9319, #6612 ) ;
#8290 = FACE_OUTER_BOUND ( 'NONE', #9793, .T. ) ;
#8291 = DIRECTION ( 'NONE',  ( 0.000000000000000000, 0.000000000000000000, 1.000000000000000000 ) ) ;
#8292 = CARTESIAN_POINT ( 'NONE',  ( 8.500000000000000000, -10.00000000000000000, -89.99999999999997158 ) ) ;
#8293 = TOROIDAL_SURFACE ( 'NONE', #4499, 0.8000000000000000444, 0.2000000000000000111 ) ;
#8294 = VERTEX_POINT ( 'NONE', #6613 ) ;
#8295 = ORIENTED_EDGE ( 'NONE', *, *, #2023, .T. ) ;
#8296 = PRESENTATION_STYLE_ASSIGNMENT (( #10760 ) ) ;
#8297 = EDGE_CURVE ( 'NONE', #1270, #10553, #2858, .T. ) ;
#8298 = ADVANCED_FACE ( 'NONE', ( #6668 ), #5487, .T. ) ;
#8299 = LINE ( 'NONE', #5542, #11802 ) ;
#8300 = VERTEX_POINT ( 'NONE', #10268 ) ;
#8301 = FACE_OUTER_BOUND ( 'NONE', #9101, .T. ) ;
#8302 = CARTESIAN_POINT ( 'NONE',  ( -6.665645171607458508, -0.5213160713289104464, -2.000000000000000000 ) ) ;
#8303 = CYLINDRICAL_SURFACE ( 'NONE', #9903, 0.1499999999999973577 ) ;
#8304 = CARTESIAN_POINT ( 'NONE',  ( -20.00000000000000355, 40.00000000000000000, -17.58578643762691840 ) ) ;
#8305 = FACE_OUTER_BOUND ( 'NONE', #11268, .T. ) ;
#8306 = SHAPE_DEFINITION_REPRESENTATION ( #11927, #6443 ) ;
#8307 = ORIENTED_EDGE ( 'NONE', *, *, #6322, .F. ) ;
#8308 = DIRECTION ( 'NONE',  ( 0.000000000000000000, 0.000000000000000000, -1.000000000000000000 ) ) ;
#8309 = ADVANCED_FACE ( 'NONE', ( #2677 ), #7481, .T. ) ;
#8310 = ADVANCED_FACE ( 'NONE', ( #864 ), #10504, .F. ) ;
#8311 = VECTOR ( 'NONE', #6334, 1000.000000000000000 ) ;
#8312 = CARTESIAN_POINT ( 'NONE',  ( -21.00000000000000355, 0.1999999999999987899, -20.80000000000000426 ) ) ;
#8313 = ORIENTED_EDGE ( 'NONE', *, *, #10349, .F. ) ;
#8314 = DIRECTION ( 'NONE',  ( -0.000000000000000000, -0.000000000000000000, 1.000000000000000000 ) ) ;
#8315 = CARTESIAN_POINT ( 'NONE',  ( 6.302273656338975627, -0.1853962260019088037, -2.000000000000000000 ) ) ;
#8316 = LINE ( 'NONE', #1464, #8079 ) ;
#8317 = DIRECTION ( 'NONE',  ( -0.7071067811865459074, -0.000000000000000000, -0.7071067811865491270 ) ) ;
#8318 = EDGE_CURVE ( 'NONE', #7160, #6023, #12195, .T. ) ;
#8319 = AXIS2_PLACEMENT_3D ( 'NONE', #7933, #11766, #10836 ) ;
#8320 = LINE ( 'NONE', #9088, #6150 ) ;
#8321 = VECTOR ( 'NONE', #1505, 1000.000000000000114 ) ;
#8322 = VERTEX_POINT ( 'NONE', #4614 ) ;
#8323 = ORIENTED_EDGE ( 'NONE', *, *, #6834, .T. ) ;
#8324 = ADVANCED_FACE ( 'NONE', ( #2735 ), #739, .T. ) ;
#8325 = DIRECTION ( 'NONE',  ( 0.000000000000000000, 0.000000000000000000, 1.000000000000000000 ) ) ;
#8326 = ORIENTED_EDGE ( 'NONE', *, *, #11358, .F. ) ;
#8327 = CIRCLE ( 'NONE', #6135, 0.7999999999999986011 ) ;
#8328 = LINE ( 'NONE', #763, #10623 ) ;
#8329 = DIRECTION ( 'NONE',  ( 0.000000000000000000, 0.000000000000000000, 1.000000000000000000 ) ) ;
#8330 = ORIENTED_EDGE ( 'NONE', *, *, #11849, .T. ) ;
#8331 = DIRECTION ( 'NONE',  ( -0.000000000000000000, -0.000000000000000000, -1.000000000000000000 ) ) ;
#8332 = CARTESIAN_POINT ( 'NONE',  ( 15.49999999999999289, 40.00000000000000000, -15.49999999999999822 ) ) ;
#8333 = EDGE_CURVE ( 'NONE', #5068, #8857, #7196, .T. ) ;
#8334 = CARTESIAN_POINT ( 'NONE',  ( 6.302273656338975627, -0.1853962260019088315, -13.00000000000000000 ) ) ;
#8335 = DIRECTION ( 'NONE',  ( 1.000000000000000000, 0.000000000000000000, 0.000000000000000000 ) ) ;
#8336 = DIRECTION ( 'NONE',  ( 1.000000000000000000, 0.000000000000000000, 0.000000000000000000 ) ) ;
#8337 = VERTEX_POINT ( 'NONE', #9384 ) ;
#8338 = AXIS2_PLACEMENT_3D ( 'NONE', #6994, #9953, #623 ) ;
#8339 = ORIENTED_EDGE ( 'NONE', *, *, #1106, .F. ) ;
#8340 = ORIENTED_EDGE ( 'NONE', *, *, #6945, .F. ) ;
#8341 = DIRECTION ( 'NONE',  ( 0.000000000000000000, -0.000000000000000000, -1.000000000000000000 ) ) ;
#8342 = VERTEX_POINT ( 'NONE', #10389 ) ;
#8343 = LINE ( 'NONE', #785, #5211 ) ;
#8344 = TOROIDAL_SURFACE ( 'NONE', #2950, 0.8000000000000000444, 0.2000000000000000111 ) ;
#8345 = CYLINDRICAL_SURFACE ( 'NONE', #5624, 2.099999999999997424 ) ;
#8346 = CIRCLE ( 'NONE', #8752, 6.304999999999999716 ) ;
#8347 = FACE_OUTER_BOUND ( 'NONE', #6452, .T. ) ;
#8348 = DIRECTION ( 'NONE',  ( 1.000000000000000000, 0.000000000000000000, 0.000000000000000000 ) ) ;
#8349 = CARTESIAN_POINT ( 'NONE',  ( 20.00000000000000355, 0.000000000000000000, 0.000000000000000000 ) ) ;
#8350 = ADVANCED_FACE ( 'NONE', ( #5730 ), #5671, .F. ) ;
#8351 = AXIS2_PLACEMENT_3D ( 'NONE', #9775, #2936, #6813 ) ;
#8352 = VECTOR ( 'NONE', #2302, 1000.000000000000000 ) ;
#8353 = VECTOR ( 'NONE', #4256, 1000.000000000000000 ) ;
#8354 = ORIENTED_EDGE ( 'NONE', *, *, #4028, .F. ) ;
#8355 = EDGE_LOOP ( 'NONE', ( #4282 ) ) ;
#8356 = DIRECTION ( 'NONE',  ( -0.000000000000000000, -0.000000000000000000, 1.000000000000000000 ) ) ;
#8357 = ORIENTED_EDGE ( 'NONE', *, *, #8823, .T. ) ;
#8358 = CYLINDRICAL_SURFACE ( 'NONE', #1998, 6.304999999999999716 ) ;
#8359 = VERTEX_POINT ( 'NONE', #4671 ) ;
#8360 = PLANE ( 'NONE',  #5490 ) ;
#8361 = DIRECTION ( 'NONE',  ( -0.7071067811865356934, -0.7071067811865594521, 0.000000000000000000 ) ) ;
#8362 = DIRECTION ( 'NONE',  ( -0.000000000000000000, -0.000000000000000000, 1.000000000000000000 ) ) ;
#8363 = VECTOR ( 'NONE', #4153, 1000.000000000000000 ) ;
#8364 = CIRCLE ( 'NONE', #3573, 7.500000000000000000 ) ;
#8365 = DIRECTION ( 'NONE',  ( 0.7071067811865459074, 0.000000000000000000, 0.7071067811865491270 ) ) ;
#8366 = VECTOR ( 'NONE', #11604, 1000.000000000000000 ) ;
#8367 = CARTESIAN_POINT ( 'NONE',  ( -17.58578643762691485, 32.20000000000000284, 21.00000000000000355 ) ) ;
#8368 = ADVANCED_FACE ( 'NONE', ( #7615 ), #803, .F. ) ;
#8369 = ITEM_DEFINED_TRANSFORMATION ( 'NONE', 'NONE', #3729,  #11368 ) ;
#8370 = ORIENTED_EDGE ( 'NONE', *, *, #10071, .T. ) ;
#8371 = AXIS2_PLACEMENT_3D ( 'NONE', #5737, #9577, #485 ) ;
#8372 = LINE ( 'NONE', #7430, #7954 ) ;
#8373 = VECTOR ( 'NONE', #509, 1000.000000000000000 ) ;
#8374 = VECTOR ( 'NONE', #4842, 1000.000000000000000 ) ;
#8375 = CARTESIAN_POINT ( 'NONE',  ( 15.49999999999996447, 40.00000000000000000, 15.49999999999999822 ) ) ;
#8376 = EDGE_LOOP ( 'NONE', ( #8877, #5065, #10102, #9421 ) ) ;
#8377 = CARTESIAN_POINT ( 'NONE',  ( -6.665645171607458508, -0.5213160713289104464, -13.00000000000000000 ) ) ;
#8378 = DIRECTION ( 'NONE',  ( -0.7071067811865355823, -0.7071067811865594521, 0.000000000000000000 ) ) ;
#8379 = APPLICATION_CONTEXT ( 'automotive_design' ) ;
#8380 = CYLINDRICAL_SURFACE ( 'NONE', #10587, 1.310500000000000886 ) ;
#8381 = VECTOR ( 'NONE', #6164, 1000.000000000000114 ) ;
#8382 = DIRECTION ( 'NONE',  ( -0.000000000000000000, -0.000000000000000000, 1.000000000000000000 ) ) ;
#8383 = EDGE_CURVE ( 'NONE', #11275, #975, #9320, .T. ) ;
#8384 = AXIS2_PLACEMENT_3D ( 'NONE', #9855, #6954, #3962 ) ;
#8385 = EDGE_CURVE ( 'NONE', #2680, #9579, #40, .T. ) ;
#8386 = EDGE_CURVE ( 'NONE', #4415, #10713, #5103, .T. ) ;
#8387 = ORIENTED_EDGE ( 'NONE', *, *, #7578, .F. ) ;
#8388 = ORIENTED_EDGE ( 'NONE', *, *, #12205, .T. ) ;
#8389 = VECTOR ( 'NONE', #1228, 1000.000000000000000 ) ;
#8390 = DIRECTION ( 'NONE',  ( 1.000000000000000000, 0.000000000000000000, 0.000000000000000000 ) ) ;
#8391 = VERTEX_POINT ( 'NONE', #3100 ) ;
#8392 = VECTOR ( 'NONE', #4236, 1000.000000000000000 ) ;
#8393 = DIRECTION ( 'NONE',  ( -1.000000000000000000, 0.000000000000000000, 0.000000000000000000 ) ) ;
#8394 = CARTESIAN_POINT ( 'NONE',  ( 3.100000000000363798, 8.000000000000000000, -870.0000000000000000 ) ) ;
#8395 = ORIENTED_EDGE ( 'NONE', *, *, #1182, .T. ) ;
#8396 = CYLINDRICAL_SURFACE ( 'NONE', #11251, 6.304999999999999716 ) ;
#8397 = DIRECTION ( 'NONE',  ( 0.000000000000000000, 1.000000000000000000, -0.000000000000000000 ) ) ;
#8398 = PLANE ( 'NONE',  #8180 ) ;
#8399 = LINE ( 'NONE', #7400, #1745 ) ;
#8400 = EDGE_CURVE ( 'NONE', #8661, #10119, #4050, .T. ) ;
#8401 = CARTESIAN_POINT ( 'NONE',  ( 9.000000000000000000, 0.000000000000000000, -7.500000000000000000 ) ) ;
#8402 = AXIS2_PLACEMENT_3D ( 'NONE', #4214, #3264, #2221 ) ;
#8403 = ORIENTED_EDGE ( 'NONE', *, *, #6264, .F. ) ;
#8404 = VERTEX_POINT ( 'NONE', #7857 ) ;
#8405 = EDGE_CURVE ( 'NONE', #7849, #8322, #6728, .T. ) ;
#8406 = DIRECTION ( 'NONE',  ( 1.000000000000000000, 0.000000000000000000, 0.000000000000000000 ) ) ;
#8407 = FACE_OUTER_BOUND ( 'NONE', #11945, .T. ) ;
#8408 = ORIENTED_EDGE ( 'NONE', *, *, #5475, .F. ) ;
#8409 = CARTESIAN_POINT ( 'NONE',  ( -3.099999999999454303, -9.500000000000000000, -89.99999999999997158 ) ) ;
#8410 = AXIS2_PLACEMENT_3D ( 'NONE', #3763, #4638, #9529 ) ;
#8411 = DIRECTION ( 'NONE',  ( 0.000000000000000000, 1.000000000000000000, 0.000000000000000000 ) ) ;
#8412 = EDGE_CURVE ( 'NONE', #6023, #11060, #2051, .T. ) ;
#8413 = CARTESIAN_POINT ( 'NONE',  ( -2.020752579182556463, -4.948291019506332766, -13.00000000000000000 ) ) ;
#8414 = DIRECTION ( 'NONE',  ( -0.000000000000000000, -0.000000000000000000, 1.000000000000000000 ) ) ;
#8415 = DIRECTION ( 'NONE',  ( 0.000000000000000000, 0.000000000000000000, 1.000000000000000000 ) ) ;
#8416 = VECTOR ( 'NONE', #11680, 1000.000000000000000 ) ;
#8417 = ORIENTED_EDGE ( 'NONE', *, *, #3125, .T. ) ;
#8418 = VERTEX_POINT ( 'NONE', #4985 ) ;
#8419 = DIRECTION ( 'NONE',  ( 0.000000000000000000, 0.000000000000000000, 1.000000000000000000 ) ) ;
#8420 = VERTEX_POINT ( 'NONE', #7798 ) ;
#8421 = DIRECTION ( 'NONE',  ( 1.000000000000000000, 0.000000000000000000, 0.000000000000000000 ) ) ;
#8422 = ORIENTED_EDGE ( 'NONE', *, *, #7349, .F. ) ;
#8423 = DIRECTION ( 'NONE',  ( -0.5004443416175766712, 0.8657687109978913220, 0.000000000000000000 ) ) ;
#8424 = EDGE_CURVE ( 'NONE', #11855, #8801, #6043, .T. ) ;
#8425 = CARTESIAN_POINT ( 'NONE',  ( 1.991491178014999974, -6.382519791421588096, -13.00000000000000000 ) ) ;
#8426 = AXIS2_PLACEMENT_3D ( 'NONE', #539, #8864, #5291 ) ;
#8427 = LINE ( 'NONE', #6546, #11557 ) ;
#8428 = CARTESIAN_POINT ( 'NONE',  ( -12.82917960675006164, -4.341640786499874949, 5.000000000000000000 ) ) ;
#8429 = DIRECTION ( 'NONE',  ( 0.000000000000000000, 0.000000000000000000, 1.000000000000000000 ) ) ;
#8430 = DIRECTION ( 'NONE',  ( -1.000000000000000000, -0.000000000000000000, 8.260587980841938780E-17 ) ) ;
#8431 = ORIENTED_EDGE ( 'NONE', *, *, #9449, .T. ) ;
#8432 = ADVANCED_FACE ( 'NONE', ( #5851 ), #10565, .F. ) ;
#8433 = ORIENTED_EDGE ( 'NONE', *, *, #4040, .T. ) ;
#8434 = AXIS2_PLACEMENT_3D ( 'NONE', #4714, #11856, #8091 ) ;
#8435 = DIRECTION ( 'NONE',  ( 1.000000000000000000, 0.000000000000000000, 0.000000000000000000 ) ) ;
#8436 = CARTESIAN_POINT ( 'NONE',  ( 0.000000000000000000, 24.99999999999999645, 0.000000000000000000 ) ) ;
#8437 = ORIENTED_EDGE ( 'NONE', *, *, #1442, .F. ) ;
#8438 = EDGE_CURVE ( 'NONE', #3393, #3393, #11199, .T. ) ;
#8439 = ADVANCED_FACE ( 'NONE', ( #5908 ), #5977, .T. ) ;
#8440 = CARTESIAN_POINT ( 'NONE',  ( -3.967618173362246647, 3.581484473009152847, -2.000000000000000000 ) ) ;
#8441 = DIRECTION ( 'NONE',  ( -0.7071067811865474617, 0.000000000000000000, 0.7071067811865474617 ) ) ;
#8442 = DIRECTION ( 'NONE',  ( 1.000000000000000000, 0.000000000000000000, 0.000000000000000000 ) ) ;
#8443 = CARTESIAN_POINT ( 'NONE',  ( -2.909999999999854481, -3.900000000000090949, -870.0000000000000000 ) ) ;
#8444 = CIRCLE ( 'NONE', #6253, 0.1500000000000060174 ) ;
#8445 = DIRECTION ( 'NONE',  ( 0.7071067811865470176, 0.000000000000000000, 0.7071067811865481278 ) ) ;
#8446 = ORIENTED_EDGE ( 'NONE', *, *, #7516, .F. ) ;
#8447 = ORIENTED_EDGE ( 'NONE', *, *, #8051, .T. ) ;
#8448 = DIRECTION ( 'NONE',  ( 0.000000000000000000, 0.000000000000000000, 1.000000000000000000 ) ) ;
#8449 = EDGE_LOOP ( 'NONE', ( #9233 ) ) ;
#8450 = ADVANCED_FACE ( 'NONE', ( #5796 ), #11686, .T. ) ;
#8451 = ADVANCED_FACE ( 'NONE', ( #97 ), #10751, .F. ) ;
#8452 = LINE ( 'NONE', #1011, #3015 ) ;
#8453 = CARTESIAN_POINT ( 'NONE',  ( 10.00000000000000000, -8.500000000000000000, -870.0000000000000000 ) ) ;
#8454 = ORIENTED_EDGE ( 'NONE', *, *, #5383, .F. ) ;
#8455 = CARTESIAN_POINT ( 'NONE',  ( 0.000000000000000000, 0.000000000000000000, -2.000000000000000000 ) ) ;
#8456 = DIRECTION ( 'NONE',  ( 1.000000000000000000, 0.000000000000000000, 0.000000000000000000 ) ) ;
#8457 = FACE_OUTER_BOUND ( 'NONE', #5607, .T. ) ;
#8458 = CARTESIAN_POINT ( 'NONE',  ( -3.899999999999464784, -2.909999999999910880, -89.99999999999997158 ) ) ;
#8459 = VERTEX_POINT ( 'NONE', #12283 ) ;
#8460 = ORIENTED_EDGE ( 'NONE', *, *, #5198, .T. ) ;
#8461 = ORIENTED_EDGE ( 'NONE', *, *, #7688, .F. ) ;
#8462 = CARTESIAN_POINT ( 'NONE',  ( -21.00000000000000355, 39.80000000000000426, -17.58578643762691840 ) ) ;
#8463 = DIRECTION ( 'NONE',  ( -0.000000000000000000, -0.000000000000000000, 1.000000000000000000 ) ) ;
#8464 = ORIENTED_EDGE ( 'NONE', *, *, #8641, .T. ) ;
#8465 = EDGE_CURVE ( 'NONE', #3441, #10045, #1408, .T. ) ;
#8466 = FACE_BOUND ( 'NONE', #10869, .T. ) ;
#8467 = CYLINDRICAL_SURFACE ( 'NONE', #6423, 2.500000000000000000 ) ;
#8468 = DIRECTION ( 'NONE',  ( 0.7071067811865463515, 0.000000000000000000, 0.7071067811865487940 ) ) ;
#8469 = AXIS2_PLACEMENT_3D ( 'NONE', #6816, #10719, #9711 ) ;
#8470 = FACE_OUTER_BOUND ( 'NONE', #5385, .T. ) ;
#8471 = AXIS2_PLACEMENT_3D ( 'NONE', #10404, #8686, #9399 ) ;
#8472 = EDGE_CURVE ( 'NONE', #233, #9148, #10632, .T. ) ;
#8473 = CARTESIAN_POINT ( 'NONE',  ( 5.758592769118959787, 2.567417831100118786, -13.00000000000000000 ) ) ;
#8474 = ORIENTED_EDGE ( 'NONE', *, *, #8412, .F. ) ;
#8475 = ORIENTED_EDGE ( 'NONE', *, *, #6419, .T. ) ;
#8476 = CARTESIAN_POINT ( 'NONE',  ( 5.647239797928354399, -2.213496763471852091, -2.000000000000000000 ) ) ;
#8477 = EDGE_LOOP ( 'NONE', ( #4125, #6481, #7404, #4413 ) ) ;
#8478 = VECTOR ( 'NONE', #8059, 1000.000000000000000 ) ;
#8479 = EDGE_CURVE ( 'NONE', #11343, #6783, #4590, .T. ) ;
#8480 = DIRECTION ( 'NONE',  ( -0.000000000000000000, 1.000000000000000000, -0.000000000000000000 ) ) ;
#8481 = AXIS2_PLACEMENT_3D ( 'NONE', #2801, #5486, #10323 ) ;
#8482 = ORIENTED_EDGE ( 'NONE', *, *, #144, .T. ) ;
#8483 = CARTESIAN_POINT ( 'NONE',  ( 5.349122049243778321, -2.772637427124946541, -13.00000000000000000 ) ) ;
#8484 = DIRECTION ( 'NONE',  ( -1.000000000000000000, -1.813805391025117425E-16, 0.000000000000000000 ) ) ;
#8485 = CARTESIAN_POINT ( 'NONE',  ( -5.758592769118958898, 2.567417831100119674, -13.00000000000000000 ) ) ;
#8486 = DIRECTION ( 'NONE',  ( 1.000000000000000000, 0.000000000000000000, 0.000000000000000000 ) ) ;
#8487 = CARTESIAN_POINT ( 'NONE',  ( -30.00000000000000000, 30.00000000000000711, 5.000000000000000000 ) ) ;
#8488 = CARTESIAN_POINT ( 'NONE',  ( -20.85857864376269433, 32.20000000000000284, -17.85857864376270143 ) ) ;
#8489 = AXIS2_PLACEMENT_3D ( 'NONE', #425, #4435, #5184 ) ;
#8490 = TOROIDAL_SURFACE ( 'NONE', #11899, 0.8000000000000000444, 0.2000000000000000111 ) ;
#8491 = VERTEX_POINT ( 'NONE', #5045 ) ;
#8492 = ORIENTED_EDGE ( 'NONE', *, *, #1107, .F. ) ;
#8493 = ADVANCED_FACE ( 'NONE', ( #282 ), #11565, .F. ) ;
#8494 = CARTESIAN_POINT ( 'NONE',  ( -3.784454747031254396, -5.042908611869997948, -13.00000000000000000 ) ) ;
#8495 = DIRECTION ( 'NONE',  ( 0.000000000000000000, 0.000000000000000000, 1.000000000000000000 ) ) ;
#8496 = ORIENTED_EDGE ( 'NONE', *, *, #340, .T. ) ;
#8497 = TOROIDAL_SURFACE ( 'NONE', #5702, 0.8000000000000000444, 0.2000000000000000111 ) ;
#8498 = DIRECTION ( 'NONE',  ( -1.000000000000000000, 0.000000000000000000, 0.000000000000000000 ) ) ;
#8499 = DIRECTION ( 'NONE',  ( 1.000000000000000000, 0.000000000000000000, 0.000000000000000000 ) ) ;
#8500 =( LENGTH_UNIT ( ) NAMED_UNIT ( * ) SI_UNIT ( .MILLI., .METRE. ) );
#8501 = CARTESIAN_POINT ( 'NONE',  ( 3.600000000000363798, 10.00000000000000000, -870.0000000000000000 ) ) ;
#8502 = FACE_OUTER_BOUND ( 'NONE', #11374, .T. ) ;
#8503 = UNCERTAINTY_MEASURE_WITH_UNIT (LENGTH_MEASURE( 1.000000000000000082E-05 ), #10996, 'distance_accuracy_value', 'NONE');
#8504 = AXIS2_PLACEMENT_3D ( 'NONE', #11151, #5324, #752 ) ;
#8505 = ORIENTED_EDGE ( 'NONE', *, *, #7458, .T. ) ;
#8506 = ADVANCED_FACE ( 'NONE', ( #6982 ), #2983, .T. ) ;
#8507 = VERTEX_POINT ( 'NONE', #4169 ) ;
#8508 = CARTESIAN_POINT ( 'NONE',  ( -0.3263478462082365916, 5.335027842783510721, -13.00000000000000000 ) ) ;
#8509 = ORIENTED_EDGE ( 'NONE', *, *, #4720, .T. ) ;
#8510 = CARTESIAN_POINT ( 'NONE',  ( 17.58578643762691129, 0.2000000000000000111, 20.80000000000000071 ) ) ;
#8511 = DIRECTION ( 'NONE',  ( 0.000000000000000000, 1.000000000000000000, 0.000000000000000000 ) ) ;
#8512 = ORIENTED_EDGE ( 'NONE', *, *, #4767, .F. ) ;
#8513 = DIRECTION ( 'NONE',  ( -0.000000000000000000, -0.000000000000000000, 1.000000000000000000 ) ) ;
#8514 = LINE ( 'NONE', #10474, #7492 ) ;
#8515 = DIRECTION ( 'NONE',  ( 1.000000000000000000, 0.000000000000000000, 0.000000000000000000 ) ) ;
#8516 = DIRECTION ( 'NONE',  ( -0.000000000000000000, -0.000000000000000000, 1.000000000000000000 ) ) ;
#8517 = VERTEX_POINT ( 'NONE', #7588 ) ;
#8518 = EDGE_CURVE ( 'NONE', #10077, #334, #415, .T. ) ;
#8519 = ORIENTED_EDGE ( 'NONE', *, *, #10281, .T. ) ;
#8520 = AXIS2_PLACEMENT_3D ( 'NONE', #6929, #3305, #6057 ) ;
#8521 = ORIENTED_EDGE ( 'NONE', *, *, #6945, .T. ) ;
#8522 = CIRCLE ( 'NONE', #3133, 1.974999999999976774 ) ;
#8523 = DIRECTION ( 'NONE',  ( 0.000000000000000000, 0.000000000000000000, -1.000000000000000000 ) ) ;
#8524 = FACE_OUTER_BOUND ( 'NONE', #3250, .T. ) ;
#8525 = ORIENTED_EDGE ( 'NONE', *, *, #10918, .F. ) ;
#8526 = FACE_OUTER_BOUND ( 'NONE', #5897, .T. ) ;
#8527 = DIRECTION ( 'NONE',  ( -0.000000000000000000, -0.000000000000000000, 1.000000000000000000 ) ) ;
#8528 = PLANE ( 'NONE',  #7753 ) ;
#8529 = CARTESIAN_POINT ( 'NONE',  ( 3.414628852343118748, 5.013102338667354552, -13.00000000000000000 ) ) ;
#8530 = VECTOR ( 'NONE', #11400, 1000.000000000000000 ) ;
#8531 = DIRECTION ( 'NONE',  ( 0.000000000000000000, -1.000000000000000000, 0.000000000000000000 ) ) ;
#8532 = EDGE_CURVE ( 'NONE', #11416, #11, #10211, .T. ) ;
#8533 = ADVANCED_FACE ( 'NONE', ( #3421 ), #476, .F. ) ;
#8534 = VERTEX_POINT ( 'NONE', #3227 ) ;
#8535 = VERTEX_POINT ( 'NONE', #666 ) ;
#8536 = DIRECTION ( 'NONE',  ( 0.000000000000000000, 0.000000000000000000, 1.000000000000000000 ) ) ;
#8537 = VERTEX_POINT ( 'NONE', #11071 ) ;
#8538 = VECTOR ( 'NONE', #5449, 1000.000000000000000 ) ;
#8539 = CLOSED_SHELL ( 'NONE', ( #7500, #6032, #12222, #3277, #5165, #3080, #8439, #9476, #220, #3285 ) ) ;
#8540 = APPLICATION_CONTEXT ( 'automotive_design' ) ;
#8541 = AXIS2_PLACEMENT_3D ( 'NONE', #10206, #2800, #10447 ) ;
#8542 = DIRECTION ( 'NONE',  ( 1.000000000000000000, 0.000000000000000000, 0.000000000000000000 ) ) ;
#8543 = VERTEX_POINT ( 'NONE', #3288 ) ;
#8544 = DIRECTION ( 'NONE',  ( -0.000000000000000000, 1.000000000000000000, -0.000000000000000000 ) ) ;
#8545 = CARTESIAN_POINT ( 'NONE',  ( -17.58578643762690774, 8.000000000000000000, -21.00000000000000000 ) ) ;
#8546 = DIRECTION ( 'NONE',  ( -0.000000000000000000, -0.000000000000000000, 1.000000000000000000 ) ) ;
#8547 = DIRECTION ( 'NONE',  ( 0.000000000000000000, 0.000000000000000000, 1.000000000000000000 ) ) ;
#8548 = CARTESIAN_POINT ( 'NONE',  ( 18.00000000000001421, 40.00000000000000000, -21.00000000000000355 ) ) ;
#8549 = CARTESIAN_POINT ( 'NONE',  ( -16.50000000000000000, -3.469446951953614189E-15, -5.000000000000000000 ) ) ;
#8550 = AXIS2_PLACEMENT_3D ( 'NONE', #4967, #6838, #7657 ) ;
#8551 = CIRCLE ( 'NONE', #9170, 0.1499999999999995226 ) ;
#8552 = VECTOR ( 'NONE', #7043, 1000.000000000000114 ) ;
#8553 = EDGE_CURVE ( 'NONE', #7158, #5593, #2418, .T. ) ;
#8554 = ORIENTED_EDGE ( 'NONE', *, *, #9540, .T. ) ;
#8555 = ITEM_DEFINED_TRANSFORMATION ( 'NONE', 'NONE', #732,  #11368 ) ;
#8556 = EDGE_LOOP ( 'NONE', ( #1530 ) ) ;
#8557 = PRODUCT_DEFINITION_CONTEXT ( 'detailed design', #9439, 'design' ) ;
#8558 = UNCERTAINTY_MEASURE_WITH_UNIT (LENGTH_MEASURE( 1.000000000000000082E-05 ), #9767, 'distance_accuracy_value', 'NONE');
#8559 = LINE ( 'NONE', #5803, #12170 ) ;
#8560 = PRODUCT_DEFINITION ( 'æœ', '', #11732, #8557 ) ;
#8561 = CARTESIAN_POINT ( 'NONE',  ( 0.000000000000000000, 0.000000000000000000, -13.50000000000001243 ) ) ;
#8562 = ADVANCED_FACE ( 'NONE', ( #8111, #7172 ), #7105, .T. ) ;
#8563 = AXIS2_PLACEMENT_3D ( 'NONE', #8508, #9408, #942 ) ;
#8564 = ORIENTED_EDGE ( 'NONE', *, *, #2374, .T. ) ;
#8565 = AXIS2_PLACEMENT_3D ( 'NONE', #3975, #3789, #8721 ) ;
#8566 = AXIS2_PLACEMENT_3D ( 'NONE', #11285, #6516, #1535 ) ;
#8567 = DIRECTION ( 'NONE',  ( -1.000000000000000000, 0.000000000000000000, 0.000000000000000000 ) ) ;
#8568 = DIRECTION ( 'NONE',  ( 0.000000000000000000, 0.000000000000000000, -1.000000000000000000 ) ) ;
#8569 = CARTESIAN_POINT ( 'NONE',  ( -3.899999999999465228, -0.5189999999998344826, -870.0000000000000000 ) ) ;
#8570 = DIRECTION ( 'NONE',  ( 0.000000000000000000, -0.000000000000000000, -1.000000000000000000 ) ) ;
#8571 = ADVANCED_FACE ( 'NONE', ( #2363 ), #10068, .T. ) ;
#8572 = CIRCLE ( 'NONE', #5381, 1.975000000000004530 ) ;
#8573 = AXIS2_PLACEMENT_3D ( 'NONE', #9179, #11122, #10183 ) ;
#8574 = EDGE_LOOP ( 'NONE', ( #7133, #11494, #5342, #4694 ) ) ;
#8575 = ORIENTED_EDGE ( 'NONE', *, *, #355, .T. ) ;
#8576 = ORIENTED_EDGE ( 'NONE', *, *, #953, .T. ) ;
#8577 = CARTESIAN_POINT ( 'NONE',  ( 0.5189999999999562741, 3.900000000000267253, -870.0000000000000000 ) ) ;
#8578 = ORIENTED_EDGE ( 'NONE', *, *, #11911, .F. ) ;
#8579 = FACE_OUTER_BOUND ( 'NONE', #11119, .T. ) ;
#8580 = CARTESIAN_POINT ( 'NONE',  ( 0.000000000000000000, 64.00000000000000000, 0.000000000000000000 ) ) ;
#8581 = ORIENTED_EDGE ( 'NONE', *, *, #10771, .T. ) ;
#8582 = CIRCLE ( 'NONE', #4190, 1.000000000000000888 ) ;
#8583 = CIRCLE ( 'NONE', #193, 0.1499999999999956368 ) ;
#8584 = CARTESIAN_POINT ( 'NONE',  ( 3.600000000000137312, 2.263141083024660222E-13, -870.0000000000000000 ) ) ;
#8585 = VECTOR ( 'NONE', #7772, 1000.000000000000000 ) ;
#8586 = DIRECTION ( 'NONE',  ( -0.000000000000000000, -0.000000000000000000, 1.000000000000000000 ) ) ;
#8587 = LINE ( 'NONE', #12281, #4766 ) ;
#8588 = DIRECTION ( 'NONE',  ( 0.7071067811865784369, 0.7071067811865165975, 0.000000000000000000 ) ) ;
#8589 = CARTESIAN_POINT ( 'NONE',  ( -15.50000000000000178, 35.50000000000000711, 14.18950000000000600 ) ) ;
#8590 = VERTEX_POINT ( 'NONE', #3352 ) ;
#8591 = AXIS2_PLACEMENT_3D ( 'NONE', #10382, #1682, #618 ) ;
#8592 = AXIS2_PLACEMENT_3D ( 'NONE', #610, #5168, #7236 ) ;
#8593 = ORIENTED_EDGE ( 'NONE', *, *, #8162, .F. ) ;
#8594 = CARTESIAN_POINT ( 'NONE',  ( -4.563543104187641752, -4.886375992105138621, -13.00000000000000000 ) ) ;
#8595 = CARTESIAN_POINT ( 'NONE',  ( 17.58578643762691129, 8.000000000000000000, 21.00000000000000000 ) ) ;
#8596 = ORIENTED_EDGE ( 'NONE', *, *, #12118, .F. ) ;
#8597 = DIRECTION ( 'NONE',  ( 0.000000000000000000, 1.000000000000000000, -0.000000000000000000 ) ) ;
#8598 = EDGE_CURVE ( 'NONE', #11148, #9414, #2208, .T. ) ;
#8599 = CARTESIAN_POINT ( 'NONE',  ( -8.500000000000000000, -8.500000000000000000, -89.99999999999997158 ) ) ;
#8600 = EDGE_CURVE ( 'NONE', #2410, #748, #9001, .T. ) ;
#8601 = AXIS2_PLACEMENT_3D ( 'NONE', #11184, #3656, #10187 ) ;
#8602 = CARTESIAN_POINT ( 'NONE',  ( 0.000000000000000000, 0.000000000000000000, -14.50000000000000000 ) ) ;
#8603 = CARTESIAN_POINT ( 'NONE',  ( 0.000000000000000000, 39.80000000000000426, 0.000000000000000000 ) ) ;
#8604 = CARTESIAN_POINT ( 'NONE',  ( 20.80000000000000426, 40.00000000000000000, -17.58578643762690774 ) ) ;
#8605 = ORIENTED_EDGE ( 'NONE', *, *, #5310, .T. ) ;
#8606 = ORIENTED_EDGE ( 'NONE', *, *, #768, .F. ) ;
#8607 = VECTOR ( 'NONE', #4199, 1000.000000000000000 ) ;
#8608 = VERTEX_POINT ( 'NONE', #11128 ) ;
#8609 = DIRECTION ( 'NONE',  ( -1.652117596168387263E-16, 0.000000000000000000, -1.000000000000000000 ) ) ;
#8610 = ORIENTED_EDGE ( 'NONE', *, *, #8164, .T. ) ;
#8611 = ADVANCED_FACE ( 'NONE', ( #2545 ), #2432, .F. ) ;
#8612 = CARTESIAN_POINT ( 'NONE',  ( 0.000000000000000000, 0.000000000000000000, -15.00000000000000000 ) ) ;
#8613 = ADVANCED_FACE ( 'NONE', ( #1435 ), #6234, .T. ) ;
#8614 = DIRECTION ( 'NONE',  ( -0.7071067811865382469, 0.000000000000000000, -0.7071067811865566766 ) ) ;
#8615 = EDGE_CURVE ( 'NONE', #9588, #3829, #9121, .T. ) ;
#8616 = CARTESIAN_POINT ( 'NONE',  ( 20.56568542494924401, 32.00000000000000000, -18.15147186257614464 ) ) ;
#8617 = LINE ( 'NONE', #3736, #10696 ) ;
#8618 = DIRECTION ( 'NONE',  ( -0.7071067811865491270, 0.000000000000000000, 0.7071067811865459074 ) ) ;
#8619 = VECTOR ( 'NONE', #8423, 1000.000000000000114 ) ;
#8620 = DIRECTION ( 'NONE',  ( -1.000000000000000000, 0.000000000000000000, 0.000000000000000000 ) ) ;
#8621 = EDGE_LOOP ( 'NONE', ( #4128, #11531, #7571, #2535 ) ) ;
#8622 = ITEM_DEFINED_TRANSFORMATION ( 'NONE', 'NONE', #8520,  #11368 ) ;
#8623 = ADVANCED_FACE ( 'NONE', ( #5357 ), #6292, .F. ) ;
#8624 = ORIENTED_EDGE ( 'NONE', *, *, #971, .T. ) ;
#8625 = DIRECTION ( 'NONE',  ( 1.000000000000000000, 0.000000000000000000, 0.000000000000000000 ) ) ;
#8626 = DIRECTION ( 'NONE',  ( -0.000000000000000000, -0.000000000000000000, -1.000000000000000000 ) ) ;
#8627 = CIRCLE ( 'NONE', #3230, 0.1499999999999973577 ) ;
#8628 = ORIENTED_EDGE ( 'NONE', *, *, #5426, .F. ) ;
#8629 = EDGE_CURVE ( 'NONE', #643, #11329, #2008, .T. ) ;
#8630 = CARTESIAN_POINT ( 'NONE',  ( 3.900000000000319655, 2.910000000000308340, -870.0000000000000000 ) ) ;
#8631 = DIRECTION ( 'NONE',  ( -0.000000000000000000, -1.000000000000000000, -0.000000000000000000 ) ) ;
#8632 = DIRECTION ( 'NONE',  ( 0.000000000000000000, 0.000000000000000000, 1.000000000000000000 ) ) ;
#8633 = DIRECTION ( 'NONE',  ( -0.000000000000000000, -0.000000000000000000, 1.000000000000000000 ) ) ;
#8634 = EDGE_CURVE ( 'NONE', #9032, #9032, #1004, .T. ) ;
#8635 = CIRCLE ( 'NONE', #9849, 2.999999999999999112 ) ;
#8636 = VERTEX_POINT ( 'NONE', #1359 ) ;
#8637 = EDGE_LOOP ( 'NONE', ( #2478, #7957, #7429, #7406 ) ) ;
#8638 = ORIENTED_EDGE ( 'NONE', *, *, #8720, .F. ) ;
#8639 = DIRECTION ( 'NONE',  ( 0.000000000000000000, 0.000000000000000000, 1.000000000000000000 ) ) ;
#8640 = VERTEX_POINT ( 'NONE', #5421 ) ;
#8641 = EDGE_CURVE ( 'NONE', #11075, #5676, #9251, .T. ) ;
#8642 = FACE_OUTER_BOUND ( 'NONE', #5278, .T. ) ;
#8643 = ORIENTED_EDGE ( 'NONE', *, *, #8598, .F. ) ;
#8644 = STYLED_ITEM ( 'NONE', ( #12029 ), #4901 ) ;
#8645 = DIRECTION ( 'NONE',  ( 1.000000000000000000, 0.000000000000000000, 0.000000000000000000 ) ) ;
#8646 = PLANE ( 'NONE',  #5498 ) ;
#8647 = DIRECTION ( 'NONE',  ( -1.000000000000000000, 0.000000000000000000, 0.000000000000000000 ) ) ;
#8648 = FACE_OUTER_BOUND ( 'NONE', #10644, .T. ) ;
#8649 = CARTESIAN_POINT ( 'NONE',  ( 13.99999999999999822, 16.49999999999999645, 5.000000000000000000 ) ) ;
#8650 = ORIENTED_EDGE ( 'NONE', *, *, #12089, .F. ) ;
#8651 = VERTEX_POINT ( 'NONE', #4533 ) ;
#8652 = EDGE_CURVE ( 'NONE', #10868, #1348, #11365, .T. ) ;
#8653 = CARTESIAN_POINT ( 'NONE',  ( -5.273886783729707872, -0.8689897539102907631, -13.00000000000000000 ) ) ;
#8654 = EDGE_LOOP ( 'NONE', ( #828 ) ) ;
#8655 = PLANE ( 'NONE',  #5800 ) ;
#8656 = DIRECTION ( 'NONE',  ( -1.000000000000000000, 0.000000000000000000, 0.000000000000000000 ) ) ;
#8657 = EDGE_CURVE ( 'NONE', #3138, #1834, #849, .T. ) ;
#8658 = FACE_OUTER_BOUND ( 'NONE', #3398, .T. ) ;
#8659 = DIRECTION ( 'NONE',  ( -0.000000000000000000, -0.000000000000000000, 1.000000000000000000 ) ) ;
#8660 = ADVANCED_FACE ( 'NONE', ( #6598 ), #9304, .T. ) ;
#8661 = VERTEX_POINT ( 'NONE', #4716 ) ;
#8662 = EDGE_LOOP ( 'NONE', ( #11066, #1138, #3607, #2604 ) ) ;
#8663 = EDGE_CURVE ( 'NONE', #5299, #8359, #4600, .T. ) ;
#8664 = VERTEX_POINT ( 'NONE', #6656 ) ;
#8665 = DIRECTION ( 'NONE',  ( 0.000000000000000000, 0.000000000000000000, 1.000000000000000000 ) ) ;
#8666 = ORIENTED_EDGE ( 'NONE', *, *, #4706, .T. ) ;
#8667 = DIRECTION ( 'NONE',  ( 0.000000000000000000, 0.000000000000000000, 1.000000000000000000 ) ) ;
#8668 = CIRCLE ( 'NONE', #8469, 0.7999999999999986011 ) ;
#8669 = CIRCLE ( 'NONE', #11098, 1.975000000000018296 ) ;
#8670 = FACE_OUTER_BOUND ( 'NONE', #7879, .T. ) ;
#8671 = LINE ( 'NONE', #1159, #6742 ) ;
#8672 = LINE ( 'NONE', #3923, #6290 ) ;
#8673 = DIRECTION ( 'NONE',  ( -0.8661855860482727820, 0.4997224534901451576, 0.000000000000000000 ) ) ;
#8674 = CARTESIAN_POINT ( 'NONE',  ( 24.99999999999998934, 0.000000000000000000, 5.000000000000000000 ) ) ;
#8675 = ORIENTED_EDGE ( 'NONE', *, *, #3207, .F. ) ;
#8676 = ADVANCED_FACE ( 'NONE', ( #12357 ), #10488, .T. ) ;
#8677 = AXIS2_PLACEMENT_3D ( 'NONE', #10828, #8818, #6803 ) ;
#8678 = VERTEX_POINT ( 'NONE', #12112 ) ;
#8679 = EDGE_CURVE ( 'NONE', #7017, #9640, #7995, .T. ) ;
#8680 = AXIS2_PLACEMENT_3D ( 'NONE', #6426, #9014, #10267 ) ;
#8681 = CARTESIAN_POINT ( 'NONE',  ( 3.600000000000363798, -10.00000000000000000, -870.0000000000000000 ) ) ;
#8682 = FACE_OUTER_BOUND ( 'NONE', #424, .T. ) ;
#8683 = ORIENTED_EDGE ( 'NONE', *, *, #11529, .F. ) ;
#8684 = CARTESIAN_POINT ( 'NONE',  ( -29.99999999999999289, 20.00000000000000000, -0.5000000000000000000 ) ) ;
#8685 = DIRECTION ( 'NONE',  ( -1.000000000000000000, 0.000000000000000000, 0.000000000000000000 ) ) ;
#8686 = DIRECTION ( 'NONE',  ( -0.000000000000000000, -0.000000000000000000, -1.000000000000000000 ) ) ;
#8687 = CIRCLE ( 'NONE', #5883, 0.2799999999999998601 ) ;
#8688 = DIRECTION ( 'NONE',  ( -0.000000000000000000, -0.000000000000000000, 1.000000000000000000 ) ) ;
#8689 = VECTOR ( 'NONE', #11796, 1000.000000000000000 ) ;
#8690 =( LENGTH_UNIT ( ) NAMED_UNIT ( * ) SI_UNIT ( .MILLI., .METRE. ) );
#8691 = EDGE_CURVE ( 'NONE', #6461, #1270, #10434, .T. ) ;
#8692 = ORIENTED_EDGE ( 'NONE', *, *, #564, .F. ) ;
#8693 = ADVANCED_FACE ( 'NONE', ( #2720, #5601 ), #10310, .T. ) ;
#8694 = VERTEX_POINT ( 'NONE', #12175 ) ;
#8695 = CIRCLE ( 'NONE', #1101, 0.1999999999999987899 ) ;
#8696 = ORIENTED_EDGE ( 'NONE', *, *, #6751, .F. ) ;
#8697 = AXIS2_PLACEMENT_3D ( 'NONE', #9286, #10289, #2409 ) ;
#8698 = DIRECTION ( 'NONE',  ( 0.000000000000000000, 0.000000000000000000, 1.000000000000000000 ) ) ;
#8699 = ORIENTED_EDGE ( 'NONE', *, *, #3936, .F. ) ;
#8700 = CARTESIAN_POINT ( 'NONE',  ( -3.099999999999454303, -8.000000000000000000, -89.99999999999997158 ) ) ;
#8701 = DIRECTION ( 'NONE',  ( -0.000000000000000000, -1.000000000000000000, -0.000000000000000000 ) ) ;
#8702 = ORIENTED_EDGE ( 'NONE', *, *, #8193, .T. ) ;
#8703 = CARTESIAN_POINT ( 'NONE',  ( 10.00000000000000000, 3.599999999999909051, -870.0000000000000000 ) ) ;
#8704 = EDGE_LOOP ( 'NONE', ( #9048, #8796, #5621, #8578 ) ) ;
#8705 = DIRECTION ( 'NONE',  ( 0.000000000000000000, 0.000000000000000000, 1.000000000000000000 ) ) ;
#8706 = DIRECTION ( 'NONE',  ( 1.000000000000000000, 0.000000000000000000, 0.000000000000000000 ) ) ;
#8707 = VERTEX_POINT ( 'NONE', #3014 ) ;
#8708 = EDGE_LOOP ( 'NONE', ( #10680, #5662, #4942, #2618 ) ) ;
#8709 = ADVANCED_FACE ( 'NONE', ( #7348, #9550 ), #11302, .T. ) ;
#8710 = ORIENTED_EDGE ( 'NONE', *, *, #3030, .T. ) ;
#8711 = DIRECTION ( 'NONE',  ( -0.000000000000000000, -0.000000000000000000, 1.000000000000000000 ) ) ;
#8712 = EDGE_LOOP ( 'NONE', ( #6882, #6559, #1753, #4096 ) ) ;
#8713 = PRODUCT_RELATED_PRODUCT_CATEGORY ( 'part', '', ( #1448 ) ) ;
#8714 = CIRCLE ( 'NONE', #12314, 2.500000000000002220 ) ;
#8715 = PLANE ( 'NONE',  #1623 ) ;
#8716 = EDGE_CURVE ( 'NONE', #3578, #7204, #5714, .T. ) ;
#8717 = FACE_OUTER_BOUND ( 'NONE', #4844, .T. ) ;
#8718 = DIRECTION ( 'NONE',  ( -0.000000000000000000, -0.000000000000000000, -1.000000000000000000 ) ) ;
#8719 =( LENGTH_UNIT ( ) NAMED_UNIT ( * ) SI_UNIT ( .MILLI., .METRE. ) );
#8720 = EDGE_CURVE ( 'NONE', #6987, #262, #7793, .T. ) ;
#8721 = DIRECTION ( 'NONE',  ( 0.000000000000000000, 0.000000000000000000, 1.000000000000000000 ) ) ;
#8722 = PRODUCT_DEFINITION_FORMATION_WITH_SPECIFIED_SOURCE ( 'ä»', '', #2445, .NOT_KNOWN. ) ;
#8723 = VECTOR ( 'NONE', #2886, 1000.000000000000000 ) ;
#8724 = ORIENTED_EDGE ( 'NONE', *, *, #10107, .F. ) ;
#8725 = ORIENTED_EDGE ( 'NONE', *, *, #259, .F. ) ;
#8726 = DIRECTION ( 'NONE',  ( 1.000000000000000000, 0.000000000000000000, 0.000000000000000000 ) ) ;
#8727 = ORIENTED_EDGE ( 'NONE', *, *, #4555, .T. ) ;
#8728 = DIRECTION ( 'NONE',  ( 1.000000000000000000, -0.000000000000000000, -8.260587980841938780E-17 ) ) ;
#8729 = DIRECTION ( 'NONE',  ( -0.000000000000000000, -0.000000000000000000, 1.000000000000000000 ) ) ;
#8730 = AXIS2_PLACEMENT_3D ( 'NONE', #8549, #2678, #1046 ) ;
#8731 = DIRECTION ( 'NONE',  ( 0.000000000000000000, 1.000000000000000000, 0.000000000000000000 ) ) ;
#8732 = FACE_BOUND ( 'NONE', #1284, .T. ) ;
#8733 = CARTESIAN_POINT ( 'NONE',  ( -2.500000000000008438, 49.00000000000000000, 0.000000000000000000 ) ) ;
#8734 = CARTESIAN_POINT ( 'NONE',  ( 4.127586995253214930, 4.444537192309534923, -13.00000000000000000 ) ) ;
#8735 = DIRECTION ( 'NONE',  ( 1.000000000000000000, 0.000000000000000000, 0.000000000000000000 ) ) ;
#8736 = DIRECTION ( 'NONE',  ( 0.000000000000000000, 0.000000000000000000, -1.000000000000000000 ) ) ;
#8737 = ORIENTED_EDGE ( 'NONE', *, *, #8532, .T. ) ;
#8738 = CIRCLE ( 'NONE', #171, 0.2000000000000002887 ) ;
#8739 = ORIENTED_EDGE ( 'NONE', *, *, #8663, .F. ) ;
#8740 = VECTOR ( 'NONE', #8631, 1000.000000000000000 ) ;
#8741 = ORIENTED_EDGE ( 'NONE', *, *, #130, .F. ) ;
#8742 = CARTESIAN_POINT ( 'NONE',  ( 5.349122049243778321, 2.772637427124943876, -13.00000000000000000 ) ) ;
#8743 = CARTESIAN_POINT ( 'NONE',  ( 9.500000000000000000, 3.099999999999909051, -870.0000000000000000 ) ) ;
#8744 = ORIENTED_EDGE ( 'NONE', *, *, #2659, .F. ) ;
#8745 = DIRECTION ( 'NONE',  ( 0.000000000000000000, 0.000000000000000000, 1.000000000000000000 ) ) ;
#8746 = DIRECTION ( 'NONE',  ( 0.7071067811865481278, 0.000000000000000000, -0.7071067811865470176 ) ) ;
#8747 = ADVANCED_FACE ( 'NONE', ( #8470 ), #7528, .T. ) ;
#8748 = DIRECTION ( 'NONE',  ( 1.000000000000000000, 0.000000000000000000, 0.000000000000000000 ) ) ;
#8749 = CIRCLE ( 'NONE', #1958, 2.499999999999998668 ) ;
#8750 = VECTOR ( 'NONE', #12133, 1000.000000000000000 ) ;
#8751 = DIRECTION ( 'NONE',  ( -0.000000000000000000, 1.000000000000000000, -0.000000000000000000 ) ) ;
#8752 = AXIS2_PLACEMENT_3D ( 'NONE', #2252, #11082, #2499 ) ;
#8753 = EDGE_CURVE ( 'NONE', #6430, #685, #2666, .T. ) ;
#8754 =( NAMED_UNIT ( * ) PLANE_ANGLE_UNIT ( ) SI_UNIT ( $, .RADIAN. ) );
#8755 = ORIENTED_EDGE ( 'NONE', *, *, #1064, .F. ) ;
#8756 = VECTOR ( 'NONE', #10468, 1000.000000000000000 ) ;
#8757 = ORIENTED_EDGE ( 'NONE', *, *, #7578, .T. ) ;
#8758 = MANIFOLD_SOLID_BREP ( '\X2\96355217\X0\(\X2\57065468\X0\)3', #9156 ) ;
#8759 = VECTOR ( 'NONE', #9127, 1000.000000000000000 ) ;
#8760 = VERTEX_POINT ( 'NONE', #4092 ) ;
#8761 = VECTOR ( 'NONE', #2963, 1000.000000000000000 ) ;
#8762 = CARTESIAN_POINT ( 'NONE',  ( -0.4333079431568622741, -5.229863506334588408, -13.00000000000000000 ) ) ;
#8763 = EDGE_LOOP ( 'NONE', ( #4398, #3857, #10184, #6318 ) ) ;
#8764 = LINE ( 'NONE', #188, #627 ) ;
#8765 = CARTESIAN_POINT ( 'NONE',  ( -1.167387816605745865, 5.910823181726930109, -2.000000000000000000 ) ) ;
#8766 = VERTEX_POINT ( 'NONE', #4965 ) ;
#8767 = EDGE_CURVE ( 'NONE', #11789, #7502, #3788, .T. ) ;
#8768 = FILL_AREA_STYLE_COLOUR ( '', #2057 ) ;
#8769 = ORIENTED_EDGE ( 'NONE', *, *, #11941, .F. ) ;
#8770 = DIRECTION ( 'NONE',  ( 1.000000000000000000, 0.000000000000000000, 0.000000000000000000 ) ) ;
#8771 = EDGE_CURVE ( 'NONE', #387, #387, #4114, .T. ) ;
#8772 = EDGE_CURVE ( 'NONE', #4147, #11895, #80, .T. ) ;
#8773 = AXIS2_PLACEMENT_3D ( 'NONE', #8891, #7200, #5317 ) ;
#8774 = DIRECTION ( 'NONE',  ( 1.000000000000000000, -0.000000000000000000, 0.000000000000000000 ) ) ;
#8775 = AXIS2_PLACEMENT_3D ( 'NONE', #31, #2792, #2850 ) ;
#8776 = VECTOR ( 'NONE', #8220, 1000.000000000000000 ) ;
#8777 = CARTESIAN_POINT ( 'NONE',  ( 22.90000000000000213, 24.99999999999999645, 0.000000000000000000 ) ) ;
#8778 = ORIENTED_EDGE ( 'NONE', *, *, #669, .T. ) ;
#8779 = ADVANCED_BREP_SHAPE_REPRESENTATION ( '', ( #5034, #11368 ), #7123 ) ;
#8780 = ORIENTED_EDGE ( 'NONE', *, *, #12064, .F. ) ;
#8781 = AXIS2_PLACEMENT_3D ( 'NONE', #4303, #6180, #6991 ) ;
#8782 = LINE ( 'NONE', #2085, #10204 ) ;
#8783 = VERTEX_POINT ( 'NONE', #11548 ) ;
#8784 = CIRCLE ( 'NONE', #12374, 1.000000000000000888 ) ;
#8785 = AXIS2_PLACEMENT_3D ( 'NONE', #5021, #8026, #11723 ) ;
#8786 = DIRECTION ( 'NONE',  ( 0.000000000000000000, 0.000000000000000000, 1.000000000000000000 ) ) ;
#8787 = DIRECTION ( 'NONE',  ( -0.000000000000000000, -0.000000000000000000, 1.000000000000000000 ) ) ;
#8788 = DIRECTION ( 'NONE',  ( 1.000000000000000000, 0.000000000000000000, 0.000000000000000000 ) ) ;
#8789 = EDGE_CURVE ( 'NONE', #293, #3441, #3518, .T. ) ;
#8790 = CARTESIAN_POINT ( 'NONE',  ( -10.00000000000000000, -3.599999999999909051, -870.0000000000000000 ) ) ;
#8791 =( NAMED_UNIT ( * ) SI_UNIT ( $, .STERADIAN. ) SOLID_ANGLE_UNIT ( ) );
#8792 = APPLICATION_CONTEXT ( 'automotive_design' ) ;
#8793 = FACE_BOUND ( 'NONE', #4210, .T. ) ;
#8794 = TOROIDAL_SURFACE ( 'NONE', #607, 0.8000000000000000444, 0.2000000000000000111 ) ;
#8795 = AXIS2_PLACEMENT_3D ( 'NONE', #8487, #9567, #988 ) ;
#8796 = ORIENTED_EDGE ( 'NONE', *, *, #4767, .T. ) ;
#8797 = EDGE_CURVE ( 'NONE', #7342, #3610, #5909, .T. ) ;
#8798 = ORIENTED_EDGE ( 'NONE', *, *, #8297, .T. ) ;
#8799 = VERTEX_POINT ( 'NONE', #3913 ) ;
#8800 = CARTESIAN_POINT ( 'NONE',  ( 30.00000000000000000, -29.99999999999999289, 5.000000000000000000 ) ) ;
#8801 = VERTEX_POINT ( 'NONE', #5961 ) ;
#8802 = DIRECTION ( 'NONE',  ( 0.000000000000000000, -1.000000000000000000, 0.000000000000000000 ) ) ;
#8803 = AXIS2_PLACEMENT_3D ( 'NONE', #5351, #9116, #5417 ) ;
#8804 = CARTESIAN_POINT ( 'NONE',  ( 9.500000000000000000, -3.099999999999909051, -89.99999999999997158 ) ) ;
#8805 = DIRECTION ( 'NONE',  ( -0.8657687109979865792, -0.5004443416174119141, 0.000000000000000000 ) ) ;
#8806 = FACE_BOUND ( 'NONE', #7386, .T. ) ;
#8807 = LINE ( 'NONE', #225, #3902 ) ;
#8808 = DIRECTION ( 'NONE',  ( 1.000000000000000000, 0.000000000000000000, 0.000000000000000000 ) ) ;
#8809 = CARTESIAN_POINT ( 'NONE',  ( 0.000000000000000000, 0.000000000000000000, -2.000000000000001776 ) ) ;
#8810 = CARTESIAN_POINT ( 'NONE',  ( 17.58578643762691840, 32.00000000000000000, -20.80000000000000071 ) ) ;
#8811 = VERTEX_POINT ( 'NONE', #142 ) ;
#8812 = ORIENTED_EDGE ( 'NONE', *, *, #6121, .F. ) ;
#8813 = PRODUCT_DEFINITION_CONTEXT ( 'detailed design', #12227, 'design' ) ;
#8814 = LINE ( 'NONE', #3234, #9383 ) ;
#8815 = EDGE_CURVE ( 'NONE', #1649, #5813, #7712, .T. ) ;
#8816 = CARTESIAN_POINT ( 'NONE',  ( 2.020752579182564013, 4.948291019506339872, -2.000000000000000000 ) ) ;
#8817 = EDGE_LOOP ( 'NONE', ( #5843, #8628, #5286, #11735 ) ) ;
#8818 = DIRECTION ( 'NONE',  ( -1.000000000000000000, 0.000000000000000000, 8.260587980841936314E-17 ) ) ;
#8819 = AXIS2_PLACEMENT_3D ( 'NONE', #5725, #11561, #4907 ) ;
#8820 = CARTESIAN_POINT ( 'NONE',  ( -0.5199999999998036193, 3.900000000000267253, -89.99999999999997158 ) ) ;
#8821 = FACE_OUTER_BOUND ( 'NONE', #11063, .T. ) ;
#8822 = FACE_OUTER_BOUND ( 'NONE', #1152, .T. ) ;
#8823 = EDGE_CURVE ( 'NONE', #3679, #9377, #6708, .T. ) ;
#8824 = CARTESIAN_POINT ( 'NONE',  ( -3.321696147537368304, -0.4322383295574758755, 387.0000000000001137 ) ) ;
#8825 = EDGE_LOOP ( 'NONE', ( #5719 ) ) ;
#8826 = CIRCLE ( 'NONE', #851, 0.1500000000000016875 ) ;
#8827 = CYLINDRICAL_SURFACE ( 'NONE', #5944, 0.1500000000000021316 ) ;
#8828 = EDGE_CURVE ( 'NONE', #8214, #301, #5316, .T. ) ;
#8829 = VERTEX_POINT ( 'NONE', #1146 ) ;
#8830 = EDGE_CURVE ( 'NONE', #5942, #5942, #3110, .T. ) ;
#8831 = FACE_OUTER_BOUND ( 'NONE', #4708, .T. ) ;
#8832 = CYLINDRICAL_SURFACE ( 'NONE', #6745, 0.1999999999999987899 ) ;
#8833 = ORIENTED_EDGE ( 'NONE', *, *, #5473, .F. ) ;
#8834 = LINE ( 'NONE', #251, #9828 ) ;
#8835 = DIRECTION ( 'NONE',  ( 1.000000000000000000, 0.000000000000000000, 0.000000000000000000 ) ) ;
#8836 = VERTEX_POINT ( 'NONE', #3974 ) ;
#8837 = CARTESIAN_POINT ( 'NONE',  ( -17.85857864376269788, 32.20000000000000284, 20.85857864376269433 ) ) ;
#8838 = ORIENTED_EDGE ( 'NONE', *, *, #10245, .F. ) ;
#8839 = PLANE ( 'NONE',  #9912 ) ;
#8840 = VECTOR ( 'NONE', #8788, 1000.000000000000000 ) ;
#8841 = FACE_OUTER_BOUND ( 'NONE', #3339, .T. ) ;
#8842 = CARTESIAN_POINT ( 'NONE',  ( -19.00000000000000000, -3.469446951953614189E-15, 0.000000000000000000 ) ) ;
#8843 = ORIENTED_EDGE ( 'NONE', *, *, #7775, .T. ) ;
#8844 = EDGE_CURVE ( 'NONE', #4095, #10357, #212, .T. ) ;
#8845 = EDGE_CURVE ( 'NONE', #7137, #7137, #2332, .T. ) ;
#8846 = ORIENTED_EDGE ( 'NONE', *, *, #2074, .F. ) ;
#8847 = EDGE_CURVE ( 'NONE', #9787, #9787, #8714, .T. ) ;
#8848 = VECTOR ( 'NONE', #1323, 1000.000000000000000 ) ;
#8849 = DIRECTION ( 'NONE',  ( 0.000000000000000000, 0.000000000000000000, 1.000000000000000000 ) ) ;
#8850 = ORIENTED_EDGE ( 'NONE', *, *, #2195, .F. ) ;
#8851 = CARTESIAN_POINT ( 'NONE',  ( -10.14589803375031529, -3.000000000000000444, 5.000000000000000000 ) ) ;
#8852 = CARTESIAN_POINT ( 'NONE',  ( -18.15147186257615530, 40.00000000000000000, 20.56568542494924046 ) ) ;
#8853 = CARTESIAN_POINT ( 'NONE',  ( -20.69999999999999574, 32.00000000000000000, 15.47157287525383218 ) ) ;
#8854 = PLANE ( 'NONE',  #8970 ) ;
#8855 = CARTESIAN_POINT ( 'NONE',  ( -17.58578643762690774, 7.800000000000000711, -20.80000000000000426 ) ) ;
#8856 = CARTESIAN_POINT ( 'NONE',  ( 22.20000000000000284, 4.000000000000000000, -2.377745136066868426E-16 ) ) ;
#8857 = VERTEX_POINT ( 'NONE', #2227 ) ;
#8858 = ORIENTED_EDGE ( 'NONE', *, *, #10379, .F. ) ;
#8859 = EDGE_CURVE ( 'NONE', #5348, #6224, #9728, .T. ) ;
#8860 = EDGE_LOOP ( 'NONE', ( #3278 ) ) ;
#8861 = DIRECTION ( 'NONE',  ( -1.000000000000000000, 0.000000000000000000, 0.000000000000000000 ) ) ;
#8862 = ORIENTED_EDGE ( 'NONE', *, *, #1299, .T. ) ;
#8863 = CYLINDRICAL_SURFACE ( 'NONE', #7195, 0.1999999999999987899 ) ;
#8864 = DIRECTION ( 'NONE',  ( -0.000000000000000000, 1.000000000000000000, 0.000000000000000000 ) ) ;
#8865 = EDGE_CURVE ( 'NONE', #1266, #1266, #4912, .T. ) ;
#8866 = CARTESIAN_POINT ( 'NONE',  ( 0.000000000000000000, 0.000000000000000000, -15.00000000000000000 ) ) ;
#8867 = CARTESIAN_POINT ( 'NONE',  ( 0.000000000000000000, 0.000000000000000000, -870.0000000000000000 ) ) ;
#8868 = CARTESIAN_POINT ( 'NONE',  ( 24.99999999999998934, 0.000000000000000000, 0.000000000000000000 ) ) ;
#8869 = DIRECTION ( 'NONE',  ( -0.000000000000000000, 1.000000000000000000, 0.000000000000000000 ) ) ;
#8870 = DIRECTION ( 'NONE',  ( 0.000000000000000000, 0.000000000000000000, 1.000000000000000000 ) ) ;
#8871 = MANIFOLD_SOLID_BREP ( '\X2\52079664\X0\-\X2\62c94f38\X0\1', #1567 ) ;
#8872 = VERTEX_POINT ( 'NONE', #4221 ) ;
#8873 = EDGE_CURVE ( 'NONE', #11865, #8969, #11520, .T. ) ;
#8874 = ORIENTED_EDGE ( 'NONE', *, *, #2873, .T. ) ;
#8875 = DIRECTION ( 'NONE',  ( 0.000000000000000000, 0.000000000000000000, 1.000000000000000000 ) ) ;
#8876 = DIRECTION ( 'NONE',  ( 0.000000000000000000, 0.000000000000000000, 1.000000000000000000 ) ) ;
#8877 = ORIENTED_EDGE ( 'NONE', *, *, #10558, .F. ) ;
#8878 = EDGE_CURVE ( 'NONE', #9516, #4113, #525, .T. ) ;
#8879 = DIRECTION ( 'NONE',  ( -1.000000000000000000, -0.000000000000000000, -0.000000000000000000 ) ) ;
#8880 = CARTESIAN_POINT ( 'NONE',  ( -8.500000000000000000, 8.500000000000000000, -870.0000000000000000 ) ) ;
#8881 = DIRECTION ( 'NONE',  ( -3.325348516249436318E-16, -1.000000000000000000, -1.047444401652940007E-14 ) ) ;
#8882 = EDGE_CURVE ( 'NONE', #3168, #8342, #5223, .T. ) ;
#8883 = FACE_OUTER_BOUND ( 'NONE', #366, .T. ) ;
#8884 = VECTOR ( 'NONE', #6436, 1000.000000000000000 ) ;
#8885 = EDGE_CURVE ( 'NONE', #9262, #9109, #116, .T. ) ;
#8886 = CIRCLE ( 'NONE', #3485, 1.000000000000000888 ) ;
#8887 = SHAPE_REPRESENTATION_RELATIONSHIP ( 'NONE' , 'NONE' ,  #9424, #7418 ) ;
#8888 = ORIENTED_EDGE ( 'NONE', *, *, #5074, .F. ) ;
#8889 = CARTESIAN_POINT ( 'NONE',  ( -17.58578643762690774, 32.00000000000000000, -20.80000000000000071 ) ) ;
#8890 = ORIENTED_EDGE ( 'NONE', *, *, #4883, .T. ) ;
#8891 = CARTESIAN_POINT ( 'NONE',  ( 2.910000000000763976, -3.900000000000090949, -870.0000000000000000 ) ) ;
#8892 = CARTESIAN_POINT ( 'NONE',  ( 0.000000000000000000, 0.000000000000000000, -13.00000000000000178 ) ) ;
#8893 = ORIENTED_EDGE ( 'NONE', *, *, #4287, .F. ) ;
#8894 = CIRCLE ( 'NONE', #1887, 0.1500000000000016875 ) ;
#8895 = CARTESIAN_POINT ( 'NONE',  ( -20.00000000000000000, 0.000000000000000000, 0.000000000000000000 ) ) ;
#8896 = AXIS2_PLACEMENT_3D ( 'NONE', #9381, #1815, #8486 ) ;
#8897 = FACE_OUTER_BOUND ( 'NONE', #1169, .T. ) ;
#8898 = ORIENTED_EDGE ( 'NONE', *, *, #4001, .F. ) ;
#8899 = CYLINDRICAL_SURFACE ( 'NONE', #657, 0.2000000000000002887 ) ;
#8900 = ORIENTED_EDGE ( 'NONE', *, *, #1690, .T. ) ;
#8901 = CARTESIAN_POINT ( 'NONE',  ( 1.221639864514395324, 6.185517039134984962, -13.00000000000000000 ) ) ;
#8902 = CARTESIAN_POINT ( 'NONE',  ( 18.29289321881346808, 39.80000000000000426, -20.70710678118654968 ) ) ;
#8903 = VERTEX_POINT ( 'NONE', #8842 ) ;
#8904 = AXIS2_PLACEMENT_3D ( 'NONE', #2912, #3864, #4794 ) ;
#8905 = ORIENTED_EDGE ( 'NONE', *, *, #300, .T. ) ;
#8906 = AXIS2_PLACEMENT_3D ( 'NONE', #900, #7457, #9543 ) ;
#8907 = ORIENTED_EDGE ( 'NONE', *, *, #4629, .T. ) ;
#8908 = DIRECTION ( 'NONE',  ( -0.000000000000000000, 1.000000000000000000, -0.000000000000000000 ) ) ;
#8909 = ORIENTED_EDGE ( 'NONE', *, *, #7887, .F. ) ;
#8910 = DIRECTION ( 'NONE',  ( 0.000000000000000000, 0.000000000000000000, 1.000000000000000000 ) ) ;
#8911 = DIRECTION ( 'NONE',  ( -0.000000000000000000, 1.000000000000000000, 0.000000000000000000 ) ) ;
#8912 = VERTEX_POINT ( 'NONE', #527 ) ;
#8913 = CARTESIAN_POINT ( 'NONE',  ( 1.167387816605746975, -5.910823181726929221, -2.000000000000000000 ) ) ;
#8914 = AXIS2_PLACEMENT_3D ( 'NONE', #10911, #1203, #2211 ) ;
#8915 = FACE_OUTER_BOUND ( 'NONE', #7387, .T. ) ;
#8916 = EDGE_CURVE ( 'NONE', #5410, #2805, #8157, .T. ) ;
#8917 = PRESENTATION_STYLE_ASSIGNMENT (( #11859 ) ) ;
#8918 = CARTESIAN_POINT ( 'NONE',  ( -2.608811078263818306, 4.665096971974748818, -2.000000000000000000 ) ) ;
#8919 = ORIENTED_EDGE ( 'NONE', *, *, #691, .T. ) ;
#8920 = VERTEX_POINT ( 'NONE', #1480 ) ;
#8921 = ORIENTED_EDGE ( 'NONE', *, *, #1025, .F. ) ;
#8922 = CARTESIAN_POINT ( 'NONE',  ( 0.000000000000000000, -3.599999999999909051, -870.0000000000000000 ) ) ;
#8923 = ORIENTED_EDGE ( 'NONE', *, *, #7469, .F. ) ;
#8924 = CARTESIAN_POINT ( 'NONE',  ( 10.00000000000000000, 8.500000000000000000, -870.0000000000000000 ) ) ;
#8925 = CARTESIAN_POINT ( 'NONE',  ( 0.5190000000002328306, -3.900000000000090949, -870.0000000000000000 ) ) ;
#8926 = CARTESIAN_POINT ( 'NONE',  ( 0.9750000000000231815, -6.614527269578692525, -13.00000000000000000 ) ) ;
#8927 = CARTESIAN_POINT ( 'NONE',  ( -3.599999999999454303, 10.00000000000000000, -870.0000000000000000 ) ) ;
#8928 = EDGE_CURVE ( 'NONE', #11905, #11905, #2916, .T. ) ;
#8929 = DIRECTION ( 'NONE',  ( -0.000000000000000000, -0.000000000000000000, 1.000000000000000000 ) ) ;
#8930 = EDGE_CURVE ( 'NONE', #6372, #1370, #3318, .T. ) ;
#8931 = CIRCLE ( 'NONE', #932, 0.2799999999999981393 ) ;
#8932 = DIRECTION ( 'NONE',  ( 0.7071067811865487940, 0.000000000000000000, -0.7071067811865463515 ) ) ;
#8933 = ADVANCED_FACE ( 'NONE', ( #3406 ), #4326, .T. ) ;
#8934 = CYLINDRICAL_SURFACE ( 'NONE', #1136, 2.499999999999998668 ) ;
#8935 = ORIENTED_EDGE ( 'NONE', *, *, #3095, .F. ) ;
#8936 = ORIENTED_EDGE ( 'NONE', *, *, #9388, .T. ) ;
#8937 = CARTESIAN_POINT ( 'NONE',  ( 1.878755766203750621, -4.899949473152688917, -2.000000000000000000 ) ) ;
#8938 = CIRCLE ( 'NONE', #9741, 0.1999999999999987899 ) ;
#8939 = CARTESIAN_POINT ( 'NONE',  ( -21.00000000000000000, 39.80000000000000426, -20.80000000000000071 ) ) ;
#8940 = ORIENTED_EDGE ( 'NONE', *, *, #8318, .F. ) ;
#8941 = PLANE ( 'NONE',  #7674 ) ;
#8942 = DIRECTION ( 'NONE',  ( -1.000000000000000000, -0.000000000000000000, -0.000000000000000000 ) ) ;
#8943 = CARTESIAN_POINT ( 'NONE',  ( 10.14589803375031174, -3.000000000000000000, 5.000000000000000000 ) ) ;
#8944 = CARTESIAN_POINT ( 'NONE',  ( -6.489999999999496616, 5.500000000000284217, -870.0000000000000000 ) ) ;
#8945 = EDGE_CURVE ( 'NONE', #3136, #3136, #11320, .T. ) ;
#8946 = CARTESIAN_POINT ( 'NONE',  ( -3.599999999999282885, 1.710531353811419813E-13, -870.0000000000000000 ) ) ;
#8947 = CIRCLE ( 'NONE', #5735, 0.2000000000000002887 ) ;
#8948 = DIRECTION ( 'NONE',  ( 0.9591000727633872680, 1.070822345351186464E-16, 0.2830672189167536823 ) ) ;
#8949 = ORIENTED_EDGE ( 'NONE', *, *, #9314, .F. ) ;
#8950 = EDGE_CURVE ( 'NONE', #9772, #9737, #9124, .T. ) ;
#8951 = DIRECTION ( 'NONE',  ( 0.000000000000000000, 0.000000000000000000, 1.000000000000000000 ) ) ;
#8952 = ORIENTED_EDGE ( 'NONE', *, *, #4588, .F. ) ;
#8953 = DIRECTION ( 'NONE',  ( 1.000000000000000000, 0.000000000000000000, 0.000000000000000000 ) ) ;
#8954 = ORIENTED_EDGE ( 'NONE', *, *, #1358, .T. ) ;
#8955 = AXIS2_PLACEMENT_3D ( 'NONE', #6441, #2638, #9152 ) ;
#8956 = CIRCLE ( 'NONE', #11362, 2.500000000000000000 ) ;
#8957 = DIRECTION ( 'NONE',  ( -1.000000000000000000, 0.000000000000000000, 0.000000000000000000 ) ) ;
#8958 = EDGE_CURVE ( 'NONE', #7506, #7533, #10725, .T. ) ;
#8959 = CYLINDRICAL_SURFACE ( 'NONE', #885, 6.304999999999999716 ) ;
#8960 = ORIENTED_EDGE ( 'NONE', *, *, #2536, .T. ) ;
#8961 = CARTESIAN_POINT ( 'NONE',  ( 22.20000000000000284, 4.000000000000000000, -2.377745136066886176E-16 ) ) ;
#8962 = EDGE_LOOP ( 'NONE', ( #1133, #11464, #7091, #6615 ) ) ;
#8963 = LINE ( 'NONE', #312, #12107 ) ;
#8964 = FACE_OUTER_BOUND ( 'NONE', #8058, .T. ) ;
#8965 = CARTESIAN_POINT ( 'NONE',  ( 0.000000000000000000, 39.80000000000000426, 7.500000000000000000 ) ) ;
#8966 = CIRCLE ( 'NONE', #5559, 0.2799999999999998601 ) ;
#8967 = CIRCLE ( 'NONE', #9570, 2.099999999999997868 ) ;
#8968 = CIRCLE ( 'NONE', #10174, 1.975000000000018296 ) ;
#8969 = VERTEX_POINT ( 'NONE', #10928 ) ;
#8970 = AXIS2_PLACEMENT_3D ( 'NONE', #1278, #6085, #11858 ) ;
#8971 = ORIENTED_EDGE ( 'NONE', *, *, #364, .F. ) ;
#8972 = LINE ( 'NONE', #4212, #11794 ) ;
#8973 = ORIENTED_EDGE ( 'NONE', *, *, #273, .F. ) ;
#8974 = DIRECTION ( 'NONE',  ( -0.000000000000000000, -0.000000000000000000, 1.000000000000000000 ) ) ;
#8975 = EDGE_CURVE ( 'NONE', #3395, #7326, #8222, .T. ) ;
#8976 = LINE ( 'NONE', #9725, #8689 ) ;
#8977 = ORIENTED_EDGE ( 'NONE', *, *, #7516, .T. ) ;
#8978 = AXIS2_PLACEMENT_3D ( 'NONE', #6, #3636, #7575 ) ;
#8979 = CARTESIAN_POINT ( 'NONE',  ( 30.00000000000000711, 20.00000000000000000, -0.5000000000000000000 ) ) ;
#8980 = CYLINDRICAL_SURFACE ( 'NONE', #9385, 0.1499999999999933886 ) ;
#8981 = DIRECTION ( 'NONE',  ( -0.000000000000000000, 1.000000000000000000, -0.000000000000000000 ) ) ;
#8982 = CARTESIAN_POINT ( 'NONE',  ( 5.251577878682487821, 3.035097204594769948, -13.00000000000000000 ) ) ;
#8983 = EDGE_CURVE ( 'NONE', #11846, #11846, #5327, .T. ) ;
#8984 = VERTEX_POINT ( 'NONE', #3335 ) ;
#8985 = ORIENTED_EDGE ( 'NONE', *, *, #11990, .T. ) ;
#8986 = AXIS2_PLACEMENT_3D ( 'NONE', #2931, #2750, #11333 ) ;
#8987 = VECTOR ( 'NONE', #5037, 1000.000000000000000 ) ;
#8988 = ORIENTED_EDGE ( 'NONE', *, *, #3373, .T. ) ;
#8989 = ORIENTED_EDGE ( 'NONE', *, *, #1182, .F. ) ;
#8990 = LINE ( 'NONE', #6843, #3378 ) ;
#8991 = ADVANCED_FACE ( 'NONE', ( #7152, #12225 ), #3647, .F. ) ;
#8992 = ORIENTED_EDGE ( 'NONE', *, *, #9766, .T. ) ;
#8993 = DIRECTION ( 'NONE',  ( 0.000000000000000000, 0.000000000000000000, 1.000000000000000000 ) ) ;
#8994 = EDGE_CURVE ( 'NONE', #7852, #4312, #708, .T. ) ;
#8995 = PLANE ( 'NONE',  #11240 ) ;
#8996 = FACE_OUTER_BOUND ( 'NONE', #7803, .T. ) ;
#8997 = CIRCLE ( 'NONE', #8371, 0.2000000000000002887 ) ;
#8998 = CARTESIAN_POINT ( 'NONE',  ( 20.80000000000000426, 40.00000000000000000, 17.58578643762692550 ) ) ;
#8999 = VECTOR ( 'NONE', #11745, 1000.000000000000000 ) ;
#9000 = AXIS2_PLACEMENT_3D ( 'NONE', #10610, #9426, #1022 ) ;
#9001 = LINE ( 'NONE', #6168, #1421 ) ;
#9002 = DIRECTION ( 'NONE',  ( -1.000000000000000000, 0.000000000000000000, 0.000000000000000000 ) ) ;
#9003 = ORIENTED_EDGE ( 'NONE', *, *, #4486, .T. ) ;
#9004 = ORIENTED_EDGE ( 'NONE', *, *, #6823, .F. ) ;
#9005 = CIRCLE ( 'NONE', #12198, 5.000000000000000000 ) ;
#9006 = LINE ( 'NONE', #10016, #369 ) ;
#9007 = AXIS2_PLACEMENT_3D ( 'NONE', #10253, #9364, #8291 ) ;
#9008 = EDGE_CURVE ( 'NONE', #10913, #10913, #6125, .T. ) ;
#9009 = EDGE_CURVE ( 'NONE', #8491, #3048, #8931, .T. ) ;
#9010 = CARTESIAN_POINT ( 'NONE',  ( 21.00000000000000355, 7.800000000000001599, 17.58578643762692550 ) ) ;
#9011 = ORIENTED_EDGE ( 'NONE', *, *, #6076, .T. ) ;
#9012 = CARTESIAN_POINT ( 'NONE',  ( 5.647239797928352623, 2.213496763471848094, -13.00000000000000000 ) ) ;
#9013 = DIRECTION ( 'NONE',  ( -1.000000000000000000, 0.000000000000000000, 0.000000000000000000 ) ) ;
#9014 = DIRECTION ( 'NONE',  ( -0.000000000000000000, -0.000000000000000000, -1.000000000000000000 ) ) ;
#9015 = DIRECTION ( 'NONE',  ( 1.000000000000000000, 0.000000000000000000, 0.000000000000000000 ) ) ;
#9016 = AXIS2_PLACEMENT_3D ( 'NONE', #4086, #8974, #5889 ) ;
#9017 = DIRECTION ( 'NONE',  ( -0.000000000000000000, -0.000000000000000000, 1.000000000000000000 ) ) ;
#9018 = DIRECTION ( 'NONE',  ( 1.000000000000000000, 0.000000000000000000, 0.000000000000000000 ) ) ;
#9019 = VERTEX_POINT ( 'NONE', #3521 ) ;
#9020 = CARTESIAN_POINT ( 'NONE',  ( -3.099999999999454303, -9.500000000000000000, -870.0000000000000000 ) ) ;
#9021 = EDGE_LOOP ( 'NONE', ( #8988 ) ) ;
#9022 = ADVANCED_FACE ( 'NONE', ( #12341 ), #4647, .T. ) ;
#9023 = DIRECTION ( 'NONE',  ( -0.7071067811865459074, 0.000000000000000000, -0.7071067811865491270 ) ) ;
#9024 = ORIENTED_EDGE ( 'NONE', *, *, #11638, .T. ) ;
#9025 = DIRECTION ( 'NONE',  ( -1.000000000000000000, 0.000000000000000000, 0.000000000000000000 ) ) ;
#9026 = LINE ( 'NONE', #1640, #2503 ) ;
#9027 = ORIENTED_EDGE ( 'NONE', *, *, #9139, .T. ) ;
#9028 = LINE ( 'NONE', #5069, #1666 ) ;
#9029 = FACE_OUTER_BOUND ( 'NONE', #7518, .T. ) ;
#9030 = EDGE_CURVE ( 'NONE', #5398, #3048, #9348, .T. ) ;
#9031 = LINE ( 'NONE', #5941, #4746 ) ;
#9032 = VERTEX_POINT ( 'NONE', #4080 ) ;
#9033 = ORIENTED_EDGE ( 'NONE', *, *, #6697, .T. ) ;
#9034 =( REPRESENTATION_RELATIONSHIP ('NONE','NONE', #2684, #6840 ) REPRESENTATION_RELATIONSHIP_WITH_TRANSFORMATION ( #8622 )SHAPE_REPRESENTATION_RELATIONSHIP( ) );
#9035 = ORIENTED_EDGE ( 'NONE', *, *, #8438, .T. ) ;
#9036 = EDGE_CURVE ( 'NONE', #1580, #1487, #3588, .T. ) ;
#9037 = LINE ( 'NONE', #4457, #769 ) ;
#9038 = ORIENTED_EDGE ( 'NONE', *, *, #6374, .T. ) ;
#9039 = CARTESIAN_POINT ( 'NONE',  ( 20.70000000000000284, 8.000000000000000000, 15.47157287525382507 ) ) ;
#9040 = DIRECTION ( 'NONE',  ( 1.000000000000000000, 0.000000000000000000, 3.325348516249470831E-16 ) ) ;
#9041 = EDGE_LOOP ( 'NONE', ( #2878 ) ) ;
#9042 = CIRCLE ( 'NONE', #4238, 1.975000000000037392 ) ;
#9043 = CARTESIAN_POINT ( 'NONE',  ( -24.99999999999999645, 5.000000000000000000, 10.00000000000000000 ) ) ;
#9044 = CARTESIAN_POINT ( 'NONE',  ( 2.608811078263819194, -4.665096971974744378, -13.00000000000000000 ) ) ;
#9045 = FACE_OUTER_BOUND ( 'NONE', #11864, .T. ) ;
#9046 = CARTESIAN_POINT ( 'NONE',  ( -17.58578643762690774, 0.1999999999999987899, -20.00000000000000000 ) ) ;
#9047 = DIRECTION ( 'NONE',  ( 0.000000000000000000, -0.000000000000000000, -1.000000000000000000 ) ) ;
#9048 = ORIENTED_EDGE ( 'NONE', *, *, #9146, .F. ) ;
#9049 = VERTEX_POINT ( 'NONE', #5647 ) ;
#9050 = VECTOR ( 'NONE', #5514, 1000.000000000000000 ) ;
#9051 = EDGE_LOOP ( 'NONE', ( #3131, #7652, #379, #4788 ) ) ;
#9052 = ORIENTED_EDGE ( 'NONE', *, *, #8994, .T. ) ;
#9053 = DIRECTION ( 'NONE',  ( -0.000000000000000000, -0.000000000000000000, 1.000000000000000000 ) ) ;
#9054 = ORIENTED_EDGE ( 'NONE', *, *, #7572, .F. ) ;
#9055 = LINE ( 'NONE', #4231, #1405 ) ;
#9056 = CARTESIAN_POINT ( 'NONE',  ( -0.5199999999995270628, -3.900000000000090949, -89.99999999999997158 ) ) ;
#9057 = DIRECTION ( 'NONE',  ( 0.000000000000000000, 0.000000000000000000, 1.000000000000000000 ) ) ;
#9058 = AXIS2_PLACEMENT_3D ( 'NONE', #4943, #5502, #8205 ) ;
#9059 = DIRECTION ( 'NONE',  ( 0.000000000000000000, 0.000000000000000000, -1.000000000000000000 ) ) ;
#9060 = CARTESIAN_POINT ( 'NONE',  ( 3.748380470424685029, -5.536446500142361948, -13.00000000000000000 ) ) ;
#9061 = DIRECTION ( 'NONE',  ( -0.7071067811865479058, 0.000000000000000000, 0.7071067811865470176 ) ) ;
#9062 = CARTESIAN_POINT ( 'NONE',  ( -20.80000000000000071, 39.80000000000000426, 17.58578643762692195 ) ) ;
#9063 = EDGE_CURVE ( 'NONE', #6717, #11060, #6398, .T. ) ;
#9064 = ORIENTED_EDGE ( 'NONE', *, *, #9327, .T. ) ;
#9065 = VERTEX_POINT ( 'NONE', #10355 ) ;
#9066 = CARTESIAN_POINT ( 'NONE',  ( 0.000000000000000000, 0.000000000000000000, -2.000000000000000000 ) ) ;
#9067 = LINE ( 'NONE', #3235, #178 ) ;
#9068 = ORIENTED_EDGE ( 'NONE', *, *, #11228, .T. ) ;
#9069 = DIRECTION ( 'NONE',  ( 0.000000000000000000, 0.000000000000000000, 1.000000000000000000 ) ) ;
#9070 = DIRECTION ( 'NONE',  ( 0.000000000000000000, 0.000000000000000000, 1.000000000000000000 ) ) ;
#9071 = CARTESIAN_POINT ( 'NONE',  ( -20.80000000000000426, 32.00000000000000000, -17.58578643762691840 ) ) ;
#9072 = CARTESIAN_POINT ( 'NONE',  ( -1.221639864514396434, -6.185517039134985851, -13.00000000000000000 ) ) ;
#9073 = DIRECTION ( 'NONE',  ( -0.000000000000000000, -0.000000000000000000, 1.000000000000000000 ) ) ;
#9074 = EDGE_CURVE ( 'NONE', #5265, #5813, #4584, .T. ) ;
#9075 = EDGE_CURVE ( 'NONE', #3319, #3319, #11136, .T. ) ;
#9076 = APPLICATION_PROTOCOL_DEFINITION ( 'draft international standard', 'automotive_design', 1998, #1126 ) ;
#9077 = ORIENTED_EDGE ( 'NONE', *, *, #7622, .T. ) ;
#9078 = DIRECTION ( 'NONE',  ( 1.000000000000000000, 0.000000000000000000, 0.000000000000000000 ) ) ;
#9079 = EDGE_LOOP ( 'NONE', ( #1995, #8812, #11450, #6258 ) ) ;
#9080 = DIRECTION ( 'NONE',  ( -1.000000000000000000, 0.000000000000000000, 0.000000000000000000 ) ) ;
#9081 = VERTEX_POINT ( 'NONE', #773 ) ;
#9082 = DIRECTION ( 'NONE',  ( 0.7071067811865459074, 0.000000000000000000, 0.7071067811865491270 ) ) ;
#9083 = CARTESIAN_POINT ( 'NONE',  ( -24.99999999999998934, 0.000000000000000000, 5.000000000000000000 ) ) ;
#9084 = ORIENTED_EDGE ( 'NONE', *, *, #5051, .T. ) ;
#9085 = AXIS2_PLACEMENT_3D ( 'NONE', #4576, #12277, #5577 ) ;
#9086 = CARTESIAN_POINT ( 'NONE',  ( -2.608811078263816530, -4.665096971974739049, -13.00000000000000000 ) ) ;
#9087 = AXIS2_PLACEMENT_3D ( 'NONE', #7496, #1940, #2005 ) ;
#9088 = CARTESIAN_POINT ( 'NONE',  ( -2.659549700202078260, -4.523938932020213244, -13.00000000000000000 ) ) ;
#9089 = EDGE_CURVE ( 'NONE', #9081, #3841, #653, .T. ) ;
#9090 = ADVANCED_FACE ( 'NONE', ( #2708 ), #1720, .F. ) ;
#9091 = CARTESIAN_POINT ( 'NONE',  ( 27.10000000000000497, -24.99999999999998934, 5.000000000000000000 ) ) ;
#9092 = ORIENTED_EDGE ( 'NONE', *, *, #8994, .F. ) ;
#9093 = AXIS2_PLACEMENT_3D ( 'NONE', #3054, #6737, #9827 ) ;
#9094 = EDGE_LOOP ( 'NONE', ( #3343 ) ) ;
#9095 = AXIS2_PLACEMENT_3D ( 'NONE', #4371, #624, #7250 ) ;
#9096 = CYLINDRICAL_SURFACE ( 'NONE', #11993, 0.2799999999999998601 ) ;
#9097 = B_SPLINE_CURVE_WITH_KNOTS ( 'NONE', 3,
 ( #2173, #1830, #10633, #9685 ),
 .UNSPECIFIED., .F., .F.,
 ( 4, 4 ),
 ( 2.168404344971008868E-19, 0.0006560903771786818573 ),
 .UNSPECIFIED. ) ;
#9098 = VERTEX_POINT ( 'NONE', #9290 ) ;
#9099 = FACE_OUTER_BOUND ( 'NONE', #1210, .T. ) ;
#9100 = DIRECTION ( 'NONE',  ( -0.7071067811865382469, 0.000000000000000000, -0.7071067811865566766 ) ) ;
#9101 = EDGE_LOOP ( 'NONE', ( #6202, #9561, #3933, #199 ) ) ;
#9102 = CARTESIAN_POINT ( 'NONE',  ( 3.100000000000363798, 9.500000000000000000, -870.0000000000000000 ) ) ;
#9103 = PLANE ( 'NONE',  #1795 ) ;
#9104 = VECTOR ( 'NONE', #12252, 1000.000000000000000 ) ;
#9105 = EDGE_CURVE ( 'NONE', #2440, #2320, #8399, .T. ) ;
#9106 = AXIS2_PLACEMENT_3D ( 'NONE', #1412, #10670, #2088 ) ;
#9107 = PLANE ( 'NONE',  #6362 ) ;
#9108 = VERTEX_POINT ( 'NONE', #8458 ) ;
#9109 = VERTEX_POINT ( 'NONE', #12282 ) ;
#9110 = ORIENTED_EDGE ( 'NONE', *, *, #8188, .F. ) ;
#9111 = ORIENTED_EDGE ( 'NONE', *, *, #11685, .F. ) ;
#9112 = ADVANCED_FACE ( 'NONE', ( #9478 ), #11236, .F. ) ;
#9113 = CARTESIAN_POINT ( 'NONE',  ( -24.99999999999998934, -25.00000000000000355, 5.000000000000000000 ) ) ;
#9114 = ORIENTED_EDGE ( 'NONE', *, *, #1677, .T. ) ;
#9115 = AXIS2_PLACEMENT_3D ( 'NONE', #3225, #705, #10941 ) ;
#9116 = DIRECTION ( 'NONE',  ( 0.000000000000000000, 0.000000000000000000, 1.000000000000000000 ) ) ;
#9117 = CIRCLE ( 'NONE', #5675, 0.1499999999999933886 ) ;
#9118 = CARTESIAN_POINT ( 'NONE',  ( 18.15147186257614820, 32.20000000000000284, 20.56568542494924046 ) ) ;
#9119 = ADVANCED_FACE ( 'NONE', ( #7515 ), #11348, .T. ) ;
#9120 = DIRECTION ( 'NONE',  ( -1.000000000000000000, 0.000000000000000000, 0.000000000000000000 ) ) ;
#9121 = LINE ( 'NONE', #4356, #3195 ) ;
#9122 = DIRECTION ( 'NONE',  ( 0.000000000000000000, 0.000000000000000000, -1.000000000000000000 ) ) ;
#9123 = PLANE ( 'NONE',  #11541 ) ;
#9124 = CIRCLE ( 'NONE', #3716, 0.2000000000000002887 ) ;
#9125 = ORIENTED_EDGE ( 'NONE', *, *, #9008, .T. ) ;
#9126 = VERTEX_POINT ( 'NONE', #1601 ) ;
#9127 = DIRECTION ( 'NONE',  ( -0.000000000000000000, -0.000000000000000000, 1.000000000000000000 ) ) ;
#9128 = LINE ( 'NONE', #10076, #9200 ) ;
#9129 = VERTEX_POINT ( 'NONE', #8275 ) ;
#9130 = CIRCLE ( 'NONE', #3119, 0.1499999999999947486 ) ;
#9131 = DIRECTION ( 'NONE',  ( -1.000000000000000000, 0.000000000000000000, 0.000000000000000000 ) ) ;
#9132 = PRODUCT_DEFINITION_SHAPE ( 'NONE', 'NONE',  #12382 ) ;
#9133 = DIRECTION ( 'NONE',  ( 0.7071067811865470176, 0.000000000000000000, 0.7071067811865481278 ) ) ;
#9134 = CARTESIAN_POINT ( 'NONE',  ( -3.856272480938607750, -3.480975086488781844, -13.00000000000000000 ) ) ;
#9135 = DIRECTION ( 'NONE',  ( -0.7071067811865475727, -0.000000000000000000, -0.7071067811865475727 ) ) ;
#9136 = LINE ( 'NONE', #10959, #8321 ) ;
#9137 = APPLICATION_PROTOCOL_DEFINITION ( 'draft international standard', 'automotive_design', 1998, #6626 ) ;
#9138 = VECTOR ( 'NONE', #11084, 1000.000000000000000 ) ;
#9139 = EDGE_CURVE ( 'NONE', #11895, #1208, #3838, .T. ) ;
#9140 = ORIENTED_EDGE ( 'NONE', *, *, #12132, .F. ) ;
#9141 = FACE_OUTER_BOUND ( 'NONE', #11159, .T. ) ;
#9142 = FACE_OUTER_BOUND ( 'NONE', #9273, .T. ) ;
#9143 = EDGE_LOOP ( 'NONE', ( #3458, #8387, #6746, #2661 ) ) ;
#9144 = EDGE_CURVE ( 'NONE', #4081, #245, #2255, .T. ) ;
#9145 = DIRECTION ( 'NONE',  ( 1.000000000000000000, 0.000000000000000000, 0.000000000000000000 ) ) ;
#9146 = EDGE_CURVE ( 'NONE', #5513, #11258, #7718, .T. ) ;
#9147 = CARTESIAN_POINT ( 'NONE',  ( 1.167387816605746975, -5.910823181726929221, -13.00000000000000000 ) ) ;
#9148 = VERTEX_POINT ( 'NONE', #11537 ) ;
#9149 = DIRECTION ( 'NONE',  ( -0.000000000000000000, -0.000000000000000000, 1.000000000000000000 ) ) ;
#9150 = CARTESIAN_POINT ( 'NONE',  ( -0.5199999999998036193, 3.900000000000267253, -870.0000000000000000 ) ) ;
#9151 = AXIS2_PLACEMENT_3D ( 'NONE', #9508, #865, #9386 ) ;
#9152 = DIRECTION ( 'NONE',  ( 1.000000000000000000, 0.000000000000000000, 0.000000000000000000 ) ) ;
#9153 = CARTESIAN_POINT ( 'NONE',  ( 0.000000000000000000, 0.000000000000000000, 0.000000000000000000 ) ) ;
#9154 = ORIENTED_EDGE ( 'NONE', *, *, #5106, .T. ) ;
#9155 = AXIS2_PLACEMENT_3D ( 'NONE', #7136, #6884, #6014 ) ;
#9156 = CLOSED_SHELL ( 'NONE', ( #12054, #6680, #1789, #2610, #5039, #8451, #9090, #9112, #7193, #10618, #3680, #7597, #9499, #2985, #135, #187, #10020, #4349, #11068, #5461, #10671, #3954, #3243, #11831, #1038, #8310, #7308, #32, #1088, #11558, #5631, #3166, #11783, #8270, #7157, #6149, #3201, #8255, #1204, #2052, #4390, #11817, #11463, #679, #7442, #5978, #2117, #11113, #2793, #3424, #6603, #5118, #10636, #4553, #6060, #1965, #8613, #7932, #8286, #10574, #7379, #5430, #8933, #4739, #101, #205, #9877, #4780, #1766, #5355, #7621, #8099, #4333, #9739, #7247, #9473, #6631, #10794, #2492, #6295, #957, #7338, #9315, #11740, #3600, #9278, #5046, #2349, #4379, #2742, #11590, #7098, #7686, #3322, #5783, #11270, #7138, #3711, #652, #1283, #9226, #2807, #3482, #7566, #2068, #477, #5694, #7925, #6012, #10196, #7848, #2679, #11435, #1216, #2642, #3359, #7529, #5994, #12290, #5866, #8693, #10329, #6716, #234, #6647, #11099, #6115, #2455, #5584, #1891, #3972, #4160, #3568, #6953, #2763, #327, #5463, #10887, #9022, #8562, #11379, #7897, #5111 ) ) ;
#9157 = ORIENTED_EDGE ( 'NONE', *, *, #12089, .T. ) ;
#9158 = AXIS2_PLACEMENT_3D ( 'NONE', #1562, #1307, #11947 ) ;
#9159 = DIRECTION ( 'NONE',  ( 1.000000000000000000, 0.000000000000000000, 0.000000000000000000 ) ) ;
#9160 = ORIENTED_EDGE ( 'NONE', *, *, #10850, .T. ) ;
#9161 = EDGE_CURVE ( 'NONE', #11751, #6633, #6522, .T. ) ;
#9162 = ADVANCED_FACE ( 'NONE', ( #2948 ), #15, .T. ) ;
#9163 = DIRECTION ( 'NONE',  ( 0.000000000000000000, 0.000000000000000000, 1.000000000000000000 ) ) ;
#9164 = DIRECTION ( 'NONE',  ( -0.000000000000000000, -0.000000000000000000, 1.000000000000000000 ) ) ;
#9165 = VERTEX_POINT ( 'NONE', #9603 ) ;
#9166 = ADVANCED_FACE ( 'NONE', ( #10602 ), #1312, .T. ) ;
#9167 = DIRECTION ( 'NONE',  ( -1.000000000000000000, 0.000000000000000000, 0.000000000000000000 ) ) ;
#9168 = MANIFOLD_SOLID_BREP ( '\X2\52079664\X0\-\X2\62c94f38\X0\1', #5742 ) ;
#9169 = DIRECTION ( 'NONE',  ( -1.000000000000000000, 0.000000000000000000, 0.000000000000000000 ) ) ;
#9170 = AXIS2_PLACEMENT_3D ( 'NONE', #11956, #1386, #6059 ) ;
#9171 = DIRECTION ( 'NONE',  ( -1.000000000000000000, 0.000000000000000000, 0.000000000000000000 ) ) ;
#9172 = AXIS2_PLACEMENT_3D ( 'NONE', #8867, #6291, #2240 ) ;
#9173 = VERTEX_POINT ( 'NONE', #3648 ) ;
#9174 = ORIENTED_EDGE ( 'NONE', *, *, #9036, .F. ) ;
#9175 = ORIENTED_EDGE ( 'NONE', *, *, #7799, .F. ) ;
#9176 = EDGE_LOOP ( 'NONE', ( #7007, #3860, #615, #8692 ) ) ;
#9177 = EDGE_LOOP ( 'NONE', ( #3815, #9703, #10930, #725 ) ) ;
#9178 = AXIS2_PLACEMENT_3D ( 'NONE', #10524, #6509, #9527 ) ;
#9179 = CARTESIAN_POINT ( 'NONE',  ( 21.00000000000000355, 40.00000000000000000, 18.00000000000001421 ) ) ;
#9180 = ORIENTED_EDGE ( 'NONE', *, *, #3722, .F. ) ;
#9181 = AXIS2_PLACEMENT_3D ( 'NONE', #8856, #270, #11731 ) ;
#9182 = CIRCLE ( 'NONE', #1991, 0.1500000000000060174 ) ;
#9183 = VECTOR ( 'NONE', #5713, 1000.000000000000000 ) ;
#9184 = EDGE_CURVE ( 'NONE', #3232, #8214, #9334, .T. ) ;
#9185 = CARTESIAN_POINT ( 'NONE',  ( 20.80000000000000426, 0.1999999999999987899, 17.58578643762692550 ) ) ;
#9186 = DIRECTION ( 'NONE',  ( 0.000000000000000000, 0.000000000000000000, -1.000000000000000000 ) ) ;
#9187 = CARTESIAN_POINT ( 'NONE',  ( -20.70710678118654613, 0.2000000000000000111, -18.29289321881346808 ) ) ;
#9188 = DIRECTION ( 'NONE',  ( 0.000000000000000000, -0.000000000000000000, -1.000000000000000000 ) ) ;
#9189 = ADVANCED_FACE ( 'NONE', ( #8883 ), #9956, .F. ) ;
#9190 = CARTESIAN_POINT ( 'NONE',  ( 3.600000000000363798, 9.500000000000000000, -89.99999999999997158 ) ) ;
#9191 = CIRCLE ( 'NONE', #9587, 1.310500000000000886 ) ;
#9192 = CARTESIAN_POINT ( 'NONE',  ( 5.758592769118958898, -2.567417831100120562, -13.00000000000000000 ) ) ;
#9193 = VECTOR ( 'NONE', #3505, 1000.000000000000000 ) ;
#9194 = AXIS2_PLACEMENT_3D ( 'NONE', #7907, #6036, #7095 ) ;
#9195 = ORIENTED_EDGE ( 'NONE', *, *, #8679, .T. ) ;
#9196 = ORIENTED_EDGE ( 'NONE', *, *, #10227, .F. ) ;
#9197 = CARTESIAN_POINT ( 'NONE',  ( 25.00000000000000355, 0.000000000000000000, 10.00000000000000000 ) ) ;
#9198 = EDGE_CURVE ( 'NONE', #9964, #6497, #4120, .T. ) ;
#9199 = LINE ( 'NONE', #5482, #10596 ) ;
#9200 = VECTOR ( 'NONE', #552, 1000.000000000000000 ) ;
#9201 = ORIENTED_EDGE ( 'NONE', *, *, #8847, .T. ) ;
#9202 = VECTOR ( 'NONE', #10690, 1000.000000000000000 ) ;
#9203 = AXIS2_PLACEMENT_3D ( 'NONE', #4831, #960, #9609 ) ;
#9204 = CARTESIAN_POINT ( 'NONE',  ( 0.5189999999999562741, 3.900000000000267253, -89.99999999999997158 ) ) ;
#9205 = DIRECTION ( 'NONE',  ( 0.000000000000000000, -1.000000000000000000, -0.000000000000000000 ) ) ;
#9206 = CARTESIAN_POINT ( 'NONE',  ( 1.964042965173691480, 4.809424105956109585, -13.00000000000000000 ) ) ;
#9207 = CARTESIAN_POINT ( 'NONE',  ( 21.00000000000000355, 39.80000000000000426, 17.58578643762692550 ) ) ;
#9208 = CARTESIAN_POINT ( 'NONE',  ( -4.374567281301045441, -3.071186432206678862, -13.00000000000000000 ) ) ;
#9209 = APPLICATION_CONTEXT ( 'automotive_design' ) ;
#9210 = CONTEXT_DEPENDENT_SHAPE_REPRESENTATION ( #6460, #9934 ) ;
#9211 = AXIS2_PLACEMENT_3D ( 'NONE', #1429, #1287, #2168 ) ;
#9212 = ORIENTED_EDGE ( 'NONE', *, *, #3483, .F. ) ;
#9213 = ADVANCED_FACE ( 'NONE', ( #8648 ), #430, .T. ) ;
#9214 = CARTESIAN_POINT ( 'NONE',  ( 3.856272480938607750, 3.480975086488783621, -2.000000000000000000 ) ) ;
#9215 = CARTESIAN_POINT ( 'NONE',  ( -19.99999999999999645, 32.20000000000000284, 17.58578643762692195 ) ) ;
#9216 = EDGE_LOOP ( 'NONE', ( #4226, #9497, #5931, #8118 ) ) ;
#9217 = CARTESIAN_POINT ( 'NONE',  ( -17.58578643762690774, 8.000000000000000000, -20.80000000000000071 ) ) ;
#9218 = LINE ( 'NONE', #12027, #2689 ) ;
#9219 = EDGE_LOOP ( 'NONE', ( #2420, #2648, #10639, #8146 ) ) ;
#9220 = CIRCLE ( 'NONE', #5000, 6.304999999999999716 ) ;
#9221 = CARTESIAN_POINT ( 'NONE',  ( -21.00000000000000355, 32.20000000000000284, -18.00000000000001421 ) ) ;
#9222 = LINE ( 'NONE', #7319, #8373 ) ;
#9223 = CARTESIAN_POINT ( 'NONE',  ( 30.00000000000000000, -29.99999999999999289, 5.000000000000000000 ) ) ;
#9224 = EDGE_CURVE ( 'NONE', #11863, #10520, #1896, .T. ) ;
#9225 = ORIENTED_EDGE ( 'NONE', *, *, #7258, .T. ) ;
#9226 = ADVANCED_FACE ( 'NONE', ( #951 ), #10835, .T. ) ;
#9227 = TOROIDAL_SURFACE ( 'NONE', #10224, 0.8000000000000000444, 0.2000000000000000111 ) ;
#9228 = VERTEX_POINT ( 'NONE', #6251 ) ;
#9229 = DIRECTION ( 'NONE',  ( 1.000000000000000000, 0.000000000000000000, 0.000000000000000000 ) ) ;
#9230 = ORIENTED_EDGE ( 'NONE', *, *, #7950, .T. ) ;
#9231 = PLANE ( 'NONE',  #2225 ) ;
#9232 = PLANE ( 'NONE',  #3696 ) ;
#9233 = ORIENTED_EDGE ( 'NONE', *, *, #3030, .F. ) ;
#9234 = DIRECTION ( 'NONE',  ( 1.000000000000000000, 0.000000000000000000, 0.000000000000000000 ) ) ;
#9235 = CIRCLE ( 'NONE', #7221, 0.6500000000000009104 ) ;
#9236 = PLANE ( 'NONE',  #11982 ) ;
#9237 = DIRECTION ( 'NONE',  ( 1.000000000000000000, 3.325348516249470831E-16, 3.325348516249482664E-16 ) ) ;
#9238 = VERTEX_POINT ( 'NONE', #838 ) ;
#9239 = EDGE_CURVE ( 'NONE', #6325, #776, #9136, .T. ) ;
#9240 = EDGE_LOOP ( 'NONE', ( #6809 ) ) ;
#9241 = EDGE_CURVE ( 'NONE', #5068, #11293, #4441, .T. ) ;
#9242 = ORIENTED_EDGE ( 'NONE', *, *, #4103, .T. ) ;
#9243 = EDGE_LOOP ( 'NONE', ( #11665, #5401, #1261, #9322 ) ) ;
#9244 = VECTOR ( 'NONE', #8233, 1000.000000000000000 ) ;
#9245 = FACE_OUTER_BOUND ( 'NONE', #6855, .T. ) ;
#9246 = PRODUCT ( '\X2\8fd052a8538b8f6e\X0\', '\X2\8fd052a8538b8f6e\X0\', '', ( #1569 ) ) ;
#9247 = VERTEX_POINT ( 'NONE', #7369 ) ;
#9248 = CYLINDRICAL_SURFACE ( 'NONE', #9812, 2.500000000000002220 ) ;
#9249 = CARTESIAN_POINT ( 'NONE',  ( -20.70710678118654968, 32.20000000000000284, -18.29289321881346808 ) ) ;
#9250 = CARTESIAN_POINT ( 'NONE',  ( 8.500000000000000000, -10.00000000000000000, -870.0000000000000000 ) ) ;
#9251 = LINE ( 'NONE', #4659, #3799 ) ;
#9252 = CARTESIAN_POINT ( 'NONE',  ( -18.29289321881345387, 32.00000000000000000, -20.70710678118654968 ) ) ;
#9253 = AXIS2_PLACEMENT_3D ( 'NONE', #9532, #7510, #12337 ) ;
#9254 = CARTESIAN_POINT ( 'NONE',  ( 8.000000000000000000, -3.099999999999909051, -870.0000000000000000 ) ) ;
#9255 = EDGE_CURVE ( 'NONE', #3274, #9495, #11141, .T. ) ;
#9256 = ORIENTED_EDGE ( 'NONE', *, *, #2233, .T. ) ;
#9257 = ORIENTED_EDGE ( 'NONE', *, *, #8424, .T. ) ;
#9258 = DIRECTION ( 'NONE',  ( 0.000000000000000000, 0.000000000000000000, -1.000000000000000000 ) ) ;
#9259 = DIRECTION ( 'NONE',  ( -0.7071067811865475727, 0.000000000000000000, -0.7071067811865475727 ) ) ;
#9260 = EDGE_CURVE ( 'NONE', #5603, #1877, #1543, .T. ) ;
#9261 = AXIS2_PLACEMENT_3D ( 'NONE', #9970, #3255, #4021 ) ;
#9262 = VERTEX_POINT ( 'NONE', #11085 ) ;
#9263 = CARTESIAN_POINT ( 'NONE',  ( -6.022394731077293173, 0.1771629280985721477, -13.00000000000000000 ) ) ;
#9264 = CARTESIAN_POINT ( 'NONE',  ( 0.000000000000000000, 0.000000000000000000, -2.000000000000000000 ) ) ;
#9265 = DIRECTION ( 'NONE',  ( -0.000000000000000000, -0.000000000000000000, -1.000000000000000000 ) ) ;
#9266 = DIRECTION ( 'NONE',  ( -1.000000000000000000, 0.000000000000000000, 0.000000000000000000 ) ) ;
#9267 = CARTESIAN_POINT ( 'NONE',  ( 17.58578643762691129, 39.80000000000000426, 20.00000000000000000 ) ) ;
#9268 = EDGE_CURVE ( 'NONE', #7814, #1020, #10945, .T. ) ;
#9269 = ORIENTED_EDGE ( 'NONE', *, *, #11990, .F. ) ;
#9270 = CARTESIAN_POINT ( 'NONE',  ( -17.58578643762691485, 32.20000000000000284, 20.00000000000000355 ) ) ;
#9271 = CARTESIAN_POINT ( 'NONE',  ( 20.56568542494924046, 8.000000000000000000, 18.15147186257616241 ) ) ;
#9272 = ADVANCED_FACE ( 'NONE', ( #3491 ), #4376, .F. ) ;
#9273 = EDGE_LOOP ( 'NONE', ( #9396, #11336, #7660, #3216 ) ) ;
#9274 = DIRECTION ( 'NONE',  ( -0.000000000000000000, -0.000000000000000000, 1.000000000000000000 ) ) ;
#9275 = FACE_OUTER_BOUND ( 'NONE', #840, .T. ) ;
#9276 = SURFACE_SIDE_STYLE ('',( #1701 ) ) ;
#9277 = DIRECTION ( 'NONE',  ( -1.000000000000000000, 0.000000000000000000, 0.000000000000000000 ) ) ;
#9278 = ADVANCED_FACE ( 'NONE', ( #3549 ), #11335, .T. ) ;
#9279 = DIRECTION ( 'NONE',  ( 0.000000000000000000, 0.000000000000000000, 1.000000000000000000 ) ) ;
#9280 = ORIENTED_EDGE ( 'NONE', *, *, #4511, .F. ) ;
#9281 = ORIENTED_EDGE ( 'NONE', *, *, #5632, .F. ) ;
#9282 = DIRECTION ( 'NONE',  ( -1.000000000000000000, -0.000000000000000000, -0.000000000000000000 ) ) ;
#9283 = ORIENTED_EDGE ( 'NONE', *, *, #4729, .T. ) ;
#9284 = CARTESIAN_POINT ( 'NONE',  ( -5.779348217812170674, -3.361804601292476935, -13.00000000000000000 ) ) ;
#9285 = CIRCLE ( 'NONE', #3880, 1.974999999999976774 ) ;
#9286 = CARTESIAN_POINT ( 'NONE',  ( 3.469446951953614189E-15, -30.00000000000000000, 5.000000000000000000 ) ) ;
#9287 = VERTEX_POINT ( 'NONE', #11206 ) ;
#9288 = CARTESIAN_POINT ( 'NONE',  ( 15.49999999999996447, 35.50000000000000711, 15.49999999999999822 ) ) ;
#9289 = DIRECTION ( 'NONE',  ( 1.000000000000000000, 0.000000000000000000, 0.000000000000000000 ) ) ;
#9290 = CARTESIAN_POINT ( 'NONE',  ( 3.784454747031253508, -5.042908611869999724, -2.000000000000000000 ) ) ;
#9291 = VERTEX_POINT ( 'NONE', #11287 ) ;
#9292 = VERTEX_POINT ( 'NONE', #6308 ) ;
#9293 = VECTOR ( 'NONE', #2447, 1000.000000000000000 ) ;
#9294 = VERTEX_POINT ( 'NONE', #8125 ) ;
#9295 = VERTEX_POINT ( 'NONE', #6428 ) ;
#9296 = FACE_OUTER_BOUND ( 'NONE', #5538, .T. ) ;
#9297 = ORIENTED_EDGE ( 'NONE', *, *, #11328, .F. ) ;
#9298 = CARTESIAN_POINT ( 'NONE',  ( 0.9013707041225496042, -5.998201072901427899, -13.00000000000000000 ) ) ;
#9299 = ADVANCED_FACE ( 'NONE', ( #12070, #6365, #628 ), #1632, .F. ) ;
#9300 = DIRECTION ( 'NONE',  ( 1.000000000000000000, 0.000000000000000000, -0.000000000000000000 ) ) ;
#9301 = ADVANCED_FACE ( 'NONE', ( #8305 ), #9321, .T. ) ;
#9302 = AXIS2_PLACEMENT_3D ( 'NONE', #8733, #6849, #4982 ) ;
#9303 = DIRECTION ( 'NONE',  ( -0.000000000000000000, -0.000000000000000000, 1.000000000000000000 ) ) ;
#9304 = CYLINDRICAL_SURFACE ( 'NONE', #1616, 5.195000000000000284 ) ;
#9305 = LINE ( 'NONE', #911, #7750 ) ;
#9306 = AXIS2_PLACEMENT_3D ( 'NONE', #3645, #10234, #1433 ) ;
#9307 = EDGE_LOOP ( 'NONE', ( #6142, #11591, #10121, #2874 ) ) ;
#9308 = VERTEX_POINT ( 'NONE', #8367 ) ;
#9309 = TOROIDAL_SURFACE ( 'NONE', #8906, 0.8000000000000000444, 0.2000000000000000111 ) ;
#9310 = CARTESIAN_POINT ( 'NONE',  ( -6.022394731077292285, -0.1771629280985711208, -2.000000000000000000 ) ) ;
#9311 = ORIENTED_EDGE ( 'NONE', *, *, #3392, .T. ) ;
#9312 = DIRECTION ( 'NONE',  ( -0.000000000000000000, 1.000000000000000000, 0.000000000000000000 ) ) ;
#9313 = ORIENTED_EDGE ( 'NONE', *, *, #7688, .T. ) ;
#9314 = EDGE_CURVE ( 'NONE', #9414, #10215, #9130, .T. ) ;
#9315 = ADVANCED_FACE ( 'NONE', ( #7121 ), #4728, .T. ) ;
#9316 = DIRECTION ( 'NONE',  ( 0.000000000000000000, 0.000000000000000000, -1.000000000000000000 ) ) ;
#9317 = EDGE_CURVE ( 'NONE', #10212, #11370, #10269, .T. ) ;
#9318 = CARTESIAN_POINT ( 'NONE',  ( -8.000000000000000000, 3.099999999999909051, -89.99999999999997158 ) ) ;
#9319 = DIRECTION ( 'NONE',  ( -0.000000000000000000, -0.000000000000000000, 1.000000000000000000 ) ) ;
#9320 = LINE ( 'NONE', #4548, #7985 ) ;
#9321 = CYLINDRICAL_SURFACE ( 'NONE', #3724, 5.194999999999999396 ) ;
#9322 = ORIENTED_EDGE ( 'NONE', *, *, #2523, .T. ) ;
#9323 = CARTESIAN_POINT ( 'NONE',  ( -8.500000000000000000, -10.00000000000000000, -870.0000000000000000 ) ) ;
#9324 = AXIS2_PLACEMENT_3D ( 'NONE', #8603, #3851, #2901 ) ;
#9325 = CARTESIAN_POINT ( 'NONE',  ( 0.000000000000000000, 0.000000000000000000, -13.00000000000000000 ) ) ;
#9326 = VERTEX_POINT ( 'NONE', #740 ) ;
#9327 = EDGE_CURVE ( 'NONE', #9606, #3327, #5252, .T. ) ;
#9328 = CYLINDRICAL_SURFACE ( 'NONE', #8677, 0.1999999999999987899 ) ;
#9329 = LINE ( 'NONE', #6501, #7142 ) ;
#9330 = CARTESIAN_POINT ( 'NONE',  ( -17.58578643762690774, 32.20000000000000284, -20.00000000000000000 ) ) ;
#9331 = CARTESIAN_POINT ( 'NONE',  ( -15.50000000000000178, 40.00000000000000000, 15.50000000000000711 ) ) ;
#9332 = CARTESIAN_POINT ( 'NONE',  ( 2.608811078263817418, 4.665096971974746154, -13.00000000000000000 ) ) ;
#9333 = DIRECTION ( 'NONE',  ( 0.000000000000000000, 0.000000000000000000, 1.000000000000000000 ) ) ;
#9334 = CIRCLE ( 'NONE', #8129, 0.7999999999999986011 ) ;
#9335 = EDGE_CURVE ( 'NONE', #2145, #2145, #11145, .T. ) ;
#9336 = SHAPE_REPRESENTATION_RELATIONSHIP ( 'NONE' , 'NONE' ,  #11466, #4586 ) ;
#9337 = PRODUCT_DEFINITION_SHAPE ( 'NONE', 'NONE',  #12381 ) ;
#9338 = ORIENTED_EDGE ( 'NONE', *, *, #10673, .T. ) ;
#9339 = ORIENTED_EDGE ( 'NONE', *, *, #5090, .F. ) ;
#9340 = DIRECTION ( 'NONE',  ( -1.000000000000000000, 0.000000000000000000, 8.260587980841938780E-17 ) ) ;
#9341 = ORIENTED_EDGE ( 'NONE', *, *, #8385, .T. ) ;
#9342 = VECTOR ( 'NONE', #8177, 1000.000000000000000 ) ;
#9343 = DIRECTION ( 'NONE',  ( -0.000000000000000000, -1.000000000000000000, -0.000000000000000000 ) ) ;
#9344 = EDGE_LOOP ( 'NONE', ( #4893, #9111, #9659, #11594 ) ) ;
#9345 = CARTESIAN_POINT ( 'NONE',  ( 0.000000000000000000, 41.80000000000000426, 0.000000000000000000 ) ) ;
#9346 = DIRECTION ( 'NONE',  ( -0.000000000000000000, -0.000000000000000000, 1.000000000000000000 ) ) ;
#9347 = DIRECTION ( 'NONE',  ( -0.7071067811865474617, 0.000000000000000000, -0.7071067811865474617 ) ) ;
#9348 = LINE ( 'NONE', #1661, #10136 ) ;
#9349 = DIRECTION ( 'NONE',  ( -0.000000000000000000, -1.000000000000000000, -0.000000000000000000 ) ) ;
#9350 = AXIS2_PLACEMENT_3D ( 'NONE', #6333, #10172, #9289 ) ;
#9351 = EDGE_LOOP ( 'NONE', ( #1949 ) ) ;
#9352 = VECTOR ( 'NONE', #6248, 1000.000000000000114 ) ;
#9353 = ORIENTED_EDGE ( 'NONE', *, *, #10154, .T. ) ;
#9354 = EDGE_CURVE ( 'NONE', #8903, #8903, #1754, .T. ) ;
#9355 = CARTESIAN_POINT ( 'NONE',  ( 5.349122049243778321, 2.772637427124943876, -13.00000000000000000 ) ) ;
#9356 = VERTEX_POINT ( 'NONE', #5549 ) ;
#9357 = LINE ( 'NONE', #7284, #10026 ) ;
#9358 = VECTOR ( 'NONE', #9818, 1000.000000000000000 ) ;
#9359 = CARTESIAN_POINT ( 'NONE',  ( -5.500000000000000000, -6.490000000000009983, -870.0000000000000000 ) ) ;
#9360 = AXIS2_PLACEMENT_3D ( 'NONE', #10575, #9455, #3050 ) ;
#9361 = AXIS2_PLACEMENT_3D ( 'NONE', #5546, #6360, #5612 ) ;
#9362 = ADVANCED_FACE ( 'NONE', ( #6669, #7427 ), #10505, .F. ) ;
#9363 = PLANE ( 'NONE',  #580 ) ;
#9364 = DIRECTION ( 'NONE',  ( 0.000000000000000000, 1.000000000000000000, -0.000000000000000000 ) ) ;
#9365 = CYLINDRICAL_SURFACE ( 'NONE', #3559, 6.304999999999999716 ) ;
#9366 = CIRCLE ( 'NONE', #160, 0.1999999999999987899 ) ;
#9367 = EDGE_CURVE ( 'NONE', #258, #258, #5133, .T. ) ;
#9368 = CIRCLE ( 'NONE', #7547, 0.2800000000000029132 ) ;
#9369 = AXIS2_PLACEMENT_3D ( 'NONE', #368, #5061, #11892 ) ;
#9370 = ORIENTED_EDGE ( 'NONE', *, *, #5271, .F. ) ;
#9371 = VECTOR ( 'NONE', #2784, 1000.000000000000000 ) ;
#9372 = VERTEX_POINT ( 'NONE', #10391 ) ;
#9373 = EDGE_CURVE ( 'NONE', #8300, #12215, #8522, .T. ) ;
#9374 = DIRECTION ( 'NONE',  ( 0.000000000000000000, 0.000000000000000000, 1.000000000000000000 ) ) ;
#9375 = VERTEX_POINT ( 'NONE', #1751 ) ;
#9376 = DIRECTION ( 'NONE',  ( -1.000000000000000000, -0.000000000000000000, -0.000000000000000000 ) ) ;
#9377 = VERTEX_POINT ( 'NONE', #6549 ) ;
#9378 = LINE ( 'NONE', #1813, #1515 ) ;
#9379 = CIRCLE ( 'NONE', #7174, 6.304999999999999716 ) ;
#9380 = FACE_OUTER_BOUND ( 'NONE', #6132, .T. ) ;
#9381 = CARTESIAN_POINT ( 'NONE',  ( -6.022394731077292285, -0.1771629280985711208, -13.00000000000000000 ) ) ;
#9382 = VECTOR ( 'NONE', #11118, 1000.000000000000000 ) ;
#9383 = VECTOR ( 'NONE', #7994, 1000.000000000000114 ) ;
#9384 = CARTESIAN_POINT ( 'NONE',  ( -0.4333079431568606643, 5.229863506334589296, -2.000000000000000000 ) ) ;
#9385 = AXIS2_PLACEMENT_3D ( 'NONE', #4340, #4220, #4149 ) ;
#9386 = DIRECTION ( 'NONE',  ( -1.000000000000000000, 0.000000000000000000, 0.000000000000000000 ) ) ;
#9387 = ORIENTED_EDGE ( 'NONE', *, *, #1997, .F. ) ;
#9388 = EDGE_CURVE ( 'NONE', #5858, #118, #2148, .T. ) ;
#9389 = EDGE_LOOP ( 'NONE', ( #7034, #9880, #3089, #1873 ) ) ;
#9390 = EDGE_CURVE ( 'NONE', #9772, #10592, #6729, .T. ) ;
#9391 = AXIS2_PLACEMENT_3D ( 'NONE', #10457, #4805, #4860 ) ;
#9392 = DIRECTION ( 'NONE',  ( 0.000000000000000000, 0.000000000000000000, -1.000000000000000000 ) ) ;
#9393 = AXIS2_PLACEMENT_3D ( 'NONE', #937, #7436, #4565 ) ;
#9394 = CIRCLE ( 'NONE', #11386, 2.099999999999997868 ) ;
#9395 = CARTESIAN_POINT ( 'NONE',  ( -18.29289321881345387, 32.20000000000000284, -20.70710678118654968 ) ) ;
#9396 = ORIENTED_EDGE ( 'NONE', *, *, #873, .F. ) ;
#9397 = LINE ( 'NONE', #6623, #1289 ) ;
#9398 = DIRECTION ( 'NONE',  ( 0.4472135954999578167, 0.8944271909999158554, 0.000000000000000000 ) ) ;
#9399 = DIRECTION ( 'NONE',  ( -1.000000000000000000, 0.000000000000000000, 0.000000000000000000 ) ) ;
#9400 = DIRECTION ( 'NONE',  ( -3.469446951953611033E-15, 0.000000000000000000, 1.000000000000000000 ) ) ;
#9401 = CIRCLE ( 'NONE', #7993, 0.2800000000000003042 ) ;
#9402 = DIRECTION ( 'NONE',  ( -1.000000000000000000, 0.000000000000000000, 8.260587980841936314E-17 ) ) ;
#9403 = VECTOR ( 'NONE', #5614, 1000.000000000000000 ) ;
#9404 = ORIENTED_EDGE ( 'NONE', *, *, #9367, .F. ) ;
#9405 = EDGE_CURVE ( 'NONE', #8984, #8342, #7617, .T. ) ;
#9406 = ORIENTED_EDGE ( 'NONE', *, *, #1997, .T. ) ;
#9407 = CIRCLE ( 'NONE', #6797, 1.975000000000000089 ) ;
#9408 = DIRECTION ( 'NONE',  ( -0.000000000000000000, -0.000000000000000000, -1.000000000000000000 ) ) ;
#9409 = ORIENTED_EDGE ( 'NONE', *, *, #12287, .T. ) ;
#9410 = AXIS2_PLACEMENT_3D ( 'NONE', #8236, #6105, #9940 ) ;
#9411 = CARTESIAN_POINT ( 'NONE',  ( 17.58578643762691840, 0.1999999999999987899, -20.00000000000000355 ) ) ;
#9412 = EDGE_CURVE ( 'NONE', #1979, #3314, #11933, .T. ) ;
#9413 = CARTESIAN_POINT ( 'NONE',  ( -0.3171893472501035038, 5.185307697522977932, -13.00000000000000000 ) ) ;
#9414 = VERTEX_POINT ( 'NONE', #3808 ) ;
#9415 = DIRECTION ( 'NONE',  ( -1.000000000000000000, 0.000000000000000000, 0.000000000000000000 ) ) ;
#9416 = CYLINDRICAL_SURFACE ( 'NONE', #11507, 1.000000000000000888 ) ;
#9417 = CARTESIAN_POINT ( 'NONE',  ( -8.500000000000000000, -10.00000000000000000, -89.99999999999997158 ) ) ;
#9418 = CARTESIAN_POINT ( 'NONE',  ( -6.489999999999564118, -5.500000000000096811, -89.99999999999997158 ) ) ;
#9419 = VERTEX_POINT ( 'NONE', #2599 ) ;
#9420 = AXIS2_PLACEMENT_3D ( 'NONE', #3947, #11595, #3007 ) ;
#9421 = ORIENTED_EDGE ( 'NONE', *, *, #1650, .F. ) ;
#9422 = EDGE_CURVE ( 'NONE', #3128, #6239, #10569, .T. ) ;
#9423 = ORIENTED_EDGE ( 'NONE', *, *, #9554, .T. ) ;
#9424 = SHAPE_REPRESENTATION ( '\X2\6a217ec481ea5e26652f6491\X0\', ( #11368 ), #1741 ) ;
#9425 = DIRECTION ( 'NONE',  ( 0.000000000000000000, 0.000000000000000000, 1.000000000000000000 ) ) ;
#9426 = DIRECTION ( 'NONE',  ( 0.000000000000000000, -1.000000000000000000, 0.000000000000000000 ) ) ;
#9427 = ORIENTED_EDGE ( 'NONE', *, *, #58, .T. ) ;
#9428 = CARTESIAN_POINT ( 'NONE',  ( -18.15147186257614464, 7.800000000000000711, -20.56568542494924046 ) ) ;
#9429 = AXIS2_PLACEMENT_3D ( 'NONE', #412, #5164, #6232 ) ;
#9430 = LINE ( 'NONE', #12173, #11642 ) ;
#9431 = CARTESIAN_POINT ( 'NONE',  ( 21.00000000000000355, 8.000000000000000000, -17.58578643762690774 ) ) ;
#9432 = DIRECTION ( 'NONE',  ( 1.000000000000000000, 0.000000000000000000, 0.000000000000000000 ) ) ;
#9433 = CARTESIAN_POINT ( 'NONE',  ( 5.500000000000396128, 8.000000000000000000, -89.99999999999997158 ) ) ;
#9434 = CIRCLE ( 'NONE', #10838, 0.1499999999999938882 ) ;
#9435 = ORIENTED_EDGE ( 'NONE', *, *, #4090, .F. ) ;
#9436 = ORIENTED_EDGE ( 'NONE', *, *, #11154, .F. ) ;
#9437 = CARTESIAN_POINT ( 'NONE',  ( -2.535598419378958468, -4.534177505969844368, -13.00000000000000000 ) ) ;
#9438 = ORIENTED_EDGE ( 'NONE', *, *, #2557, .F. ) ;
#9439 = APPLICATION_CONTEXT ( 'automotive_design' ) ;
#9440 = DIRECTION ( 'NONE',  ( 1.000000000000000000, 0.000000000000000000, 0.000000000000000000 ) ) ;
#9441 = ORIENTED_EDGE ( 'NONE', *, *, #691, .F. ) ;
#9442 = CARTESIAN_POINT ( 'NONE',  ( 1.221639864514395768, -6.185517039134985851, -13.00000000000000000 ) ) ;
#9443 = CARTESIAN_POINT ( 'NONE',  ( 4.359035021885709682, 2.921992769749272689, -13.00000000000000000 ) ) ;
#9444 = AXIS2_PLACEMENT_3D ( 'NONE', #9798, #11916, #7084 ) ;
#9445 = PRODUCT_DEFINITION_SHAPE ( 'NONE', 'NONE',  #12380 ) ;
#9446 = CARTESIAN_POINT ( 'NONE',  ( 4.563543104187650634, 4.886375992105099542, -2.000000000000000000 ) ) ;
#9447 = FACE_OUTER_BOUND ( 'NONE', #7633, .T. ) ;
#9448 = DIRECTION ( 'NONE',  ( -0.7071067811865355823, -0.7071067811865594521, 0.000000000000000000 ) ) ;
#9449 = EDGE_CURVE ( 'NONE', #2522, #6129, #12256, .T. ) ;
#9450 = FACE_OUTER_BOUND ( 'NONE', #1319, .T. ) ;
#9451 = ORIENTED_EDGE ( 'NONE', *, *, #11288, .F. ) ;
#9452 = CONTEXT_DEPENDENT_SHAPE_REPRESENTATION ( #1354, #11242 ) ;
#9453 = ORIENTED_EDGE ( 'NONE', *, *, #3257, .F. ) ;
#9454 = AXIS2_PLACEMENT_3D ( 'NONE', #4088, #7026, #7148 ) ;
#9455 = DIRECTION ( 'NONE',  ( 0.000000000000000000, -1.000000000000000000, 0.000000000000000000 ) ) ;
#9456 = DIRECTION ( 'NONE',  ( 0.000000000000000000, -0.000000000000000000, -1.000000000000000000 ) ) ;
#9457 = ORIENTED_EDGE ( 'NONE', *, *, #9675, .T. ) ;
#9458 = DIRECTION ( 'NONE',  ( 1.000000000000000000, 0.000000000000000000, 0.000000000000000000 ) ) ;
#9459 = CARTESIAN_POINT ( 'NONE',  ( -1.221639864514394436, 6.185517039134985851, -13.00000000000000000 ) ) ;
#9460 = EDGE_CURVE ( 'NONE', #10898, #3415, #4136, .T. ) ;
#9461 = DIRECTION ( 'NONE',  ( 0.000000000000000000, 0.000000000000000000, 1.000000000000000000 ) ) ;
#9462 = CARTESIAN_POINT ( 'NONE',  ( -5.500000000000000000, 8.000000000000000000, -870.0000000000000000 ) ) ;
#9463 = ADVANCED_FACE ( 'NONE', ( #11506, #5732 ), #7482, .F. ) ;
#9464 = AXIS2_PLACEMENT_3D ( 'NONE', #6262, #9149, #11095 ) ;
#9465 = DIRECTION ( 'NONE',  ( 0.000000000000000000, 0.000000000000000000, 1.000000000000000000 ) ) ;
#9466 = ORIENTED_EDGE ( 'NONE', *, *, #8465, .F. ) ;
#9467 = ORIENTED_EDGE ( 'NONE', *, *, #4432, .T. ) ;
#9468 = DIRECTION ( 'NONE',  ( -0.000000000000000000, -0.000000000000000000, 1.000000000000000000 ) ) ;
#9469 = EDGE_LOOP ( 'NONE', ( #2512 ) ) ;
#9470 = CARTESIAN_POINT ( 'NONE',  ( 21.00000000000000355, 4.000000000000000000, -6.368163355566232437E-16 ) ) ;
#9471 = FACE_OUTER_BOUND ( 'NONE', #10284, .T. ) ;
#9472 = VERTEX_POINT ( 'NONE', #11321 ) ;
#9473 = ADVANCED_FACE ( 'NONE', ( #9450 ), #4672, .T. ) ;
#9474 = DIRECTION ( 'NONE',  ( -0.000000000000000000, -0.000000000000000000, 1.000000000000000000 ) ) ;
#9475 = DIRECTION ( 'NONE',  ( 9.107298248876816034E-14, 1.000000000000000000, 0.000000000000000000 ) ) ;
#9476 = ADVANCED_FACE ( 'NONE', ( #4734 ), #3868, .F. ) ;
#9477 = CARTESIAN_POINT ( 'NONE',  ( -4.251801127475943964, -2.984997851321552265, -2.000000000000000000 ) ) ;
#9478 = FACE_OUTER_BOUND ( 'NONE', #10573, .T. ) ;
#9479 = VERTEX_POINT ( 'NONE', #9605 ) ;
#9480 = ORIENTED_EDGE ( 'NONE', *, *, #1134, .F. ) ;
#9481 = ORIENTED_EDGE ( 'NONE', *, *, #11790, .T. ) ;
#9482 = FACE_OUTER_BOUND ( 'NONE', #9840, .T. ) ;
#9483 = FACE_OUTER_BOUND ( 'NONE', #19, .T. ) ;
#9484 = ORIENTED_EDGE ( 'NONE', *, *, #5924, .T. ) ;
#9485 = FACE_BOUND ( 'NONE', #2694, .T. ) ;
#9486 = CYLINDRICAL_SURFACE ( 'NONE', #8434, 0.2000000000000002887 ) ;
#9487 = EDGE_CURVE ( 'NONE', #8055, #301, #1872, .T. ) ;
#9488 = CARTESIAN_POINT ( 'NONE',  ( 5.597711953606975932, 2.901490286808759311, -13.00000000000000000 ) ) ;
#9489 = VECTOR ( 'NONE', #8314, 1000.000000000000000 ) ;
#9490 = DIRECTION ( 'NONE',  ( 1.000000000000000000, 0.000000000000000000, 0.000000000000000000 ) ) ;
#9491 = AXIS2_PLACEMENT_3D ( 'NONE', #2314, #3113, #8748 ) ;
#9492 = DIRECTION ( 'NONE',  ( -0.000000000000000000, -0.000000000000000000, -1.000000000000000000 ) ) ;
#9493 = EDGE_CURVE ( 'NONE', #9049, #6225, #1993, .T. ) ;
#9494 = ORIENTED_EDGE ( 'NONE', *, *, #8882, .F. ) ;
#9495 = VERTEX_POINT ( 'NONE', #98 ) ;
#9496 = FACE_OUTER_BOUND ( 'NONE', #247, .T. ) ;
#9497 = ORIENTED_EDGE ( 'NONE', *, *, #10550, .T. ) ;
#9498 = CIRCLE ( 'NONE', #1702, 1.499999999999999556 ) ;
#9499 = ADVANCED_FACE ( 'NONE', ( #9686, #1100 ), #10692, .T. ) ;
#9500 = CARTESIAN_POINT ( 'NONE',  ( 0.000000000000000000, -3.599999999999909051, -89.99999999999997158 ) ) ;
#9501 = CIRCLE ( 'NONE', #6088, 2.099999999999997868 ) ;
#9502 = ORIENTED_EDGE ( 'NONE', *, *, #10870, .T. ) ;
#9503 = CYLINDRICAL_SURFACE ( 'NONE', #11234, 0.1499999999999938882 ) ;
#9504 = CARTESIAN_POINT ( 'NONE',  ( 0.000000000000000000, 41.80000000000000426, 0.000000000000000000 ) ) ;
#9505 = DIRECTION ( 'NONE',  ( -0.000000000000000000, -0.000000000000000000, 1.000000000000000000 ) ) ;
#9506 = LINE ( 'NONE', #7085, #4877 ) ;
#9507 = CARTESIAN_POINT ( 'NONE',  ( -29.99999999999999289, -20.00000000000000000, -0.5000000000000000000 ) ) ;
#9508 = CARTESIAN_POINT ( 'NONE',  ( 0.3263478462082414211, -5.335027842783500063, -2.000000000000000000 ) ) ;
#9509 = AXIS2_PLACEMENT_3D ( 'NONE', #5484, #9316, #10501 ) ;
#9510 = AXIS2_PLACEMENT_3D ( 'NONE', #521, #8329, #3330 ) ;
#9511 = VERTEX_POINT ( 'NONE', #9747 ) ;
#9512 = ITEM_DEFINED_TRANSFORMATION ( 'NONE', 'NONE', #7490,  #11368 ) ;
#9513 = ORIENTED_EDGE ( 'NONE', *, *, #1053, .F. ) ;
#9514 = CARTESIAN_POINT ( 'NONE',  ( 5.597711953606975044, -2.901490286808760199, -13.00000000000000000 ) ) ;
#9515 = CYLINDRICAL_SURFACE ( 'NONE', #6769, 1.974999999999983658 ) ;
#9516 = VERTEX_POINT ( 'NONE', #11567 ) ;
#9517 = CIRCLE ( 'NONE', #2521, 1.310500000000000886 ) ;
#9518 = DIRECTION ( 'NONE',  ( -0.000000000000000000, 1.000000000000000000, 0.000000000000000000 ) ) ;
#9519 = LINE ( 'NONE', #5564, #5343 ) ;
#9520 = PLANE ( 'NONE',  #11491 ) ;
#9521 = DIRECTION ( 'NONE',  ( 0.000000000000000000, 0.000000000000000000, -1.000000000000000000 ) ) ;
#9522 = ORIENTED_EDGE ( 'NONE', *, *, #4188, .F. ) ;
#9523 = ORIENTED_EDGE ( 'NONE', *, *, #325, .T. ) ;
#9524 = EDGE_CURVE ( 'NONE', #11, #8359, #10883, .T. ) ;
#9525 = ORIENTED_EDGE ( 'NONE', *, *, #8074, .F. ) ;
#9526 = ADVANCED_FACE ( 'NONE', ( #2175, #10635 ), #8934, .F. ) ;
#9527 = DIRECTION ( 'NONE',  ( -0.7071067811865474617, 0.000000000000000000, 0.7071067811865474617 ) ) ;
#9528 = VERTEX_POINT ( 'NONE', #3926 ) ;
#9529 = DIRECTION ( 'NONE',  ( -1.000000000000000000, 0.000000000000000000, 0.000000000000000000 ) ) ;
#9530 = DIRECTION ( 'NONE',  ( -0.000000000000000000, -0.000000000000000000, 1.000000000000000000 ) ) ;
#9531 = ORIENTED_EDGE ( 'NONE', *, *, #5345, .T. ) ;
#9532 = CARTESIAN_POINT ( 'NONE',  ( 0.000000000000000000, 0.000000000000000000, -2.000000000000001776 ) ) ;
#9533 = FACE_OUTER_BOUND ( 'NONE', #4065, .T. ) ;
#9534 = AXIS2_PLACEMENT_3D ( 'NONE', #3772, #7587, #10175 ) ;
#9535 = CARTESIAN_POINT ( 'NONE',  ( -3.599999999999454303, 10.00000000000000000, -870.0000000000000000 ) ) ;
#9536 = CARTESIAN_POINT ( 'NONE',  ( -5.500000000000000000, -6.490000000000009983, -870.0000000000000000 ) ) ;
#9537 = CARTESIAN_POINT ( 'NONE',  ( 22.90000000000000924, -24.99999999999998934, 0.000000000000000000 ) ) ;
#9538 = ORIENTED_EDGE ( 'NONE', *, *, #6406, .F. ) ;
#9539 = ADVANCED_FACE ( 'NONE', ( #4052 ), #7732, .T. ) ;
#9540 = EDGE_CURVE ( 'NONE', #10560, #8186, #8938, .T. ) ;
#9541 = VERTEX_POINT ( 'NONE', #2986 ) ;
#9542 = AXIS2_PLACEMENT_3D ( 'NONE', #9267, #1689, #680 ) ;
#9543 = DIRECTION ( 'NONE',  ( 0.000000000000000000, 0.000000000000000000, 1.000000000000000000 ) ) ;
#9544 = ADVANCED_FACE ( 'NONE', ( #11747 ), #6913, .F. ) ;
#9545 = DIRECTION ( 'NONE',  ( 0.000000000000000000, 0.000000000000000000, 1.000000000000000000 ) ) ;
#9546 = EDGE_LOOP ( 'NONE', ( #5002, #7832, #5049, #2738 ) ) ;
#9547 = FACE_BOUND ( 'NONE', #2607, .T. ) ;
#9548 = DIRECTION ( 'NONE',  ( 0.000000000000000000, 0.000000000000000000, 1.000000000000000000 ) ) ;
#9549 = LINE ( 'NONE', #10614, #3156 ) ;
#9550 = FACE_OUTER_BOUND ( 'NONE', #6267, .T. ) ;
#9551 = CIRCLE ( 'NONE', #3349, 1.974999999999980327 ) ;
#9552 = LINE ( 'NONE', #6657, #11960 ) ;
#9553 = EDGE_LOOP ( 'NONE', ( #8512, #845, #4337, #5070 ) ) ;
#9554 = EDGE_CURVE ( 'NONE', #5998, #11416, #10753, .T. ) ;
#9555 = ORIENTED_EDGE ( 'NONE', *, *, #4486, .F. ) ;
#9556 = FILL_AREA_STYLE ('',( #12365 ) ) ;
#9557 = VERTEX_POINT ( 'NONE', #161 ) ;
#9558 = CIRCLE ( 'NONE', #8955, 0.2799999999999981393 ) ;
#9559 = AXIS2_PLACEMENT_3D ( 'NONE', #11631, #1095, #12372 ) ;
#9560 = DIRECTION ( 'NONE',  ( 1.000000000000000000, 0.000000000000000000, 0.000000000000000000 ) ) ;
#9561 = ORIENTED_EDGE ( 'NONE', *, *, #11705, .T. ) ;
#9562 = CARTESIAN_POINT ( 'NONE',  ( -20.80000000000000071, 7.800000000000001599, 17.58578643762692195 ) ) ;
#9563 = EDGE_CURVE ( 'NONE', #11194, #10426, #7801, .T. ) ;
#9564 = DIRECTION ( 'NONE',  ( 0.000000000000000000, 0.000000000000000000, 1.000000000000000000 ) ) ;
#9565 = CYLINDRICAL_SURFACE ( 'NONE', #4363, 6.304999999999999716 ) ;
#9566 = DIRECTION ( 'NONE',  ( 1.000000000000000000, 0.000000000000000000, 0.000000000000000000 ) ) ;
#9567 = DIRECTION ( 'NONE',  ( 0.000000000000000000, -1.000000000000000000, 0.000000000000000000 ) ) ;
#9568 = AXIS2_PLACEMENT_3D ( 'NONE', #4956, #2275, #203 ) ;
#9569 = DIRECTION ( 'NONE',  ( 1.000000000000000000, 0.000000000000000000, -0.000000000000000000 ) ) ;
#9570 = AXIS2_PLACEMENT_3D ( 'NONE', #8349, #8531, #3537 ) ;
#9571 = CIRCLE ( 'NONE', #7751, 2.499999999999998668 ) ;
#9572 = CIRCLE ( 'NONE', #1973, 6.304999999999999716 ) ;
#9573 = ORIENTED_EDGE ( 'NONE', *, *, #6459, .T. ) ;
#9574 = ORIENTED_EDGE ( 'NONE', *, *, #4434, .T. ) ;
#9575 = EDGE_CURVE ( 'NONE', #7604, #8651, #6795, .T. ) ;
#9576 = DIRECTION ( 'NONE',  ( 0.000000000000000000, 0.000000000000000000, 1.000000000000000000 ) ) ;
#9577 = DIRECTION ( 'NONE',  ( -0.7071067811865475727, 0.000000000000000000, 0.7071067811865475727 ) ) ;
#9578 = AXIS2_PLACEMENT_3D ( 'NONE', #2525, #5453, #8325 ) ;
#9579 = VERTEX_POINT ( 'NONE', #3164 ) ;
#9580 = AXIS2_PLACEMENT_3D ( 'NONE', #9671, #8659, #10616 ) ;
#9581 = CIRCLE ( 'NONE', #3978, 5.195000000000000284 ) ;
#9582 = AXIS2_PLACEMENT_3D ( 'NONE', #7150, #3212, #5222 ) ;
#9583 = LINE ( 'NONE', #11330, #8884 ) ;
#9584 = DIRECTION ( 'NONE',  ( -0.000000000000000000, -0.000000000000000000, 1.000000000000000000 ) ) ;
#9585 = DIRECTION ( 'NONE',  ( 0.000000000000000000, 0.000000000000000000, 1.000000000000000000 ) ) ;
#9586 = EDGE_CURVE ( 'NONE', #11060, #8590, #9819, .T. ) ;
#9587 = AXIS2_PLACEMENT_3D ( 'NONE', #8375, #6494, #10400 ) ;
#9588 = VERTEX_POINT ( 'NONE', #9943 ) ;
#9589 = ORIENTED_EDGE ( 'NONE', *, *, #8657, .F. ) ;
#9590 = ORIENTED_EDGE ( 'NONE', *, *, #10397, .F. ) ;
#9591 = LINE ( 'NONE', #5752, #5955 ) ;
#9592 = ORIENTED_EDGE ( 'NONE', *, *, #9925, .T. ) ;
#9593 = CARTESIAN_POINT ( 'NONE',  ( 4.359035021885698136, -2.921992769749274022, -2.000000000000000000 ) ) ;
#9594 = CARTESIAN_POINT ( 'NONE',  ( 17.58578643762691840, 32.00000000000000000, -21.00000000000000355 ) ) ;
#9595 = ORIENTED_EDGE ( 'NONE', *, *, #2366, .T. ) ;
#9596 = CIRCLE ( 'NONE', #11000, 0.2800000000000015810 ) ;
#9597 = CIRCLE ( 'NONE', #1605, 0.2000000000000002887 ) ;
#9598 = LINE ( 'NONE', #6818, #3236 ) ;
#9599 = AXIS2_PLACEMENT_3D ( 'NONE', #3469, #2423, #4469 ) ;
#9600 = CARTESIAN_POINT ( 'NONE',  ( 15.47157287525381797, 32.00000000000000000, 20.70000000000000284 ) ) ;
#9601 = DIRECTION ( 'NONE',  ( -0.000000000000000000, -0.000000000000000000, 1.000000000000000000 ) ) ;
#9602 = EDGE_CURVE ( 'NONE', #595, #10560, #134, .T. ) ;
#9603 = CARTESIAN_POINT ( 'NONE',  ( 20.70710678118654613, 32.20000000000000284, 18.29289321881347163 ) ) ;
#9604 = ADVANCED_FACE ( 'NONE', ( #1363, #284 ), #4107, .F. ) ;
#9605 = CARTESIAN_POINT ( 'NONE',  ( 21.00000000000000355, 0.000000000000000000, 0.000000000000000000 ) ) ;
#9606 = VERTEX_POINT ( 'NONE', #1296 ) ;
#9607 = AXIS2_PLACEMENT_3D ( 'NONE', #12057, #3476, #1617 ) ;
#9608 = ORIENTED_EDGE ( 'NONE', *, *, #11533, .T. ) ;
#9609 = DIRECTION ( 'NONE',  ( -0.7071067811865474617, 0.000000000000000000, 0.7071067811865474617 ) ) ;
#9610 = VERTEX_POINT ( 'NONE', #346 ) ;
#9611 = LINE ( 'NONE', #12350, #4209 ) ;
#9612 = DIRECTION ( 'NONE',  ( 1.000000000000000000, 0.000000000000000000, 0.000000000000000000 ) ) ;
#9613 = CIRCLE ( 'NONE', #8601, 1.975000000000018296 ) ;
#9614 = CARTESIAN_POINT ( 'NONE',  ( 3.856272480938607750, -3.480975086488782289, -2.000000000000000000 ) ) ;
#9615 = EDGE_CURVE ( 'NONE', #1853, #3281, #4172, .T. ) ;
#9616 = DIRECTION ( 'NONE',  ( -1.000000000000000000, 0.000000000000000000, 0.000000000000000000 ) ) ;
#9617 = EDGE_CURVE ( 'NONE', #8294, #9935, #7046, .T. ) ;
#9618 = CYLINDRICAL_SURFACE ( 'NONE', #9580, 1.974999999999969447 ) ;
#9619 = ORIENTED_EDGE ( 'NONE', *, *, #1574, .F. ) ;
#9620 = ORIENTED_EDGE ( 'NONE', *, *, #11986, .F. ) ;
#9621 = AXIS2_PLACEMENT_3D ( 'NONE', #8150, #12149, #520 ) ;
#9622 = FACE_OUTER_BOUND ( 'NONE', #2925, .T. ) ;
#9623 = ORIENTED_EDGE ( 'NONE', *, *, #2560, .F. ) ;
#9624 = CARTESIAN_POINT ( 'NONE',  ( 0.000000000000000000, 0.000000000000000000, 0.000000000000000000 ) ) ;
#9625 = EDGE_LOOP ( 'NONE', ( #4537, #4011, #9467, #1929 ) ) ;
#9626 = CARTESIAN_POINT ( 'NONE',  ( 21.00000000000000355, 0.1999999999999987899, -21.00000000000000355 ) ) ;
#9627 = CARTESIAN_POINT ( 'NONE',  ( 0.5189999999999562741, 3.900000000000267253, -870.0000000000000000 ) ) ;
#9628 = FACE_OUTER_BOUND ( 'NONE', #1075, .T. ) ;
#9629 = CARTESIAN_POINT ( 'NONE',  ( 21.00000000000000355, 0.000000000000000000, 17.58578643762692550 ) ) ;
#9630 = EDGE_CURVE ( 'NONE', #4832, #3375, #3478, .T. ) ;
#9631 = DIRECTION ( 'NONE',  ( 0.000000000000000000, 0.000000000000000000, 1.000000000000000000 ) ) ;
#9632 = EDGE_CURVE ( 'NONE', #8857, #10392, #1437, .T. ) ;
#9633 = VECTOR ( 'NONE', #10561, 1000.000000000000000 ) ;
#9634 = CARTESIAN_POINT ( 'NONE',  ( 5.500000000000397904, -6.489999999999611191, -89.99999999999997158 ) ) ;
#9635 = ORIENTED_EDGE ( 'NONE', *, *, #903, .F. ) ;
#9636 = ORIENTED_EDGE ( 'NONE', *, *, #7478, .T. ) ;
#9637 = CARTESIAN_POINT ( 'NONE',  ( 5.002319821024735269, 1.586198120247330090, -13.00000000000000000 ) ) ;
#9638 = DIRECTION ( 'NONE',  ( -1.000000000000000000, 0.000000000000000000, 0.000000000000000000 ) ) ;
#9639 = CIRCLE ( 'NONE', #11044, 0.7999999999999986011 ) ;
#9640 = VERTEX_POINT ( 'NONE', #2549 ) ;
#9641 = DIRECTION ( 'NONE',  ( 0.000000000000000000, 0.000000000000000000, 1.000000000000000000 ) ) ;
#9642 = LINE ( 'NONE', #10764, #8740 ) ;
#9643 = CARTESIAN_POINT ( 'NONE',  ( 3.900000000000319655, 2.910000000000308340, -89.99999999999997158 ) ) ;
#9644 = CARTESIAN_POINT ( 'NONE',  ( -2.000000000000000888, 49.00000000000000000, -1.499999999999999334 ) ) ;
#9645 = EDGE_CURVE ( 'NONE', #4721, #293, #6237, .T. ) ;
#9646 = CIRCLE ( 'NONE', #4641, 0.2800000000000000822 ) ;
#9647 = VERTEX_POINT ( 'NONE', #11073 ) ;
#9648 = PRODUCT_DEFINITION ( 'æœ', '', #5915, #3145 ) ;
#9649 = ADVANCED_FACE ( 'NONE', ( #2365 ), #9123, .T. ) ;
#9650 = ORIENTED_EDGE ( 'NONE', *, *, #3976, .F. ) ;
#9651 = ORIENTED_EDGE ( 'NONE', *, *, #9871, .T. ) ;
#9652 = CARTESIAN_POINT ( 'NONE',  ( -20.79999999999999716, 32.20000000000000284, 17.58578643762692195 ) ) ;
#9653 = ORIENTED_EDGE ( 'NONE', *, *, #10949, .F. ) ;
#9654 = CARTESIAN_POINT ( 'NONE',  ( -18.00000000000001066, 39.80000000000000426, 21.00000000000000355 ) ) ;
#9655 = EDGE_CURVE ( 'NONE', #11087, #6670, #3290, .T. ) ;
#9656 = DIRECTION ( 'NONE',  ( -0.000000000000000000, 1.000000000000000000, 0.000000000000000000 ) ) ;
#9657 = EDGE_LOOP ( 'NONE', ( #5651, #3009, #1757, #2670 ) ) ;
#9658 = DIRECTION ( 'NONE',  ( 0.000000000000000000, 0.000000000000000000, 1.000000000000000000 ) ) ;
#9659 = ORIENTED_EDGE ( 'NONE', *, *, #9224, .T. ) ;
#9660 = PLANE ( 'NONE',  #2112 ) ;
#9661 = DIRECTION ( 'NONE',  ( -1.000000000000000000, 0.000000000000000000, 0.000000000000000000 ) ) ;
#9662 = VERTEX_POINT ( 'NONE', #16 ) ;
#9663 = VERTEX_POINT ( 'NONE', #6173 ) ;
#9664 = EDGE_LOOP ( 'NONE', ( #6781, #5451, #4662, #793 ) ) ;
#9665 = CARTESIAN_POINT ( 'NONE',  ( 21.00000000000000355, 39.80000000000000426, -17.58578643762690774 ) ) ;
#9666 = ORIENTED_EDGE ( 'NONE', *, *, #8251, .F. ) ;
#9667 = DIRECTION ( 'NONE',  ( 1.000000000000000000, 0.000000000000000000, 0.000000000000000000 ) ) ;
#9668 = CARTESIAN_POINT ( 'NONE',  ( -9.500000000000000000, 3.599999999999909051, -870.0000000000000000 ) ) ;
#9669 = CARTESIAN_POINT ( 'NONE',  ( 20.56568542494923690, 7.800000000000000711, 18.15147186257616241 ) ) ;
#9670 = CARTESIAN_POINT ( 'NONE',  ( -5.273886783729707872, -0.8689897539102907631, -2.000000000000000000 ) ) ;
#9671 = CARTESIAN_POINT ( 'NONE',  ( -0.9749999999999728884, -6.614527269578664992, -13.00000000000000000 ) ) ;
#9672 = EDGE_LOOP ( 'NONE', ( #3118, #6447, #1514, #11253 ) ) ;
#9673 = ORIENTED_EDGE ( 'NONE', *, *, #6711, .T. ) ;
#9674 = CARTESIAN_POINT ( 'NONE',  ( -29.99999999999999289, -20.00000000000000000, -0.5000000000000000000 ) ) ;
#9675 = EDGE_CURVE ( 'NONE', #3775, #9772, #1942, .T. ) ;
#9676 = VERTEX_POINT ( 'NONE', #1493 ) ;
#9677 = CARTESIAN_POINT ( 'NONE',  ( 3.600000000000363798, -9.500000000000000000, -89.99999999999997158 ) ) ;
#9678 = DIRECTION ( 'NONE',  ( 0.000000000000000000, 0.000000000000000000, -1.000000000000000000 ) ) ;
#9679 = AXIS2_PLACEMENT_3D ( 'NONE', #9083, #10036, #11093 ) ;
#9680 = TOROIDAL_SURFACE ( 'NONE', #9087, 0.8000000000000000444, 0.2000000000000000111 ) ;
#9681 = CARTESIAN_POINT ( 'NONE',  ( -3.414628852343119192, 5.013102338667356328, -2.000000000000000000 ) ) ;
#9682 = FACE_BOUND ( 'NONE', #5465, .T. ) ;
#9683 = CARTESIAN_POINT ( 'NONE',  ( -2.000000000000000888, 63.70000000000001705, -1.499999999999999334 ) ) ;
#9684 = CARTESIAN_POINT ( 'NONE',  ( -2.765084621276051675E-13, 3.600000000000085798, -870.0000000000000000 ) ) ;
#9685 = CARTESIAN_POINT ( 'NONE',  ( -2.000000000000000888, 64.00000000000000000, 0.9165151389911839752 ) ) ;
#9686 = FACE_OUTER_BOUND ( 'NONE', #10950, .T. ) ;
#9687 = EDGE_LOOP ( 'NONE', ( #9867 ) ) ;
#9688 = CIRCLE ( 'NONE', #5292, 6.304999999999999716 ) ;
#9689 = VERTEX_POINT ( 'NONE', #5359 ) ;
#9690 = AXIS2_PLACEMENT_3D ( 'NONE', #5729, #10503, #7425 ) ;
#9691 = DIRECTION ( 'NONE',  ( -0.000000000000000000, -0.000000000000000000, 1.000000000000000000 ) ) ;
#9692 = EDGE_CURVE ( 'NONE', #1977, #1500, #2434, .T. ) ;
#9693 = EDGE_CURVE ( 'NONE', #3260, #1500, #3536, .T. ) ;
#9694 = LINE ( 'NONE', #3051, #7771 ) ;
#9695 = EDGE_CURVE ( 'NONE', #2150, #5593, #2488, .T. ) ;
#9696 = ORIENTED_EDGE ( 'NONE', *, *, #1305, .F. ) ;
#9697 = FACE_OUTER_BOUND ( 'NONE', #7892, .T. ) ;
#9698 = DIRECTION ( 'NONE',  ( 0.000000000000000000, 0.000000000000000000, -1.000000000000000000 ) ) ;
#9699 = DIRECTION ( 'NONE',  ( -1.000000000000000000, 0.000000000000000000, 0.000000000000000000 ) ) ;
#9700 = VECTOR ( 'NONE', #4247, 1000.000000000000000 ) ;
#9701 = DIRECTION ( 'NONE',  ( 1.000000000000000000, 0.000000000000000000, 0.000000000000000000 ) ) ;
#9702 = ORIENTED_EDGE ( 'NONE', *, *, #8691, .F. ) ;
#9703 = ORIENTED_EDGE ( 'NONE', *, *, #2074, .T. ) ;
#9704 = AXIS2_PLACEMENT_3D ( 'NONE', #10600, #2829, #5824 ) ;
#9705 = VERTEX_POINT ( 'NONE', #4297 ) ;
#9706 = EDGE_CURVE ( 'NONE', #8342, #7979, #8113, .T. ) ;
#9707 = AXIS2_PLACEMENT_3D ( 'NONE', #4878, #7822, #7882 ) ;
#9708 = LINE ( 'NONE', #10653, #1372 ) ;
#9709 = ORIENTED_EDGE ( 'NONE', *, *, #8386, .T. ) ;
#9710 = CARTESIAN_POINT ( 'NONE',  ( 6.231729350392682498, 2.422425500083462246, -13.00000000000000000 ) ) ;
#9711 = DIRECTION ( 'NONE',  ( 0.000000000000000000, 0.000000000000000000, -1.000000000000000000 ) ) ;
#9712 = VERTEX_POINT ( 'NONE', #9254 ) ;
#9713 = CARTESIAN_POINT ( 'NONE',  ( 10.00000000000000000, -8.500000000000000000, -89.99999999999997158 ) ) ;
#9714 = ORIENTED_EDGE ( 'NONE', *, *, #6244, .F. ) ;
#9715 = LINE ( 'NONE', #11660, #7903 ) ;
#9716 = EDGE_CURVE ( 'NONE', #810, #9247, #8327, .T. ) ;
#9717 = CYLINDRICAL_SURFACE ( 'NONE', #3380, 0.1499999999999904188 ) ;
#9718 = CARTESIAN_POINT ( 'NONE',  ( 37.60000000000000853, 4.000000000000000000, -2.249999999999995115 ) ) ;
#9719 = ORIENTED_EDGE ( 'NONE', *, *, #483, .F. ) ;
#9720 = EDGE_LOOP ( 'NONE', ( #9451 ) ) ;
#9721 = CARTESIAN_POINT ( 'NONE',  ( -6.489999999999496616, 5.500000000000284217, -870.0000000000000000 ) ) ;
#9722 = ORIENTED_EDGE ( 'NONE', *, *, #12193, .F. ) ;
#9723 = AXIS2_PLACEMENT_3D ( 'NONE', #9670, #10548, #9616 ) ;
#9724 = CYLINDRICAL_SURFACE ( 'NONE', #6002, 6.304999999999999716 ) ;
#9725 = CARTESIAN_POINT ( 'NONE',  ( 8.500000000000000000, 10.00000000000000000, -870.0000000000000000 ) ) ;
#9726 = DIRECTION ( 'NONE',  ( 0.000000000000000000, 0.000000000000000000, 1.000000000000000000 ) ) ;
#9727 = CARTESIAN_POINT ( 'NONE',  ( -18.29289321881346453, 0.2000000000000000111, 20.70710678118654968 ) ) ;
#9728 = LINE ( 'NONE', #6029, #4519 ) ;
#9729 = DIRECTION ( 'NONE',  ( -0.000000000000000000, -0.000000000000000000, 1.000000000000000000 ) ) ;
#9730 = VECTOR ( 'NONE', #11023, 1000.000000000000000 ) ;
#9731 = AXIS2_PLACEMENT_3D ( 'NONE', #10209, #4310, #558 ) ;
#9732 = EDGE_CURVE ( 'NONE', #4415, #9295, #4425, .T. ) ;
#9733 = ORIENTED_EDGE ( 'NONE', *, *, #11929, .T. ) ;
#9734 = ORIENTED_EDGE ( 'NONE', *, *, #3442, .T. ) ;
#9735 = ORIENTED_EDGE ( 'NONE', *, *, #2218, .F. ) ;
#9736 = PLANE ( 'NONE',  #5773 ) ;
#9737 = VERTEX_POINT ( 'NONE', #8241 ) ;
#9738 = DIRECTION ( 'NONE',  ( 0.000000000000000000, 0.000000000000000000, 1.000000000000000000 ) ) ;
#9739 = ADVANCED_FACE ( 'NONE', ( #1620 ), #10757, .T. ) ;
#9740 = CARTESIAN_POINT ( 'NONE',  ( -2.765084621276051675E-13, 3.600000000000085798, -89.99999999999997158 ) ) ;
#9741 = AXIS2_PLACEMENT_3D ( 'NONE', #6984, #8736, #231 ) ;
#9742 = DIRECTION ( 'NONE',  ( -0.000000000000000000, -0.000000000000000000, 1.000000000000000000 ) ) ;
#9743 = CARTESIAN_POINT ( 'NONE',  ( 0.000000000000000000, 0.000000000000000000, -13.00000000000000178 ) ) ;
#9744 = DIRECTION ( 'NONE',  ( -1.652117596168387263E-16, 0.000000000000000000, -1.000000000000000000 ) ) ;
#9745 = DIRECTION ( 'NONE',  ( -1.000000000000000000, 0.000000000000000000, 0.000000000000000000 ) ) ;
#9746 = CARTESIAN_POINT ( 'NONE',  ( -20.99999999999999645, 7.800000000000001599, 17.58578643762692195 ) ) ;
#9747 = CARTESIAN_POINT ( 'NONE',  ( -21.00000000000000355, 32.20000000000000284, -17.58578643762691840 ) ) ;
#9748 = EDGE_CURVE ( 'NONE', #10131, #8590, #5423, .T. ) ;
#9749 = ADVANCED_FACE ( 'NONE', ( #7434 ), #7495, .T. ) ;
#9750 = CIRCLE ( 'NONE', #2155, 17.50000000000000355 ) ;
#9751 = VERTEX_POINT ( 'NONE', #2813 ) ;
#9752 = VECTOR ( 'NONE', #9133, 1000.000000000000000 ) ;
#9753 = ORIENTED_EDGE ( 'NONE', *, *, #11662, .T. ) ;
#9754 = LINE ( 'NONE', #9883, #10374 ) ;
#9755 = DIRECTION ( 'NONE',  ( 0.000000000000000000, 0.000000000000000000, 1.000000000000000000 ) ) ;
#9756 = ORIENTED_EDGE ( 'NONE', *, *, #9914, .F. ) ;
#9757 = CARTESIAN_POINT ( 'NONE',  ( -1.167387816605745421, -5.910823181726931885, -13.00000000000000000 ) ) ;
#9758 = DIRECTION ( 'NONE',  ( 0.7071067811865474617, 0.000000000000000000, 0.7071067811865474617 ) ) ;
#9759 = DIRECTION ( 'NONE',  ( 0.000000000000000000, 0.000000000000000000, -1.000000000000000000 ) ) ;
#9760 = CIRCLE ( 'NONE', #5943, 0.2000000000000002887 ) ;
#9761 = AXIS2_PLACEMENT_3D ( 'NONE', #10839, #3247, #1512 ) ;
#9762 = LINE ( 'NONE', #2999, #1990 ) ;
#9763 = CIRCLE ( 'NONE', #4953, 6.304999999999999716 ) ;
#9764 = EDGE_CURVE ( 'NONE', #1125, #12228, #2922, .T. ) ;
#9765 = UNCERTAINTY_MEASURE_WITH_UNIT (LENGTH_MEASURE( 1.000000000000000082E-05 ), #5446, 'distance_accuracy_value', 'NONE');
#9766 = EDGE_CURVE ( 'NONE', #3539, #9998, #10460, .T. ) ;
#9767 =( LENGTH_UNIT ( ) NAMED_UNIT ( * ) SI_UNIT ( .MILLI., .METRE. ) );
#9768 = ORIENTED_EDGE ( 'NONE', *, *, #9706, .T. ) ;
#9769 = AXIS2_PLACEMENT_3D ( 'NONE', #7878, #2202, #1257 ) ;
#9770 = CARTESIAN_POINT ( 'NONE',  ( -21.00000000000000355, 39.80000000000000426, -18.00000000000001421 ) ) ;
#9771 = CIRCLE ( 'NONE', #10580, 6.304999999999999716 ) ;
#9772 = VERTEX_POINT ( 'NONE', #11459 ) ;
#9773 = AXIS2_PLACEMENT_3D ( 'NONE', #3658, #608, #4422 ) ;
#9774 = CARTESIAN_POINT ( 'NONE',  ( -3.748380470424709454, -5.536446500142367277, -13.00000000000000000 ) ) ;
#9775 = CARTESIAN_POINT ( 'NONE',  ( 21.00000000000000355, 40.00000000000000000, -21.00000000000000355 ) ) ;
#9776 = ORIENTED_EDGE ( 'NONE', *, *, #2871, .T. ) ;
#9777 = DIRECTION ( 'NONE',  ( 1.000000000000000000, 0.000000000000000000, 0.000000000000000000 ) ) ;
#9778 = DIRECTION ( 'NONE',  ( 0.000000000000000000, 0.000000000000000000, 1.000000000000000000 ) ) ;
#9779 = ORIENTED_EDGE ( 'NONE', *, *, #9693, .F. ) ;
#9780 = DIRECTION ( 'NONE',  ( 1.000000000000000000, 0.000000000000000000, 0.000000000000000000 ) ) ;
#9781 = VERTEX_POINT ( 'NONE', #8315 ) ;
#9782 = DIRECTION ( 'NONE',  ( -0.5004443416175765602, -0.8657687109978913220, 0.000000000000000000 ) ) ;
#9783 = FACE_OUTER_BOUND ( 'NONE', #11339, .T. ) ;
#9784 = VECTOR ( 'NONE', #1310, 1000.000000000000000 ) ;
#9785 = VECTOR ( 'NONE', #6902, 1000.000000000000000 ) ;
#9786 = EDGE_CURVE ( 'NONE', #3679, #6325, #143, .T. ) ;
#9787 = VERTEX_POINT ( 'NONE', #5269 ) ;
#9788 = ORIENTED_EDGE ( 'NONE', *, *, #5926, .T. ) ;
#9789 = ORIENTED_EDGE ( 'NONE', *, *, #10325, .T. ) ;
#9790 = EDGE_CURVE ( 'NONE', #5578, #3742, #341, .T. ) ;
#9791 = AXIS2_PLACEMENT_3D ( 'NONE', #2001, #5857, #11575 ) ;
#9792 = CARTESIAN_POINT ( 'NONE',  ( -1.991491178014995311, 6.382519791421596977, -2.000000000000000000 ) ) ;
#9793 = EDGE_LOOP ( 'NONE', ( #8039, #2853, #4592, #6941 ) ) ;
#9794 = CIRCLE ( 'NONE', #1802, 1.310500000000000886 ) ;
#9795 = AXIS2_PLACEMENT_3D ( 'NONE', #8653, #8463, #3846 ) ;
#9796 = CARTESIAN_POINT ( 'NONE',  ( -20.99999999999999645, 7.800000000000001599, 21.00000000000000355 ) ) ;
#9797 = PLANE ( 'NONE',  #3094 ) ;
#9798 = CARTESIAN_POINT ( 'NONE',  ( -19.35857864376269077, 39.80000000000000426, 19.35857864376270143 ) ) ;
#9799 = DIRECTION ( 'NONE',  ( 0.000000000000000000, -1.000000000000000000, 0.000000000000000000 ) ) ;
#9800 = CARTESIAN_POINT ( 'NONE',  ( -20.79999999999999716, 0.2000000000000000111, 17.58578643762692195 ) ) ;
#9801 = EDGE_CURVE ( 'NONE', #3274, #9292, #944, .T. ) ;
#9802 = CYLINDRICAL_SURFACE ( 'NONE', #782, 1.974999999999998979 ) ;
#9803 = CIRCLE ( 'NONE', #7590, 0.2799999999999918665 ) ;
#9804 = VECTOR ( 'NONE', #925, 1000.000000000000000 ) ;
#9805 = ORIENTED_EDGE ( 'NONE', *, *, #2265, .T. ) ;
#9806 = VERTEX_POINT ( 'NONE', #6624 ) ;
#9807 = VERTEX_POINT ( 'NONE', #3563 ) ;
#9808 = EDGE_CURVE ( 'NONE', #12229, #7017, #5501, .T. ) ;
#9809 = CYLINDRICAL_SURFACE ( 'NONE', #2188, 0.2000000000000022871 ) ;
#9810 = ORIENTED_EDGE ( 'NONE', *, *, #581, .T. ) ;
#9811 = DIRECTION ( 'NONE',  ( -1.000000000000000000, 0.000000000000000000, 0.000000000000000000 ) ) ;
#9812 = AXIS2_PLACEMENT_3D ( 'NONE', #8285, #8232, #12235 ) ;
#9813 = PLANE ( 'NONE',  #5027 ) ;
#9814 = EDGE_CURVE ( 'NONE', #1944, #9557, #9329, .T. ) ;
#9815 = CARTESIAN_POINT ( 'NONE',  ( 3.600000000000363798, -9.500000000000000000, -89.99999999999997158 ) ) ;
#9816 = FACE_BOUND ( 'NONE', #5570, .T. ) ;
#9817 = CARTESIAN_POINT ( 'NONE',  ( 21.00000000000000355, 40.00000000000000000, -21.00000000000000355 ) ) ;
#9818 = DIRECTION ( 'NONE',  ( 0.000000000000000000, 0.000000000000000000, 1.000000000000000000 ) ) ;
#9819 = LINE ( 'NONE', #3045, #7726 ) ;
#9820 = AXIS2_PLACEMENT_3D ( 'NONE', #5402, #11912, #11229 ) ;
#9821 = ORIENTED_EDGE ( 'NONE', *, *, #665, .F. ) ;
#9822 = ORIENTED_EDGE ( 'NONE', *, *, #2321, .T. ) ;
#9823 = LINE ( 'NONE', #6179, #4568 ) ;
#9824 = CARTESIAN_POINT ( 'NONE',  ( 1.221639864514395990, -6.185517039134986739, -2.000000000000000000 ) ) ;
#9825 = ORIENTED_EDGE ( 'NONE', *, *, #10902, .F. ) ;
#9826 = EDGE_CURVE ( 'NONE', #5676, #6461, #1828, .T. ) ;
#9827 = DIRECTION ( 'NONE',  ( 0.000000000000000000, 0.000000000000000000, 1.000000000000000000 ) ) ;
#9828 = VECTOR ( 'NONE', #5066, 1000.000000000000000 ) ;
#9829 = CARTESIAN_POINT ( 'NONE',  ( -0.3171893472501033373, -5.185307697522977932, -13.00000000000000000 ) ) ;
#9830 = CARTESIAN_POINT ( 'NONE',  ( 3.900000000000319655, 0.5200000000002080736, -870.0000000000000000 ) ) ;
#9831 = DIRECTION ( 'NONE',  ( 0.000000000000000000, 0.000000000000000000, -1.000000000000000000 ) ) ;
#9832 =( LENGTH_UNIT ( ) NAMED_UNIT ( * ) SI_UNIT ( .MILLI., .METRE. ) );
#9833 = DIRECTION ( 'NONE',  ( -1.000000000000000000, -9.986767357054427202E-17, 9.714451465470040843E-17 ) ) ;
#9834 = ORIENTED_EDGE ( 'NONE', *, *, #2870, .F. ) ;
#9835 = AXIS2_PLACEMENT_3D ( 'NONE', #2543, #8527, #964 ) ;
#9836 = DIRECTION ( 'NONE',  ( -1.000000000000000000, 0.000000000000000000, 8.260587980841936314E-17 ) ) ;
#9837 = EDGE_LOOP ( 'NONE', ( #11667, #1190, #8183, #2631 ) ) ;
#9838 = DIRECTION ( 'NONE',  ( 1.813805391025462058E-16, -1.000000000000000000, 0.000000000000000000 ) ) ;
#9839 = FACE_BOUND ( 'NONE', #1904, .T. ) ;
#9840 = EDGE_LOOP ( 'NONE', ( #2421, #777, #5060, #6915 ) ) ;
#9841 = ADVANCED_FACE ( 'NONE', ( #4564 ), #3749, .T. ) ;
#9842 =( REPRESENTATION_RELATIONSHIP ('NONE','NONE', #2684, #7719 ) REPRESENTATION_RELATIONSHIP_WITH_TRANSFORMATION ( #4674 )SHAPE_REPRESENTATION_RELATIONSHIP( ) );
#9843 = CYLINDRICAL_SURFACE ( 'NONE', #1638, 0.1999999999999987899 ) ;
#9844 = PLANE ( 'NONE',  #7871 ) ;
#9845 = ORIENTED_EDGE ( 'NONE', *, *, #1663, .F. ) ;
#9846 = LINE ( 'NONE', #11715, #244 ) ;
#9847 = ORIENTED_EDGE ( 'NONE', *, *, #5648, .T. ) ;
#9848 = CARTESIAN_POINT ( 'NONE',  ( 1.000000000000000444, -28.00000000000000000, 0.000000000000000000 ) ) ;
#9849 = AXIS2_PLACEMENT_3D ( 'NONE', #2883, #948, #12 ) ;
#9850 = LINE ( 'NONE', #3198, #6937 ) ;
#9851 = CARTESIAN_POINT ( 'NONE',  ( -0.9999999999999940048, 0.000000000000000000, -0.5000000000000004441 ) ) ;
#9852 = ORIENTED_EDGE ( 'NONE', *, *, #1027, .T. ) ;
#9853 = ORIENTED_EDGE ( 'NONE', *, *, #10500, .T. ) ;
#9854 = AXIS2_PLACEMENT_3D ( 'NONE', #125, #3951, #11600 ) ;
#9855 = CARTESIAN_POINT ( 'NONE',  ( -17.58578643762691485, 7.800000000000001599, 20.00000000000000355 ) ) ;
#9856 = ORIENTED_EDGE ( 'NONE', *, *, #9075, .F. ) ;
#9857 = EDGE_CURVE ( 'NONE', #7533, #5126, #10748, .T. ) ;
#9858 = EDGE_CURVE ( 'NONE', #7604, #4458, #9519, .T. ) ;
#9859 = DIRECTION ( 'NONE',  ( 0.000000000000000000, 0.000000000000000000, 1.000000000000000000 ) ) ;
#9860 = CARTESIAN_POINT ( 'NONE',  ( -0.9013707041225506034, -5.998201072901427899, -13.00000000000000000 ) ) ;
#9861 = EDGE_LOOP ( 'NONE', ( #6812, #10150, #1460, #9441 ) ) ;
#9862 = DIRECTION ( 'NONE',  ( 0.000000000000000000, 0.000000000000000000, 1.000000000000000000 ) ) ;
#9863 = DIRECTION ( 'NONE',  ( 0.000000000000000000, 1.000000000000000000, -0.000000000000000000 ) ) ;
#9864 = DIRECTION ( 'NONE',  ( -0.000000000000000000, -0.000000000000000000, 1.000000000000000000 ) ) ;
#9865 = CARTESIAN_POINT ( 'NONE',  ( -3.899999999999465228, 0.5200000000001527845, -870.0000000000000000 ) ) ;
#9866 = EDGE_LOOP ( 'NONE', ( #2060 ) ) ;
#9867 = ORIENTED_EDGE ( 'NONE', *, *, #9354, .F. ) ;
#9868 = EDGE_LOOP ( 'NONE', ( #3205 ) ) ;
#9869 = LINE ( 'NONE', #218, #11587 ) ;
#9870 = VERTEX_POINT ( 'NONE', #7378 ) ;
#9871 = EDGE_CURVE ( 'NONE', #3841, #5642, #11742, .T. ) ;
#9872 = CARTESIAN_POINT ( 'NONE',  ( -17.58578643762691485, 0.1999999999999987899, 20.00000000000000355 ) ) ;
#9873 = CARTESIAN_POINT ( 'NONE',  ( 5.779348217812190214, 3.361804601292468941, -13.00000000000000000 ) ) ;
#9874 = DIRECTION ( 'NONE',  ( 0.000000000000000000, 0.000000000000000000, 1.000000000000000000 ) ) ;
#9875 = CARTESIAN_POINT ( 'NONE',  ( 20.00000000000000355, 32.20000000000000284, -17.58578643762690774 ) ) ;
#9876 = DIRECTION ( 'NONE',  ( -1.000000000000000000, 0.000000000000000000, 0.000000000000000000 ) ) ;
#9877 = ADVANCED_FACE ( 'NONE', ( #9275 ), #12333, .T. ) ;
#9878 = DIRECTION ( 'NONE',  ( -1.000000000000000000, -1.813805391025116932E-16, 0.000000000000000000 ) ) ;
#9879 = DIRECTION ( 'NONE',  ( 1.000000000000000000, 0.000000000000000000, 0.000000000000000000 ) ) ;
#9880 = ORIENTED_EDGE ( 'NONE', *, *, #4399, .F. ) ;
#9881 = VERTEX_POINT ( 'NONE', #12263 ) ;
#9882 = EDGE_CURVE ( 'NONE', #10028, #10868, #6928, .T. ) ;
#9883 = CARTESIAN_POINT ( 'NONE',  ( 4.984719937775327736, 1.463076259784539479, -13.00000000000000000 ) ) ;
#9884 = CARTESIAN_POINT ( 'NONE',  ( -3.099999999999454303, 8.000000000000000000, -870.0000000000000000 ) ) ;
#9885 = VERTEX_POINT ( 'NONE', #6565 ) ;
#9886 = DIRECTION ( 'NONE',  ( 1.000000000000000000, 0.000000000000000000, 0.000000000000000000 ) ) ;
#9887 = DIRECTION ( 'NONE',  ( -0.000000000000000000, -0.000000000000000000, 1.000000000000000000 ) ) ;
#9888 = DIRECTION ( 'NONE',  ( 0.000000000000000000, 0.000000000000000000, -1.000000000000000000 ) ) ;
#9889 = LINE ( 'NONE', #7812, #9784 ) ;
#9890 = SURFACE_STYLE_FILL_AREA ( #6700 ) ;
#9891 = TOROIDAL_SURFACE ( 'NONE', #896, 0.8000000000000000444, 0.2000000000000000111 ) ;
#9892 = CIRCLE ( 'NONE', #8471, 1.975000000000023626 ) ;
#9893 = CARTESIAN_POINT ( 'NONE',  ( -10.82169614753757614, -0.4322383295574729334, 392.0000000000001137 ) ) ;
#9894 = ORIENTED_EDGE ( 'NONE', *, *, #884, .T. ) ;
#9895 = ADVANCED_FACE ( 'NONE', ( #10403, #3819 ), #7627, .F. ) ;
#9896 = SHAPE_REPRESENTATION ( '\X2\7535673a56fa5b9a677f\X0\', ( #11368 ), #3377 ) ;
#9897 = CARTESIAN_POINT ( 'NONE',  ( 30.00000000000000711, -20.00000000000000000, -0.5000000000000000000 ) ) ;
#9898 = ORIENTED_EDGE ( 'NONE', *, *, #3786, .T. ) ;
#9899 = CARTESIAN_POINT ( 'NONE',  ( -30.00000000000000000, 30.00000000000000711, 5.000000000000000000 ) ) ;
#9900 = ORIENTED_EDGE ( 'NONE', *, *, #11774, .T. ) ;
#9901 = CIRCLE ( 'NONE', #12098, 0.2799999999999998601 ) ;
#9902 = CARTESIAN_POINT ( 'NONE',  ( 0.000000000000000000, 0.000000000000000000, -13.00000000000000000 ) ) ;
#9903 = AXIS2_PLACEMENT_3D ( 'NONE', #12125, #1687, #3547 ) ;
#9904 = DIRECTION ( 'NONE',  ( 1.000000000000000000, 0.000000000000000000, 0.000000000000000000 ) ) ;
#9905 = ORIENTED_EDGE ( 'NONE', *, *, #10918, .T. ) ;
#9906 = DIRECTION ( 'NONE',  ( 0.000000000000000000, 0.000000000000000000, 1.000000000000000000 ) ) ;
#9907 = ORIENTED_EDGE ( 'NONE', *, *, #12193, .T. ) ;
#9908 = FACE_OUTER_BOUND ( 'NONE', #2290, .T. ) ;
#9909 = DIRECTION ( 'NONE',  ( -0.000000000000000000, 1.000000000000000000, 0.000000000000000000 ) ) ;
#9910 = CARTESIAN_POINT ( 'NONE',  ( 37.60000000000000853, 2.397372055837124094, -0.5500000000000165867 ) ) ;
#9911 = EDGE_CURVE ( 'NONE', #4723, #4081, #4004, .T. ) ;
#9912 = AXIS2_PLACEMENT_3D ( 'NONE', #3132, #11603, #6011 ) ;
#9913 = ORIENTED_EDGE ( 'NONE', *, *, #12377, .T. ) ;
#9914 = EDGE_CURVE ( 'NONE', #7204, #4881, #11582, .T. ) ;
#9915 = EDGE_LOOP ( 'NONE', ( #10272 ) ) ;
#9916 = LINE ( 'NONE', #11666, #8585 ) ;
#9917 = VERTEX_POINT ( 'NONE', #2062 ) ;
#9918 = CARTESIAN_POINT ( 'NONE',  ( 0.000000000000000000, 0.000000000000000000, -2.000000000000000000 ) ) ;
#9919 = DIRECTION ( 'NONE',  ( 1.000000000000000000, 0.000000000000000000, 0.000000000000000000 ) ) ;
#9920 = ORIENTED_EDGE ( 'NONE', *, *, #49, .F. ) ;
#9921 = CYLINDRICAL_SURFACE ( 'NONE', #3040, 1.974999999999980327 ) ;
#9922 = DIRECTION ( 'NONE',  ( -1.000000000000000000, -0.000000000000000000, -3.325348516249471324E-16 ) ) ;
#9923 = FILL_AREA_STYLE ('',( #2415 ) ) ;
#9924 = FACE_OUTER_BOUND ( 'NONE', #9915, .T. ) ;
#9925 = EDGE_CURVE ( 'NONE', #3793, #5970, #1558, .T. ) ;
#9926 = ORIENTED_EDGE ( 'NONE', *, *, #5782, .F. ) ;
#9927 = EDGE_CURVE ( 'NONE', #1861, #4122, #9642, .T. ) ;
#9928 = ORIENTED_EDGE ( 'NONE', *, *, #10759, .T. ) ;
#9929 = EDGE_CURVE ( 'NONE', #2551, #1348, #9551, .T. ) ;
#9930 = ORIENTED_EDGE ( 'NONE', *, *, #8237, .F. ) ;
#9931 = VERTEX_POINT ( 'NONE', #109 ) ;
#9932 = AXIS2_PLACEMENT_3D ( 'NONE', #4836, #3085, #4036 ) ;
#9933 = DIRECTION ( 'NONE',  ( 0.7071067811865372477, 0.000000000000000000, 0.7071067811865577868 ) ) ;
#9934 = PRODUCT_DEFINITION_SHAPE ( 'NONE', 'NONE',  #12379 ) ;
#9935 = VERTEX_POINT ( 'NONE', #1055 ) ;
#9936 = DIRECTION ( 'NONE',  ( -0.000000000000000000, -0.000000000000000000, 1.000000000000000000 ) ) ;
#9937 = LINE ( 'NONE', #11007, #3032 ) ;
#9938 = CARTESIAN_POINT ( 'NONE',  ( -5.002319821024733493, -1.586198120247331422, -2.000000000000000000 ) ) ;
#9939 = LINE ( 'NONE', #4102, #1155 ) ;
#9940 = DIRECTION ( 'NONE',  ( -1.000000000000000000, 0.000000000000000000, 0.000000000000000000 ) ) ;
#9941 = COLOUR_RGB ( '',0.7921568627450980005, 0.8196078431372548767, 0.9333333333333333481 ) ;
#9942 = DIRECTION ( 'NONE',  ( -0.7071067811865475727, 0.000000000000000000, 0.7071067811865475727 ) ) ;
#9943 = CARTESIAN_POINT ( 'NONE',  ( 9.500000000000000000, -3.099999999999909051, -870.0000000000000000 ) ) ;
#9944 = ADVANCED_FACE ( 'NONE', ( #295 ), #2004, .T. ) ;
#9945 = VERTEX_POINT ( 'NONE', #7810 ) ;
#9946 = ORIENTED_EDGE ( 'NONE', *, *, #8865, .T. ) ;
#9947 = DIRECTION ( 'NONE',  ( -0.000000000000000000, 1.000000000000000000, 0.000000000000000000 ) ) ;
#9948 = VECTOR ( 'NONE', #3995, 1000.000000000000114 ) ;
#9949 = LINE ( 'NONE', #3170, #9995 ) ;
#9950 = EDGE_CURVE ( 'NONE', #9287, #9511, #7927, .T. ) ;
#9951 = ORIENTED_EDGE ( 'NONE', *, *, #6495, .T. ) ;
#9952 = DIRECTION ( 'NONE',  ( -1.000000000000000000, 0.000000000000000000, 0.000000000000000000 ) ) ;
#9953 = DIRECTION ( 'NONE',  ( -0.000000000000000000, -0.000000000000000000, -1.000000000000000000 ) ) ;
#9954 = DIRECTION ( 'NONE',  ( 0.000000000000000000, 0.000000000000000000, -1.000000000000000000 ) ) ;
#9955 = DIRECTION ( 'NONE',  ( 1.652117596168387263E-16, 0.000000000000000000, 1.000000000000000000 ) ) ;
#9956 = CYLINDRICAL_SURFACE ( 'NONE', #1335, 1.975000000000027178 ) ;
#9957 = AXIS2_PLACEMENT_3D ( 'NONE', #6186, #2446, #3299 ) ;
#9958 = EDGE_CURVE ( 'NONE', #11209, #2882, #3055, .T. ) ;
#9959 = DIRECTION ( 'NONE',  ( -2.456659129719413517E-17, 7.771561172376105644E-16, -1.000000000000000000 ) ) ;
#9960 = ORIENTED_EDGE ( 'NONE', *, *, #3407, .T. ) ;
#9961 = FACE_OUTER_BOUND ( 'NONE', #4554, .T. ) ;
#9962 = ORIENTED_EDGE ( 'NONE', *, *, #2509, .T. ) ;
#9963 = FACE_OUTER_BOUND ( 'NONE', #1, .T. ) ;
#9964 = VERTEX_POINT ( 'NONE', #999 ) ;
#9965 = CIRCLE ( 'NONE', #9155, 2.200000000000007727 ) ;
#9966 = AXIS2_PLACEMENT_3D ( 'NONE', #5372, #9205, #6304 ) ;
#9967 = CARTESIAN_POINT ( 'NONE',  ( -17.58578643762691485, 0.2000000000000000111, 20.80000000000000426 ) ) ;
#9968 = CARTESIAN_POINT ( 'NONE',  ( -5.647239797928350846, 2.213496763471849871, -13.00000000000000000 ) ) ;
#9969 = EDGE_LOOP ( 'NONE', ( #7905, #11716, #392, #1315 ) ) ;
#9970 = CARTESIAN_POINT ( 'NONE',  ( 0.000000000000000000, 0.000000000000000000, -13.00000000000000178 ) ) ;
#9971 = CARTESIAN_POINT ( 'NONE',  ( -3.599999999999454303, -10.00000000000000000, -870.0000000000000000 ) ) ;
#9972 = PLANE ( 'NONE',  #3750 ) ;
#9973 = CARTESIAN_POINT ( 'NONE',  ( 2.500000000000000000, 0.000000000000000000, -0.2000000000000005107 ) ) ;
#9974 = CIRCLE ( 'NONE', #11566, 5.195000000000000284 ) ;
#9975 = AXIS2_PLACEMENT_3D ( 'NONE', #7173, #7107, #6293 ) ;
#9976 = ORIENTED_EDGE ( 'NONE', *, *, #9786, .T. ) ;
#9977 = AXIS2_PLACEMENT_3D ( 'NONE', #10067, #4168, #5102 ) ;
#9978 = ORIENTED_EDGE ( 'NONE', *, *, #930, .F. ) ;
#9979 = DIRECTION ( 'NONE',  ( 0.000000000000000000, 0.000000000000000000, 1.000000000000000000 ) ) ;
#9980 = EDGE_LOOP ( 'NONE', ( #929 ) ) ;
#9981 = CYLINDRICAL_SURFACE ( 'NONE', #808, 0.1499999999999908629 ) ;
#9982 = DIRECTION ( 'NONE',  ( 0.000000000000000000, 0.000000000000000000, -1.000000000000000000 ) ) ;
#9983 = EDGE_LOOP ( 'NONE', ( #7804 ) ) ;
#9984 = AXIS2_PLACEMENT_3D ( 'NONE', #9215, #633, #5442 ) ;
#9985 = CIRCLE ( 'NONE', #10776, 1.975000000000016742 ) ;
#9986 = CARTESIAN_POINT ( 'NONE',  ( 3.784454747031253508, -5.042908611869999724, -13.00000000000000000 ) ) ;
#9987 = AXIS2_PLACEMENT_3D ( 'NONE', #8742, #4740, #7677 ) ;
#9988 = VECTOR ( 'NONE', #2080, 1000.000000000000000 ) ;
#9989 = EDGE_CURVE ( 'NONE', #9964, #10028, #11152, .T. ) ;
#9990 = LINE ( 'NONE', #9629, #5088 ) ;
#9991 = CARTESIAN_POINT ( 'NONE',  ( -3.616390142880777869, -4.818957079542702360, -2.000000000000000000 ) ) ;
#9992 = LINE ( 'NONE', #6030, #4567 ) ;
#9993 = ORIENTED_EDGE ( 'NONE', *, *, #4266, .T. ) ;
#9994 = VERTEX_POINT ( 'NONE', #10646 ) ;
#9995 = VECTOR ( 'NONE', #5987, 1000.000000000000000 ) ;
#9996 = CIRCLE ( 'NONE', #4579, 7.500000000000000000 ) ;
#9997 =( GEOMETRIC_REPRESENTATION_CONTEXT ( 3 ) GLOBAL_UNCERTAINTY_ASSIGNED_CONTEXT ( ( #2504 ) ) GLOBAL_UNIT_ASSIGNED_CONTEXT ( ( #6719, #11311, #6660 ) ) REPRESENTATION_CONTEXT ( 'NONE', 'WORKASPACE' ) );
#9998 = VERTEX_POINT ( 'NONE', #1112 ) ;
#9999 = ORIENTED_EDGE ( 'NONE', *, *, #6121, .T. ) ;
#10000 = LINE ( 'NONE', #7037, #5569 ) ;
#10001 = EDGE_LOOP ( 'NONE', ( #7552, #1149, #8203, #4634 ) ) ;
#10002 = DIRECTION ( 'NONE',  ( 9.035018104045171458E-14, -1.000000000000000000, 0.000000000000000000 ) ) ;
#10003 = EDGE_CURVE ( 'NONE', #1853, #714, #7537, .T. ) ;
#10004 = CYLINDRICAL_SURFACE ( 'NONE', #6024, 2.500000000000000000 ) ;
#10005 = EDGE_CURVE ( 'NONE', #11416, #2012, #8947, .T. ) ;
#10006 = DIRECTION ( 'NONE',  ( -0.000000000000000000, -0.000000000000000000, 1.000000000000000000 ) ) ;
#10007 = TOROIDAL_SURFACE ( 'NONE', #1198, 0.8000000000000000444, 0.2000000000000000111 ) ;
#10008 = CARTESIAN_POINT ( 'NONE',  ( 6.490000000000684111, -5.500000000000095035, -870.0000000000000000 ) ) ;
#10009 = VECTOR ( 'NONE', #226, 1000.000000000000000 ) ;
#10010 = DIRECTION ( 'NONE',  ( 1.000000000000000000, 0.000000000000000000, 0.000000000000000000 ) ) ;
#10011 = DIRECTION ( 'NONE',  ( -0.7071067811865463515, 0.000000000000000000, -0.7071067811865487940 ) ) ;
#10012 = DIRECTION ( 'NONE',  ( -0.000000000000000000, -0.000000000000000000, 1.000000000000000000 ) ) ;
#10013 = ORIENTED_EDGE ( 'NONE', *, *, #3373, .F. ) ;
#10014 = ORIENTED_EDGE ( 'NONE', *, *, #9144, .F. ) ;
#10015 = CIRCLE ( 'NONE', #11020, 1.974999999999969447 ) ;
#10016 = CARTESIAN_POINT ( 'NONE',  ( 1.652117596168439771E-17, 8.000000000000000000, -20.80000000000000071 ) ) ;
#10017 = AXIS2_PLACEMENT_3D ( 'NONE', #10819, #1294, #344 ) ;
#10018 = CARTESIAN_POINT ( 'NONE',  ( 5.273886783729719419, -0.8689897539102974244, -13.00000000000000000 ) ) ;
#10019 = VERTEX_POINT ( 'NONE', #1181 ) ;
#10020 = ADVANCED_FACE ( 'NONE', ( #4924 ), #6925, .T. ) ;
#10021 = EDGE_CURVE ( 'NONE', #5454, #9931, #10583, .T. ) ;
#10022 = FACE_OUTER_BOUND ( 'NONE', #4467, .T. ) ;
#10023 = LINE ( 'NONE', #11026, #10961 ) ;
#10024 = DIRECTION ( 'NONE',  ( -1.000000000000000000, 0.000000000000000000, 0.000000000000000000 ) ) ;
#10025 = CARTESIAN_POINT ( 'NONE',  ( 6.490000000000295977, 5.500000000000284217, -870.0000000000000000 ) ) ;
#10026 = VECTOR ( 'NONE', #1488, 1000.000000000000000 ) ;
#10027 = CARTESIAN_POINT ( 'NONE',  ( 0.000000000000000000, 0.000000000000000000, -0.5000000000000004441 ) ) ;
#10028 = VERTEX_POINT ( 'NONE', #4997 ) ;
#10029 = CARTESIAN_POINT ( 'NONE',  ( 20.70000000000000284, 32.00000000000000000, 15.47157287525382507 ) ) ;
#10030 = EDGE_LOOP ( 'NONE', ( #4640 ) ) ;
#10031 = CARTESIAN_POINT ( 'NONE',  ( 5.500000000000000888, -4.999999999999998224, 5.000000000000000000 ) ) ;
#10032 = CIRCLE ( 'NONE', #8012, 2.250000000000000000 ) ;
#10033 = VERTEX_POINT ( 'NONE', #8820 ) ;
#10034 = EDGE_CURVE ( 'NONE', #6758, #1135, #5056, .T. ) ;
#10035 = DIRECTION ( 'NONE',  ( 1.000000000000000000, 0.000000000000000000, 0.000000000000000000 ) ) ;
#10036 = DIRECTION ( 'NONE',  ( -0.000000000000000000, -0.000000000000000000, 1.000000000000000000 ) ) ;
#10037 = ORIENTED_EDGE ( 'NONE', *, *, #10773, .F. ) ;
#10038 = CARTESIAN_POINT ( 'NONE',  ( 3.900000000000319655, -2.909999999999855369, -870.0000000000000000 ) ) ;
#10039 = DIRECTION ( 'NONE',  ( 0.000000000000000000, -0.000000000000000000, -1.000000000000000000 ) ) ;
#10040 = CARTESIAN_POINT ( 'NONE',  ( 5.128648328663932610, -1.505321002607961312, -2.000000000000000000 ) ) ;
#10041 = ADVANCED_FACE ( 'NONE', ( #240 ), #3935, .F. ) ;
#10042 = VERTEX_POINT ( 'NONE', #4327 ) ;
#10043 = AXIS2_PLACEMENT_3D ( 'NONE', #7794, #11628, #3038 ) ;
#10044 = ORIENTED_EDGE ( 'NONE', *, *, #4280, .F. ) ;
#10045 = VERTEX_POINT ( 'NONE', #11884 ) ;
#10046 = CARTESIAN_POINT ( 'NONE',  ( 4.984719937775328624, -1.463076259784538369, -2.000000000000000000 ) ) ;
#10047 = ORIENTED_EDGE ( 'NONE', *, *, #8652, .T. ) ;
#10048 = FACE_OUTER_BOUND ( 'NONE', #4737, .T. ) ;
#10049 = FACE_OUTER_BOUND ( 'NONE', #3021, .T. ) ;
#10050 = EDGE_LOOP ( 'NONE', ( #11711, #8905, #9722, #9256 ) ) ;
#10051 = AXIS2_PLACEMENT_3D ( 'NONE', #12109, #6409, #9300 ) ;
#10052 = FACE_OUTER_BOUND ( 'NONE', #10599, .T. ) ;
#10053 = DIRECTION ( 'NONE',  ( -1.000000000000000000, -1.813805391025117425E-16, 0.000000000000000000 ) ) ;
#10054 = DIRECTION ( 'NONE',  ( 0.000000000000000000, 0.000000000000000000, 1.000000000000000000 ) ) ;
#10055 = DIRECTION ( 'NONE',  ( 0.4997224534898178083, -0.8661855860484616310, 0.000000000000000000 ) ) ;
#10056 = VERTEX_POINT ( 'NONE', #5185 ) ;
#10057 = ORIENTED_EDGE ( 'NONE', *, *, #8193, .F. ) ;
#10058 = AXIS2_PLACEMENT_3D ( 'NONE', #4339, #8331, #2530 ) ;
#10059 = EDGE_LOOP ( 'NONE', ( #11651 ) ) ;
#10060 = ORIENTED_EDGE ( 'NONE', *, *, #9089, .F. ) ;
#10061 = CARTESIAN_POINT ( 'NONE',  ( -4.374567281301045441, -3.071186432206678862, -2.000000000000000000 ) ) ;
#10062 = ORIENTED_EDGE ( 'NONE', *, *, #10071, .F. ) ;
#10063 = CYLINDRICAL_SURFACE ( 'NONE', #4401, 1.974999999999969003 ) ;
#10064 = DIRECTION ( 'NONE',  ( -0.7071067811865474617, 0.000000000000000000, -0.7071067811865474617 ) ) ;
#10065 = AXIS2_PLACEMENT_3D ( 'NONE', #891, #4075, #10910 ) ;
#10066 = EDGE_CURVE ( 'NONE', #288, #5137, #1355, .T. ) ;
#10067 = CARTESIAN_POINT ( 'NONE',  ( 0.000000000000000000, 0.000000000000000000, -15.00000000000000000 ) ) ;
#10068 = PLANE ( 'NONE',  #1819 ) ;
#10069 = LINE ( 'NONE', #4358, #2959 ) ;
#10070 = DIRECTION ( 'NONE',  ( 0.7071067811865459074, 0.000000000000000000, 0.7071067811865491270 ) ) ;
#10071 = EDGE_CURVE ( 'NONE', #3297, #5265, #2940, .T. ) ;
#10072 = ORIENTED_EDGE ( 'NONE', *, *, #1919, .T. ) ;
#10073 = ORIENTED_EDGE ( 'NONE', *, *, #12377, .F. ) ;
#10074 = ADVANCED_FACE ( 'NONE', ( #4248 ), #10079, .T. ) ;
#10075 = CARTESIAN_POINT ( 'NONE',  ( -3.818708854640333605, -3.599540352876270610, -13.00000000000000000 ) ) ;
#10076 = CARTESIAN_POINT ( 'NONE',  ( 5.500000000000397904, -6.489999999999611191, -870.0000000000000000 ) ) ;
#10077 = VERTEX_POINT ( 'NONE', #427 ) ;
#10078 = CARTESIAN_POINT ( 'NONE',  ( -5.500000000000000000, -8.000000000000000000, -89.99999999999997158 ) ) ;
#10079 = PLANE ( 'NONE',  #4542 ) ;
#10080 = LINE ( 'NONE', #2500, #9293 ) ;
#10081 = CARTESIAN_POINT ( 'NONE',  ( 0.5189999999999562741, 3.900000000000267253, -870.0000000000000000 ) ) ;
#10082 = DIRECTION ( 'NONE',  ( 0.000000000000000000, 0.000000000000000000, 1.000000000000000000 ) ) ;
#10083 = SHAPE_DEFINITION_REPRESENTATION ( #7230, #2684 ) ;
#10084 = EDGE_CURVE ( 'NONE', #2325, #595, #3176, .T. ) ;
#10085 = ORIENTED_EDGE ( 'NONE', *, *, #6919, .T. ) ;
#10086 = EDGE_CURVE ( 'NONE', #8043, #12040, #10956, .T. ) ;
#10087 = ADVANCED_FACE ( 'NONE', ( #2378 ), #2313, .T. ) ;
#10088 = CARTESIAN_POINT ( 'NONE',  ( -4.359035021885704353, 2.921992769749273133, -13.00000000000000000 ) ) ;
#10089 = DIRECTION ( 'NONE',  ( 0.000000000000000000, 0.000000000000000000, 1.000000000000000000 ) ) ;
#10090 = ORIENTED_EDGE ( 'NONE', *, *, #1291, .F. ) ;
#10091 = DIRECTION ( 'NONE',  ( -0.000000000000000000, -0.000000000000000000, 1.000000000000000000 ) ) ;
#10092 = CARTESIAN_POINT ( 'NONE',  ( -0.3263478462082388676, -5.335027842783508056, -13.00000000000000000 ) ) ;
#10093 = VERTEX_POINT ( 'NONE', #5114 ) ;
#10094 = FILL_AREA_STYLE ('',( #8768 ) ) ;
#10095 = AXIS2_PLACEMENT_3D ( 'NONE', #3562, #10216, #10973 ) ;
#10096 = DIRECTION ( 'NONE',  ( 0.000000000000000000, -1.000000000000000000, 0.000000000000000000 ) ) ;
#10097 = AXIS2_PLACEMENT_3D ( 'NONE', #175, #8000, #11583 ) ;
#10098 = DIRECTION ( 'NONE',  ( -1.000000000000000000, 0.000000000000000000, 0.000000000000000000 ) ) ;
#10099 = ORIENTED_EDGE ( 'NONE', *, *, #463, .F. ) ;
#10100 = EDGE_CURVE ( 'NONE', #12040, #9676, #10023, .T. ) ;
#10101 = AXIS2_PLACEMENT_3D ( 'NONE', #3326, #5500, #1699 ) ;
#10102 = ORIENTED_EDGE ( 'NONE', *, *, #8859, .T. ) ;
#10103 = AXIS2_PLACEMENT_3D ( 'NONE', #1989, #3269, #11564 ) ;
#10104 = CARTESIAN_POINT ( 'NONE',  ( -3.784454747031254396, -5.042908611869997948, -2.000000000000000000 ) ) ;
#10105 = ORIENTED_EDGE ( 'NONE', *, *, #4442, .T. ) ;
#10106 = DIRECTION ( 'NONE',  ( -1.000000000000000000, -0.000000000000000000, -0.000000000000000000 ) ) ;
#10107 = EDGE_CURVE ( 'NONE', #12061, #11865, #11952, .T. ) ;
#10108 = DIRECTION ( 'NONE',  ( 0.000000000000000000, 1.000000000000000000, 0.000000000000000000 ) ) ;
#10109 = EDGE_LOOP ( 'NONE', ( #4403 ) ) ;
#10110 = FACE_OUTER_BOUND ( 'NONE', #4157, .T. ) ;
#10111 = CYLINDRICAL_SURFACE ( 'NONE', #11388, 0.1500000000000031586 ) ;
#10112 = CIRCLE ( 'NONE', #695, 0.1999999999999987899 ) ;
#10113 = DIRECTION ( 'NONE',  ( -0.000000000000000000, 1.000000000000000000, 0.000000000000000000 ) ) ;
#10114 = AXIS2_PLACEMENT_3D ( 'NONE', #10231, #5403, #3515 ) ;
#10115 = CARTESIAN_POINT ( 'NONE',  ( 25.00000000000000355, 5.000000000000000000, 10.00000000000000000 ) ) ;
#10116 = ORIENTED_EDGE ( 'NONE', *, *, #9675, .F. ) ;
#10117 = EDGE_LOOP ( 'NONE', ( #6914 ) ) ;
#10118 = VERTEX_POINT ( 'NONE', #5249 ) ;
#10119 = VERTEX_POINT ( 'NONE', #489 ) ;
#10120 = CARTESIAN_POINT ( 'NONE',  ( -8.500000000000000000, 8.500000000000000000, -870.0000000000000000 ) ) ;
#10121 = ORIENTED_EDGE ( 'NONE', *, *, #8828, .F. ) ;
#10122 = AXIS2_PLACEMENT_3D ( 'NONE', #4760, #8586, #892 ) ;
#10123 = FACE_OUTER_BOUND ( 'NONE', #6992, .T. ) ;
#10124 = FACE_OUTER_BOUND ( 'NONE', #6693, .T. ) ;
#10125 = CARTESIAN_POINT ( 'NONE',  ( -5.500000000000000000, 6.490000000000009983, -89.99999999999997158 ) ) ;
#10126 = DIRECTION ( 'NONE',  ( 1.000000000000000000, 0.000000000000000000, 0.000000000000000000 ) ) ;
#10127 = EDGE_CURVE ( 'NONE', #10709, #5970, #7999, .T. ) ;
#10128 = DIRECTION ( 'NONE',  ( -0.000000000000000000, -0.000000000000000000, 1.000000000000000000 ) ) ;
#10129 = DIRECTION ( 'NONE',  ( -0.000000000000000000, -0.000000000000000000, 1.000000000000000000 ) ) ;
#10130 = AXIS2_PLACEMENT_3D ( 'NONE', #11984, #4279, #7028 ) ;
#10131 = VERTEX_POINT ( 'NONE', #1502 ) ;
#10132 = ORIENTED_EDGE ( 'NONE', *, *, #11479, .T. ) ;
#10133 = CARTESIAN_POINT ( 'NONE',  ( 0.5190000000002328306, -3.900000000000090949, -870.0000000000000000 ) ) ;
#10134 = FACE_OUTER_BOUND ( 'NONE', #2605, .T. ) ;
#10135 = EDGE_LOOP ( 'NONE', ( #5260, #5212, #6720, #9313 ) ) ;
#10136 = VECTOR ( 'NONE', #5586, 1000.000000000000000 ) ;
#10137 = LINE ( 'NONE', #7248, #4886 ) ;
#10138 = PRODUCT_DEFINITION_SHAPE ( 'NONE', 'NONE',  #12386 ) ;
#10139 = CARTESIAN_POINT ( 'NONE',  ( 5.500000000000396128, 8.000000000000000000, -870.0000000000000000 ) ) ;
#10140 = EDGE_CURVE ( 'NONE', #4881, #10163, #4306, .T. ) ;
#10141 = CARTESIAN_POINT ( 'NONE',  ( -5.125882477357501799, -0.8446027636228206070, -13.00000000000000000 ) ) ;
#10142 = DIRECTION ( 'NONE',  ( 0.000000000000000000, 0.000000000000000000, 1.000000000000000000 ) ) ;
#10143 = EDGE_CURVE ( 'NONE', #9495, #6284, #2157, .T. ) ;
#10144 = DIRECTION ( 'NONE',  ( 1.000000000000000000, 0.000000000000000000, 0.000000000000000000 ) ) ;
#10145 = AXIS2_PLACEMENT_3D ( 'NONE', #7813, #7873, #9833 ) ;
#10146 = ORIENTED_EDGE ( 'NONE', *, *, #12301, .T. ) ;
#10147 = VECTOR ( 'NONE', #1928, 1000.000000000000000 ) ;
#10148 = FACE_OUTER_BOUND ( 'NONE', #255, .T. ) ;
#10149 = CARTESIAN_POINT ( 'NONE',  ( 3.784454747031253508, -5.042908611869999724, -13.00000000000000000 ) ) ;
#10150 = ORIENTED_EDGE ( 'NONE', *, *, #124, .T. ) ;
#10151 = CYLINDRICAL_SURFACE ( 'NONE', #12024, 11.00000000000000000 ) ;
#10152 = DIRECTION ( 'NONE',  ( -0.000000000000000000, -0.000000000000000000, -1.000000000000000000 ) ) ;
#10153 = ORIENTED_EDGE ( 'NONE', *, *, #8074, .T. ) ;
#10154 = EDGE_CURVE ( 'NONE', #2041, #9606, #3367, .T. ) ;
#10155 =( LENGTH_UNIT ( ) NAMED_UNIT ( * ) SI_UNIT ( .MILLI., .METRE. ) );
#10156 = LINE ( 'NONE', #12081, #9193 ) ;
#10157 = EDGE_CURVE ( 'NONE', #1482, #1634, #2167, .T. ) ;
#10158 = VECTOR ( 'NONE', #5445, 1000.000000000000000 ) ;
#10159 = DIRECTION ( 'NONE',  ( 1.000000000000000000, 0.000000000000000000, -1.652117596168387263E-16 ) ) ;
#10160 = ORIENTED_EDGE ( 'NONE', *, *, #10476, .T. ) ;
#10161 = VECTOR ( 'NONE', #2331, 1000.000000000000000 ) ;
#10162 = VECTOR ( 'NONE', #10466, 1000.000000000000114 ) ;
#10163 = VERTEX_POINT ( 'NONE', #7249 ) ;
#10164 = VECTOR ( 'NONE', #8049, 1000.000000000000000 ) ;
#10165 = DIRECTION ( 'NONE',  ( -1.000000000000000000, 0.000000000000000000, 0.000000000000000000 ) ) ;
#10166 = VERTEX_POINT ( 'NONE', #10830 ) ;
#10167 = CARTESIAN_POINT ( 'NONE',  ( 0.000000000000000000, 0.000000000000000000, 0.000000000000000000 ) ) ;
#10168 = CARTESIAN_POINT ( 'NONE',  ( 0.000000000000000000, 0.000000000000000000, -0.2000000000000005107 ) ) ;
#10169 = ORIENTED_EDGE ( 'NONE', *, *, #2938, .T. ) ;
#10170 = CARTESIAN_POINT ( 'NONE',  ( 0.000000000000000000, 39.89999999999999858, 0.000000000000000000 ) ) ;
#10171 = EDGE_CURVE ( 'NONE', #10709, #8391, #8346, .T. ) ;
#10172 = DIRECTION ( 'NONE',  ( 0.000000000000000000, 0.000000000000000000, 1.000000000000000000 ) ) ;
#10173 = VECTOR ( 'NONE', #9878, 1000.000000000000000 ) ;
#10174 = AXIS2_PLACEMENT_3D ( 'NONE', #6368, #6556, #1636 ) ;
#10175 = DIRECTION ( 'NONE',  ( -9.035018104044462114E-14, -1.000000000000000000, 0.000000000000000000 ) ) ;
#10176 = AXIS2_PLACEMENT_3D ( 'NONE', #1857, #7655, #5658 ) ;
#10177 = CARTESIAN_POINT ( 'NONE',  ( -6.022394731077292285, -0.1771629280985711208, -13.00000000000000000 ) ) ;
#10178 = ORIENTED_EDGE ( 'NONE', *, *, #6766, .T. ) ;
#10179 = EDGE_CURVE ( 'NONE', #2276, #2680, #11750, .T. ) ;
#10180 = EDGE_LOOP ( 'NONE', ( #7051, #919, #5589, #2698 ) ) ;
#10181 = ORIENTED_EDGE ( 'NONE', *, *, #4975, .F. ) ;
#10182 = AXIS2_PLACEMENT_3D ( 'NONE', #761, #1948, #8390 ) ;
#10183 = DIRECTION ( 'NONE',  ( -0.7071067811865495711, 0.000000000000000000, 0.7071067811865454633 ) ) ;
#10184 = ORIENTED_EDGE ( 'NONE', *, *, #261, .T. ) ;
#10185 = AXIS2_PLACEMENT_3D ( 'NONE', #9066, #8875, #5985 ) ;
#10186 = AXIS2_PLACEMENT_3D ( 'NONE', #2947, #3769, #4761 ) ;
#10187 = DIRECTION ( 'NONE',  ( -1.000000000000000000, 0.000000000000000000, 0.000000000000000000 ) ) ;
#10188 = LINE ( 'NONE', #1613, #7025 ) ;
#10189 = EDGE_CURVE ( 'NONE', #8534, #6018, #5744, .T. ) ;
#10190 = CARTESIAN_POINT ( 'NONE',  ( -19.35857864376273341, 7.800000000000000711, 19.35857864376266235 ) ) ;
#10191 = CARTESIAN_POINT ( 'NONE',  ( 5.779348217812178667, -3.361804601292472494, -13.00000000000000000 ) ) ;
#10192 = FACE_OUTER_BOUND ( 'NONE', #6555, .T. ) ;
#10193 = CARTESIAN_POINT ( 'NONE',  ( -20.69999999999999574, 32.00000000000000000, 15.47157287525383218 ) ) ;
#10194 = TOROIDAL_SURFACE ( 'NONE', #5772, 0.8000000000000000444, 0.2000000000000000111 ) ;
#10195 = AXIS2_PLACEMENT_3D ( 'NONE', #915, #4904, #11554 ) ;
#10196 = ADVANCED_FACE ( 'NONE', ( #7053 ), #7153, .T. ) ;
#10197 = ORIENTED_EDGE ( 'NONE', *, *, #9655, .T. ) ;
#10198 = ORIENTED_EDGE ( 'NONE', *, *, #2180, .F. ) ;
#10199 = CARTESIAN_POINT ( 'NONE',  ( 2.659549700202073375, -4.523938932020209691, -2.000000000000000000 ) ) ;
#10200 = PLANE ( 'NONE',  #7382 ) ;
#10201 = CIRCLE ( 'NONE', #6379, 0.2000000000000002887 ) ;
#10202 = VERTEX_POINT ( 'NONE', #6117 ) ;
#10203 = VECTOR ( 'NONE', #3490, 1000.000000000000000 ) ;
#10204 = VECTOR ( 'NONE', #1077, 1000.000000000000000 ) ;
#10205 = DIRECTION ( 'NONE',  ( 1.000000000000000000, 0.000000000000000000, 0.000000000000000000 ) ) ;
#10206 = CARTESIAN_POINT ( 'NONE',  ( 37.60000000000000853, 4.000000000000000000, 4.883262201417498631E-15 ) ) ;
#10207 = FACE_OUTER_BOUND ( 'NONE', #794, .T. ) ;
#10208 = LINE ( 'NONE', #6364, #3181 ) ;
#10209 = CARTESIAN_POINT ( 'NONE',  ( 0.000000000000000000, 0.000000000000000000, -2.000000000000000000 ) ) ;
#10210 = AXIS2_PLACEMENT_3D ( 'NONE', #12248, #7299, #6301 ) ;
#10211 = CIRCLE ( 'NONE', #8592, 0.7999999999999986011 ) ;
#10212 = VERTEX_POINT ( 'NONE', #3546 ) ;
#10213 = DIRECTION ( 'NONE',  ( 0.000000000000000000, 1.000000000000000000, 0.000000000000000000 ) ) ;
#10214 = CARTESIAN_POINT ( 'NONE',  ( 18.29289321881345742, 32.20000000000000284, 20.70710678118654968 ) ) ;
#10215 = VERTEX_POINT ( 'NONE', #10266 ) ;
#10216 = DIRECTION ( 'NONE',  ( 0.000000000000000000, 0.000000000000000000, -1.000000000000000000 ) ) ;
#10217 = VERTEX_POINT ( 'NONE', #676 ) ;
#10218 = CARTESIAN_POINT ( 'NONE',  ( -8.000000000000000000, -3.099999999999909051, -870.0000000000000000 ) ) ;
#10219 = SURFACE_STYLE_FILL_AREA ( #10094 ) ;
#10220 = CARTESIAN_POINT ( 'NONE',  ( 4.359035021885709682, 2.921992769749272689, -13.00000000000000000 ) ) ;
#10221 = CARTESIAN_POINT ( 'NONE',  ( 16.50000000000000000, 16.49999999999999645, 0.000000000000000000 ) ) ;
#10222 = VERTEX_POINT ( 'NONE', #6266 ) ;
#10223 = ORIENTED_EDGE ( 'NONE', *, *, #11249, .T. ) ;
#10224 = AXIS2_PLACEMENT_3D ( 'NONE', #9411, #4756, #5754 ) ;
#10225 = ADVANCED_FACE ( 'NONE', ( #9380 ), #12253, .T. ) ;
#10226 = ORIENTED_EDGE ( 'NONE', *, *, #3800, .T. ) ;
#10227 = EDGE_CURVE ( 'NONE', #4874, #5398, #350, .T. ) ;
#10228 = CARTESIAN_POINT ( 'NONE',  ( 10.00000000000000000, 3.599999999999909051, -870.0000000000000000 ) ) ;
#10229 = ORIENTED_EDGE ( 'NONE', *, *, #434, .F. ) ;
#10230 = CYLINDRICAL_SURFACE ( 'NONE', #9621, 2.250000000000000000 ) ;
#10231 = CARTESIAN_POINT ( 'NONE',  ( 0.000000000000000000, 0.000000000000000000, -15.00000000000000000 ) ) ;
#10232 = ORIENTED_EDGE ( 'NONE', *, *, #10802, .F. ) ;
#10233 = DIRECTION ( 'NONE',  ( -1.000000000000000000, 0.000000000000000000, 0.000000000000000000 ) ) ;
#10234 = DIRECTION ( 'NONE',  ( -0.000000000000000000, -0.000000000000000000, -1.000000000000000000 ) ) ;
#10235 = AXIS2_PLACEMENT_3D ( 'NONE', #859, #5319, #5263 ) ;
#10236 = CARTESIAN_POINT ( 'NONE',  ( -17.58578643762691485, 32.20000000000000284, 20.80000000000000426 ) ) ;
#10237 = CARTESIAN_POINT ( 'NONE',  ( 25.00000000000000711, -24.99999999999998934, 5.000000000000000000 ) ) ;
#10238 = UNCERTAINTY_MEASURE_WITH_UNIT (LENGTH_MEASURE( 1.000000000000000082E-05 ), #2817, 'distance_accuracy_value', 'NONE');
#10239 = CARTESIAN_POINT ( 'NONE',  ( 27.09999999999999787, 24.99999999999999645, 5.000000000000000000 ) ) ;
#10240 = ORIENTED_EDGE ( 'NONE', *, *, #9412, .T. ) ;
#10241 = EDGE_CURVE ( 'NONE', #11895, #4571, #3615, .T. ) ;
#10242 = ORIENTED_EDGE ( 'NONE', *, *, #5181, .F. ) ;
#10243 = EDGE_CURVE ( 'NONE', #1425, #7755, #5354, .T. ) ;
#10244 = ORIENTED_EDGE ( 'NONE', *, *, #3638, .T. ) ;
#10245 = EDGE_CURVE ( 'NONE', #262, #6077, #10971, .T. ) ;
#10246 = AXIS2_PLACEMENT_3D ( 'NONE', #9668, #8656, #2960 ) ;
#10247 = LINE ( 'NONE', #8102, #6370 ) ;
#10248 = PRODUCT_DEFINITION_SHAPE ( 'NONE', 'NONE',  #12383 ) ;
#10249 = ORIENTED_EDGE ( 'NONE', *, *, #11915, .T. ) ;
#10250 = CARTESIAN_POINT ( 'NONE',  ( -18.29289321881346453, 39.80000000000000426, 20.70710678118654968 ) ) ;
#10251 = DIRECTION ( 'NONE',  ( -0.000000000000000000, -0.000000000000000000, 1.000000000000000000 ) ) ;
#10252 = CYLINDRICAL_SURFACE ( 'NONE', #7956, 5.194999999999999396 ) ;
#10253 = CARTESIAN_POINT ( 'NONE',  ( 3.600000000000363798, 9.500000000000000000, -870.0000000000000000 ) ) ;
#10254 = CARTESIAN_POINT ( 'NONE',  ( 0.000000000000000000, 0.000000000000000000, -15.00000000000000000 ) ) ;
#10255 = AXIS2_PLACEMENT_3D ( 'NONE', #3718, #6595, #11360 ) ;
#10256 = ORIENTED_EDGE ( 'NONE', *, *, #711, .T. ) ;
#10257 = EDGE_CURVE ( 'NONE', #1370, #5062, #1366, .T. ) ;
#10258 = ORIENTED_EDGE ( 'NONE', *, *, #10620, .F. ) ;
#10259 = DIRECTION ( 'NONE',  ( -0.000000000000000000, -0.000000000000000000, 1.000000000000000000 ) ) ;
#10260 = EDGE_LOOP ( 'NONE', ( #1428 ) ) ;
#10261 = DIRECTION ( 'NONE',  ( 1.000000000000000000, 0.000000000000000000, 0.000000000000000000 ) ) ;
#10262 = CIRCLE ( 'NONE', #9261, 6.304999999999999716 ) ;
#10263 = ORIENTED_EDGE ( 'NONE', *, *, #3925, .T. ) ;
#10264 = ADVANCED_FACE ( 'NONE', ( #4612 ), #2625, .T. ) ;
#10265 = CARTESIAN_POINT ( 'NONE',  ( -0.3171893472501035038, 5.185307697522977932, -13.00000000000000000 ) ) ;
#10266 = CARTESIAN_POINT ( 'NONE',  ( -4.984719937775328624, 1.463076259784537703, -13.00000000000000000 ) ) ;
#10267 = DIRECTION ( 'NONE',  ( -1.000000000000000000, 0.000000000000000000, 0.000000000000000000 ) ) ;
#10268 = CARTESIAN_POINT ( 'NONE',  ( 1.790414966635713645, -5.795282521538796416, -13.00000000000000000 ) ) ;
#10269 = LINE ( 'NONE', #5489, #743 ) ;
#10270 = EDGE_CURVE ( 'NONE', #6069, #1063, #8427, .T. ) ;
#10271 = PRODUCT_CONTEXT ( 'NONE', #9209, 'mechanical' ) ;
#10272 = ORIENTED_EDGE ( 'NONE', *, *, #8830, .F. ) ;
#10273 = CYLINDRICAL_SURFACE ( 'NONE', #7353, 2.249999999999999556 ) ;
#10274 = DIRECTION ( 'NONE',  ( -1.000000000000000000, 0.000000000000000000, 0.000000000000000000 ) ) ;
#10275 = ORIENTED_EDGE ( 'NONE', *, *, #5438, .T. ) ;
#10276 = LINE ( 'NONE', #4563, #10693 ) ;
#10277 = DIRECTION ( 'NONE',  ( -1.000000000000000000, 0.000000000000000000, 0.000000000000000000 ) ) ;
#10278 = DIRECTION ( 'NONE',  ( 0.000000000000000000, 1.000000000000000000, 0.000000000000000000 ) ) ;
#10279 = LINE ( 'NONE', #4504, #3781 ) ;
#10280 = CARTESIAN_POINT ( 'NONE',  ( -7.999999999999783284, -5.500000000000096811, -870.0000000000000000 ) ) ;
#10281 = EDGE_CURVE ( 'NONE', #3945, #5350, #7480, .T. ) ;
#10282 = VERTEX_POINT ( 'NONE', #2463 ) ;
#10283 = ORIENTED_EDGE ( 'NONE', *, *, #8465, .T. ) ;
#10284 = EDGE_LOOP ( 'NONE', ( #1469, #717, #4259, #7664 ) ) ;
#10285 = FACE_OUTER_BOUND ( 'NONE', #11882, .T. ) ;
#10286 = ORIENTED_EDGE ( 'NONE', *, *, #9911, .T. ) ;
#10287 = FACE_OUTER_BOUND ( 'NONE', #8654, .T. ) ;
#10288 = AXIS2_PLACEMENT_3D ( 'NONE', #9830, #11698, #9888 ) ;
#10289 = DIRECTION ( 'NONE',  ( -0.8944271909999159664, 0.4472135954999578167, 0.000000000000000000 ) ) ;
#10290 = ORIENTED_EDGE ( 'NONE', *, *, #1141, .T. ) ;
#10291 = LINE ( 'NONE', #11232, #7238 ) ;
#10292 = DIRECTION ( 'NONE',  ( 0.000000000000000000, 0.000000000000000000, -1.000000000000000000 ) ) ;
#10293 = FACE_OUTER_BOUND ( 'NONE', #4070, .T. ) ;
#10294 = EDGE_CURVE ( 'NONE', #7309, #5467, #7941, .T. ) ;
#10295 = DIRECTION ( 'NONE',  ( 0.000000000000000000, 0.000000000000000000, 1.000000000000000000 ) ) ;
#10296 = EDGE_CURVE ( 'NONE', #3827, #3612, #10322, .T. ) ;
#10297 = CARTESIAN_POINT ( 'NONE',  ( -10.00000000000000000, 3.599999999999909051, -89.99999999999997158 ) ) ;
#10298 = VECTOR ( 'NONE', #5807, 1000.000000000000000 ) ;
#10299 = ORIENTED_EDGE ( 'NONE', *, *, #7865, .T. ) ;
#10300 = AXIS2_PLACEMENT_3D ( 'NONE', #5670, #11318, #11504 ) ;
#10301 = ORIENTED_EDGE ( 'NONE', *, *, #7398, .F. ) ;
#10302 = DIRECTION ( 'NONE',  ( 0.000000000000000000, -1.000000000000000000, 0.000000000000000000 ) ) ;
#10303 = ORIENTED_EDGE ( 'NONE', *, *, #8950, .F. ) ;
#10304 = DIRECTION ( 'NONE',  ( -1.000000000000000000, 0.000000000000000000, 0.000000000000000000 ) ) ;
#10305 = CARTESIAN_POINT ( 'NONE',  ( -21.00000000000000355, 7.800000000000001599, -21.00000000000000000 ) ) ;
#10306 = AXIS2_PLACEMENT_3D ( 'NONE', #7301, #9131, #1446 ) ;
#10307 = CIRCLE ( 'NONE', #3501, 1.975000000000003642 ) ;
#10308 = DIRECTION ( 'NONE',  ( -1.000000000000000000, 0.000000000000000000, 0.000000000000000000 ) ) ;
#10309 = EDGE_CURVE ( 'NONE', #6077, #8811, #956, .T. ) ;
#10310 = CYLINDRICAL_SURFACE ( 'NONE', #10809, 2.250000000000000000 ) ;
#10311 = EDGE_CURVE ( 'NONE', #10215, #7439, #7549, .T. ) ;
#10312 = DIRECTION ( 'NONE',  ( -0.000000000000000000, 1.000000000000000000, -0.000000000000000000 ) ) ;
#10313 = EDGE_LOOP ( 'NONE', ( #522 ) ) ;
#10314 = ORIENTED_EDGE ( 'NONE', *, *, #7296, .F. ) ;
#10315 = TOROIDAL_SURFACE ( 'NONE', #9085, 0.8000000000000000444, 0.2000000000000000111 ) ;
#10316 = DIRECTION ( 'NONE',  ( 1.814564305414994390E-16, -1.000000000000000000, 0.000000000000000000 ) ) ;
#10317 = ORIENTED_EDGE ( 'NONE', *, *, #12128, .T. ) ;
#10318 = APPLICATION_CONTEXT ( 'automotive_design' ) ;
#10319 = CYLINDRICAL_SURFACE ( 'NONE', #1614, 0.1500000000000069056 ) ;
#10320 = VERTEX_POINT ( 'NONE', #8485 ) ;
#10321 = FACE_OUTER_BOUND ( 'NONE', #5818, .T. ) ;
#10322 = LINE ( 'NONE', #10386, #6152 ) ;
#10323 = DIRECTION ( 'NONE',  ( 0.000000000000000000, 0.000000000000000000, 1.000000000000000000 ) ) ;
#10324 = DIRECTION ( 'NONE',  ( 0.000000000000000000, -0.000000000000000000, -1.000000000000000000 ) ) ;
#10325 = EDGE_CURVE ( 'NONE', #2882, #5858, #6938, .T. ) ;
#10326 = DIRECTION ( 'NONE',  ( -0.000000000000000000, -0.000000000000000000, -1.000000000000000000 ) ) ;
#10327 = VERTEX_POINT ( 'NONE', #3735 ) ;
#10328 = ORIENTED_EDGE ( 'NONE', *, *, #5024, .T. ) ;
#10329 = ADVANCED_FACE ( 'NONE', ( #7542, #8248 ), #11383, .F. ) ;
#10330 = CARTESIAN_POINT ( 'NONE',  ( -3.599999999999454303, 9.500000000000000000, -89.99999999999997158 ) ) ;
#10331 = PRESENTATION_LAYER_ASSIGNMENT (  '', '', ( #2613 ) ) ;
#10332 = FACE_OUTER_BOUND ( 'NONE', #10999, .T. ) ;
#10333 = ORIENTED_EDGE ( 'NONE', *, *, #6194, .T. ) ;
#10334 = FACE_OUTER_BOUND ( 'NONE', #1224, .T. ) ;
#10335 = CARTESIAN_POINT ( 'NONE',  ( -5.273886783729711425, 0.8689897539102943158, -2.000000000000000000 ) ) ;
#10336 = FILL_AREA_STYLE ('',( #7628 ) ) ;
#10337 = LINE ( 'NONE', #5743, #11992 ) ;
#10338 = ADVANCED_FACE ( 'NONE', ( #1868 ), #11138, .T. ) ;
#10339 = EDGE_CURVE ( 'NONE', #12050, #3610, #6458, .T. ) ;
#10340 = CARTESIAN_POINT ( 'NONE',  ( 8.000000000000000000, -3.099999999999909051, -870.0000000000000000 ) ) ;
#10341 = VECTOR ( 'NONE', #9073, 1000.000000000000000 ) ;
#10342 = PRODUCT_DEFINITION_SHAPE ( 'NONE', 'NONE',  #9648 ) ;
#10343 = ORIENTED_EDGE ( 'NONE', *, *, #6918, .T. ) ;
#10344 = ORIENTED_EDGE ( 'NONE', *, *, #9335, .T. ) ;
#10345 = DIRECTION ( 'NONE',  ( -0.000000000000000000, -0.000000000000000000, -1.000000000000000000 ) ) ;
#10346 = EDGE_LOOP ( 'NONE', ( #4856 ) ) ;
#10347 = AXIS2_PLACEMENT_3D ( 'NONE', #8674, #7918, #9879 ) ;
#10348 = CARTESIAN_POINT ( 'NONE',  ( -4.251801127475943964, -2.984997851321552265, -13.00000000000000000 ) ) ;
#10349 = EDGE_CURVE ( 'NONE', #5467, #5603, #5552, .T. ) ;
#10350 = CARTESIAN_POINT ( 'NONE',  ( -21.00000000000000355, 7.800000000000001599, -17.58578643762691840 ) ) ;
#10351 = ORIENTED_EDGE ( 'NONE', *, *, #9075, .T. ) ;
#10352 = DIRECTION ( 'NONE',  ( 0.000000000000000000, 0.000000000000000000, 1.000000000000000000 ) ) ;
#10353 = FACE_OUTER_BOUND ( 'NONE', #2943, .T. ) ;
#10354 = LINE ( 'NONE', #11983, #4971 ) ;
#10355 = CARTESIAN_POINT ( 'NONE',  ( -5.500000000000000000, -6.490000000000009983, -89.99999999999997158 ) ) ;
#10356 = DIRECTION ( 'NONE',  ( 1.000000000000000000, 0.000000000000000000, 0.000000000000000000 ) ) ;
#10357 = VERTEX_POINT ( 'NONE', #3041 ) ;
#10358 = AXIS2_PLACEMENT_3D ( 'NONE', #6738, #8746, #11645 ) ;
#10359 = VERTEX_POINT ( 'NONE', #38 ) ;
#10360 = FACE_OUTER_BOUND ( 'NONE', #10059, .T. ) ;
#10361 = CYLINDRICAL_SURFACE ( 'NONE', #12190, 1.000000000000000888 ) ;
#10362 = ORIENTED_EDGE ( 'NONE', *, *, #3739, .F. ) ;
#10363 = CARTESIAN_POINT ( 'NONE',  ( 1.734723475976807094E-15, 8.000000000000000000, -1.734723475976807094E-15 ) ) ;
#10364 = ADVANCED_FACE ( 'NONE', ( #6792 ), #4850, .T. ) ;
#10365 = VECTOR ( 'NONE', #6321, 1000.000000000000000 ) ;
#10366 = DIRECTION ( 'NONE',  ( 1.000000000000000000, 0.000000000000000000, 0.000000000000000000 ) ) ;
#10367 = AXIS2_PLACEMENT_3D ( 'NONE', #7620, #7738, #6675 ) ;
#10368 = AXIS2_PLACEMENT_3D ( 'NONE', #5849, #3865, #6726 ) ;
#10369 = CARTESIAN_POINT ( 'NONE',  ( -8.000000000000000000, 3.099999999999909051, -870.0000000000000000 ) ) ;
#10370 = CARTESIAN_POINT ( 'NONE',  ( 37.60000000000000853, 4.000000000000000000, 4.883262201417498631E-15 ) ) ;
#10371 = DIRECTION ( 'NONE',  ( -0.000000000000000000, -0.000000000000000000, 1.000000000000000000 ) ) ;
#10372 = AXIS2_PLACEMENT_3D ( 'NONE', #3761, #2823, #7819 ) ;
#10373 = VECTOR ( 'NONE', #10312, 1000.000000000000000 ) ;
#10374 = VECTOR ( 'NONE', #1239, 1000.000000000000000 ) ;
#10375 = EDGE_LOOP ( 'NONE', ( #6465 ) ) ;
#10376 = VECTOR ( 'NONE', #1144, 1000.000000000000000 ) ;
#10377 = ORIENTED_EDGE ( 'NONE', *, *, #6618, .F. ) ;
#10378 = PLANE ( 'NONE',  #10195 ) ;
#10379 = EDGE_CURVE ( 'NONE', #3066, #5858, #95, .T. ) ;
#10380 = ORIENTED_EDGE ( 'NONE', *, *, #3046, .F. ) ;
#10381 = EDGE_CURVE ( 'NONE', #10320, #11148, #569, .T. ) ;
#10382 = CARTESIAN_POINT ( 'NONE',  ( -29.99999999999999289, -20.00000000000000000, -0.5000000000000000000 ) ) ;
#10383 = EDGE_LOOP ( 'NONE', ( #4132, #12116, #10198, #5747 ) ) ;
#10384 = CARTESIAN_POINT ( 'NONE',  ( 0.000000000000000000, 0.000000000000000000, -13.00000000000000178 ) ) ;
#10385 = PLANE ( 'NONE',  #6487 ) ;
#10386 = CARTESIAN_POINT ( 'NONE',  ( -2.910000000000131148, 3.900000000000266809, -870.0000000000000000 ) ) ;
#10387 = VECTOR ( 'NONE', #10997, 1000.000000000000000 ) ;
#10388 = CIRCLE ( 'NONE', #2593, 1.499999999999999556 ) ;
#10389 = CARTESIAN_POINT ( 'NONE',  ( 8.000000000000000000, 3.099999999999909051, -89.99999999999997158 ) ) ;
#10390 = CIRCLE ( 'NONE', #7140, 0.1499999999999904188 ) ;
#10391 = CARTESIAN_POINT ( 'NONE',  ( 3.100000000000363798, -9.500000000000000000, -870.0000000000000000 ) ) ;
#10392 = VERTEX_POINT ( 'NONE', #8616 ) ;
#10393 = ORIENTED_EDGE ( 'NONE', *, *, #6504, .T. ) ;
#10394 = VECTOR ( 'NONE', #5917, 1000.000000000000000 ) ;
#10395 = DIRECTION ( 'NONE',  ( 0.000000000000000000, 0.000000000000000000, 1.000000000000000000 ) ) ;
#10396 = CIRCLE ( 'NONE', #4382, 1.000000000000000888 ) ;
#10397 = EDGE_CURVE ( 'NONE', #8391, #3793, #4731, .T. ) ;
#10398 = CIRCLE ( 'NONE', #394, 0.2000000000000002887 ) ;
#10399 = EDGE_CURVE ( 'NONE', #2137, #10915, #9763, .T. ) ;
#10400 = DIRECTION ( 'NONE',  ( 0.000000000000000000, 0.000000000000000000, 1.000000000000000000 ) ) ;
#10401 = ORIENTED_EDGE ( 'NONE', *, *, #8386, .F. ) ;
#10402 = DIRECTION ( 'NONE',  ( 0.000000000000000000, 0.000000000000000000, 1.000000000000000000 ) ) ;
#10403 = FACE_BOUND ( 'NONE', #2198, .T. ) ;
#10404 = CARTESIAN_POINT ( 'NONE',  ( 4.563543104187644417, -4.886375992105156385, -13.00000000000000000 ) ) ;
#10405 = DIRECTION ( 'NONE',  ( 1.000000000000000000, 0.000000000000000000, 0.000000000000000000 ) ) ;
#10406 = AXIS2_PLACEMENT_3D ( 'NONE', #4164, #11006, #2425 ) ;
#10407 = LINE ( 'NONE', #11634, #5550 ) ;
#10408 = VECTOR ( 'NONE', #1870, 1000.000000000000000 ) ;
#10409 =( NAMED_UNIT ( * ) SI_UNIT ( $, .STERADIAN. ) SOLID_ANGLE_UNIT ( ) );
#10410 = ORIENTED_EDGE ( 'NONE', *, *, #7900, .F. ) ;
#10411 = ORIENTED_EDGE ( 'NONE', *, *, #9563, .T. ) ;
#10412 = EDGE_CURVE ( 'NONE', #4619, #2778, #8671, .T. ) ;
#10413 = AXIS2_PLACEMENT_3D ( 'NONE', #10545, #7713, #2958 ) ;
#10414 = CARTESIAN_POINT ( 'NONE',  ( 5.251577878682482492, -3.035097204594769504, -13.00000000000000000 ) ) ;
#10415 = ORIENTED_EDGE ( 'NONE', *, *, #8283, .T. ) ;
#10416 = DIRECTION ( 'NONE',  ( 0.000000000000000000, 0.000000000000000000, 1.000000000000000000 ) ) ;
#10417 = DIRECTION ( 'NONE',  ( -0.5004443416175766712, 0.8657687109978913220, 0.000000000000000000 ) ) ;
#10418 = ORIENTED_EDGE ( 'NONE', *, *, #2065, .F. ) ;
#10419 = DIRECTION ( 'NONE',  ( -0.000000000000000000, -0.000000000000000000, -1.000000000000000000 ) ) ;
#10420 = CARTESIAN_POINT ( 'NONE',  ( -5.125882477357501799, 0.8446027636228203850, -13.00000000000000000 ) ) ;
#10421 = ADVANCED_FACE ( 'NONE', ( #10502, #9682, #11563, #5794, #2979, #2048, #10750, #8732, #3922, #9816, #7729, #3099, #1924, #8806, #9628 ), #6848, .T. ) ;
#10422 = CARTESIAN_POINT ( 'NONE',  ( -3.616390142880777869, -4.818957079542702360, -13.00000000000000000 ) ) ;
#10423 = CARTESIAN_POINT ( 'NONE',  ( -5.349122049243778321, 2.772637427124946985, -2.000000000000000000 ) ) ;
#10424 = FACE_OUTER_BOUND ( 'NONE', #2160, .T. ) ;
#10425 = TOROIDAL_SURFACE ( 'NONE', #2812, 0.8000000000000000444, 0.2000000000000000111 ) ;
#10426 = VERTEX_POINT ( 'NONE', #10630 ) ;
#10427 = ORIENTED_EDGE ( 'NONE', *, *, #432, .F. ) ;
#10428 = DIRECTION ( 'NONE',  ( 1.000000000000000000, 0.000000000000000000, 0.000000000000000000 ) ) ;
#10429 = DIRECTION ( 'NONE',  ( 0.000000000000000000, 0.000000000000000000, 1.000000000000000000 ) ) ;
#10430 = EDGE_LOOP ( 'NONE', ( #3883 ) ) ;
#10431 = FACE_BOUND ( 'NONE', #443, .T. ) ;
#10432 = CIRCLE ( 'NONE', #2033, 0.1999999999999987899 ) ;
#10433 = FACE_OUTER_BOUND ( 'NONE', #311, .T. ) ;
#10434 = LINE ( 'NONE', #5659, #10608 ) ;
#10435 = PLANE ( 'NONE',  #11170 ) ;
#10436 = EDGE_CURVE ( 'NONE', #3275, #6461, #3805, .T. ) ;
#10437 = AXIS2_PLACEMENT_3D ( 'NONE', #9873, #4100, #11741 ) ;
#10438 = ORIENTED_EDGE ( 'NONE', *, *, #10086, .T. ) ;
#10439 = ORIENTED_EDGE ( 'NONE', *, *, #12247, .F. ) ;
#10440 = CARTESIAN_POINT ( 'NONE',  ( 3.600000000000363798, 10.00000000000000000, -870.0000000000000000 ) ) ;
#10441 = EDGE_LOOP ( 'NONE', ( #12188, #3555, #1061, #6952 ) ) ;
#10442 = DIRECTION ( 'NONE',  ( 1.000000000000000000, 0.000000000000000000, -1.652117596168387263E-16 ) ) ;
#10443 = VERTEX_POINT ( 'NONE', #5728 ) ;
#10444 = CYLINDRICAL_SURFACE ( 'NONE', #3024, 1.975000000000023626 ) ;
#10445 = LINE ( 'NONE', #9443, #5086 ) ;
#10446 = TOROIDAL_SURFACE ( 'NONE', #8240, 0.8000000000000000444, 0.2000000000000000111 ) ;
#10447 = DIRECTION ( 'NONE',  ( 0.000000000000000000, 0.000000000000000000, 1.000000000000000000 ) ) ;
#10448 = DIRECTION ( 'NONE',  ( -1.000000000000000000, 0.000000000000000000, 0.000000000000000000 ) ) ;
#10449 = DIRECTION ( 'NONE',  ( 0.8661855860482727820, 0.4997224534901452131, 0.000000000000000000 ) ) ;
#10450 = DIRECTION ( 'NONE',  ( -0.7071067811865474617, 0.000000000000000000, -0.7071067811865474617 ) ) ;
#10451 = ADVANCED_FACE ( 'NONE', ( #2106 ), #9565, .T. ) ;
#10452 = EDGE_CURVE ( 'NONE', #10901, #9870, #11684, .T. ) ;
#10453 = EDGE_LOOP ( 'NONE', ( #8149 ) ) ;
#10454 = ORIENTED_EDGE ( 'NONE', *, *, #8878, .F. ) ;
#10455 = VECTOR ( 'NONE', #64, 1000.000000000000114 ) ;
#10456 = DIRECTION ( 'NONE',  ( -0.000000000000000000, 0.000000000000000000, 1.000000000000000000 ) ) ;
#10457 = CARTESIAN_POINT ( 'NONE',  ( 17.58578643762691129, 7.800000000000001599, 20.00000000000000000 ) ) ;
#10458 = ORIENTED_EDGE ( 'NONE', *, *, #10851, .T. ) ;
#10459 = FACE_OUTER_BOUND ( 'NONE', #11314, .T. ) ;
#10460 = LINE ( 'NONE', #2636, #3542 ) ;
#10461 = CARTESIAN_POINT ( 'NONE',  ( 9.500000000000000000, 3.599999999999909051, -870.0000000000000000 ) ) ;
#10462 = ADVANCED_FACE ( 'NONE', ( #11446 ), #2856, .T. ) ;
#10463 = EDGE_CURVE ( 'NONE', #5073, #5073, #8956, .T. ) ;
#10464 = EDGE_CURVE ( 'NONE', #7876, #288, #9939, .T. ) ;
#10465 = ORIENTED_EDGE ( 'NONE', *, *, #8061, .F. ) ;
#10466 = DIRECTION ( 'NONE',  ( 0.7071067811865491270, -0.000000000000000000, -0.7071067811865459074 ) ) ;
#10467 = ORIENTED_EDGE ( 'NONE', *, *, #8239, .F. ) ;
#10468 = DIRECTION ( 'NONE',  ( -0.000000000000000000, -0.000000000000000000, 1.000000000000000000 ) ) ;
#10469 = ORIENTED_EDGE ( 'NONE', *, *, #4105, .F. ) ;
#10470 = LINE ( 'NONE', #11341, #5006 ) ;
#10471 = DIRECTION ( 'NONE',  ( -1.000000000000000000, 0.000000000000000000, 0.000000000000000000 ) ) ;
#10472 = ORIENTED_EDGE ( 'NONE', *, *, #5556, .T. ) ;
#10473 = DIRECTION ( 'NONE',  ( -0.000000000000000000, 1.000000000000000000, -0.000000000000000000 ) ) ;
#10474 = CARTESIAN_POINT ( 'NONE',  ( 17.58578643762691840, 0.000000000000000000, -21.00000000000000355 ) ) ;
#10475 = LINE ( 'NONE', #9535, #1389 ) ;
#10476 = EDGE_CURVE ( 'NONE', #9807, #8013, #6042, .T. ) ;
#10477 = CARTESIAN_POINT ( 'NONE',  ( 22.20000000000000284, 4.000000000000000000, -2.250000000000000444 ) ) ;
#10478 = ORIENTED_EDGE ( 'NONE', *, *, #11546, .T. ) ;
#10479 = ORIENTED_EDGE ( 'NONE', *, *, #1618, .T. ) ;
#10480 = EDGE_CURVE ( 'NONE', #4138, #4138, #5946, .T. ) ;
#10481 = DIRECTION ( 'NONE',  ( 0.7071067811865475727, 0.000000000000000000, -0.7071067811865475727 ) ) ;
#10482 = CARTESIAN_POINT ( 'NONE',  ( 3.818708854640333161, 3.599540352876267946, -13.00000000000000000 ) ) ;
#10483 = VERTEX_POINT ( 'NONE', #10943 ) ;
#10484 = CARTESIAN_POINT ( 'NONE',  ( -5.597711953606975044, 2.901490286808761532, -2.000000000000000000 ) ) ;
#10485 = CARTESIAN_POINT ( 'NONE',  ( 8.500000000000000000, 8.500000000000000000, -870.0000000000000000 ) ) ;
#10486 = DIRECTION ( 'NONE',  ( -1.000000000000000000, 0.000000000000000000, 0.000000000000000000 ) ) ;
#10487 = CIRCLE ( 'NONE', #4292, 1.310500000000000886 ) ;
#10488 = PLANE ( 'NONE',  #9007 ) ;
#10489 = EDGE_CURVE ( 'NONE', #11572, #10522, #10769, .T. ) ;
#10490 = AXIS2_PLACEMENT_3D ( 'NONE', #10832, #5992, #9954 ) ;
#10491 = DIRECTION ( 'NONE',  ( -0.000000000000000000, -1.000000000000000000, -0.000000000000000000 ) ) ;
#10492 = EDGE_LOOP ( 'NONE', ( #60 ) ) ;
#10493 = ORIENTED_EDGE ( 'NONE', *, *, #9255, .T. ) ;
#10494 = DIRECTION ( 'NONE',  ( 0.000000000000000000, 0.000000000000000000, 1.000000000000000000 ) ) ;
#10495 = VERTEX_POINT ( 'NONE', #6233 ) ;
#10496 = AXIS2_PLACEMENT_3D ( 'NONE', #7666, #6908, #2977 ) ;
#10497 = DIRECTION ( 'NONE',  ( 0.000000000000000000, 1.000000000000000000, 0.000000000000000000 ) ) ;
#10498 = ORIENTED_EDGE ( 'NONE', *, *, #493, .T. ) ;
#10499 = DIRECTION ( 'NONE',  ( -0.7071067811865475727, 0.000000000000000000, 0.7071067811865475727 ) ) ;
#10500 = EDGE_CURVE ( 'NONE', #6225, #11500, #5167, .T. ) ;
#10501 = DIRECTION ( 'NONE',  ( -1.000000000000000000, 0.000000000000000000, 0.000000000000000000 ) ) ;
#10502 = FACE_BOUND ( 'NONE', #7444, .T. ) ;
#10503 = DIRECTION ( 'NONE',  ( 0.000000000000000000, -1.000000000000000000, 0.000000000000000000 ) ) ;
#10504 = PLANE ( 'NONE',  #1811 ) ;
#10505 = CYLINDRICAL_SURFACE ( 'NONE', #8730, 2.499999999999998668 ) ;
#10506 = AXIS2_PLACEMENT_3D ( 'NONE', #6247, #10955, #11025 ) ;
#10507 = AXIS2_PLACEMENT_3D ( 'NONE', #10541, #20, #10428 ) ;
#10508 = ORIENTED_EDGE ( 'NONE', *, *, #7824, .F. ) ;
#10509 = ORIENTED_EDGE ( 'NONE', *, *, #5450, .T. ) ;
#10510 = LINE ( 'NONE', #3999, #2166 ) ;
#10511 = CARTESIAN_POINT ( 'NONE',  ( 17.58578643762691129, 40.00000000000000000, 21.00000000000000000 ) ) ;
#10512 = ORIENTED_EDGE ( 'NONE', *, *, #953, .F. ) ;
#10513 = ADVANCED_FACE ( 'NONE', ( #6104 ), #1232, .T. ) ;
#10514 = AXIS2_PLACEMENT_3D ( 'NONE', #949, #4699, #4644 ) ;
#10515 = EDGE_CURVE ( 'NONE', #11805, #1863, #11371, .T. ) ;
#10516 = DIRECTION ( 'NONE',  ( -0.000000000000000000, -0.000000000000000000, 1.000000000000000000 ) ) ;
#10517 = DIRECTION ( 'NONE',  ( 1.000000000000000000, 0.000000000000000000, 0.000000000000000000 ) ) ;
#10518 = DIRECTION ( 'NONE',  ( -1.000000000000000000, 0.000000000000000000, 8.260587980841938780E-17 ) ) ;
#10519 = DIRECTION ( 'NONE',  ( 1.000000000000000000, 0.000000000000000000, 0.000000000000000000 ) ) ;
#10520 = VERTEX_POINT ( 'NONE', #8927 ) ;
#10521 = STYLED_ITEM ( 'NONE', ( #8917 ), #8871 ) ;
#10522 = VERTEX_POINT ( 'NONE', #1293 ) ;
#10523 = ORIENTED_EDGE ( 'NONE', *, *, #7178, .T. ) ;
#10524 = CARTESIAN_POINT ( 'NONE',  ( 20.56568542494924401, 0.1999999999999987899, -18.15147186257614464 ) ) ;
#10525 = ORIENTED_EDGE ( 'NONE', *, *, #9914, .T. ) ;
#10526 = EDGE_CURVE ( 'NONE', #2797, #12332, #1357, .T. ) ;
#10527 = ADVANCED_FACE ( 'NONE', ( #343 ), #7984, .F. ) ;
#10528 = CARTESIAN_POINT ( 'NONE',  ( 1.964042965173691480, 4.809424105956109585, -2.000000000000000000 ) ) ;
#10529 = CARTESIAN_POINT ( 'NONE',  ( 18.29289321881346808, 8.000000000000000000, -20.70710678118654968 ) ) ;
#10530 = ORIENTED_EDGE ( 'NONE', *, *, #10339, .F. ) ;
#10531 = PRODUCT_DEFINITION_FORMATION_WITH_SPECIFIED_SOURCE ( 'ä»', '', #4437, .NOT_KNOWN. ) ;
#10532 = CARTESIAN_POINT ( 'NONE',  ( 2.608811078263819194, -4.665096971974744378, -2.000000000000000000 ) ) ;
#10533 = DIRECTION ( 'NONE',  ( -1.000000000000000000, 0.000000000000000000, -1.121232786067555918E-16 ) ) ;
#10534 = AXIS2_PLACEMENT_3D ( 'NONE', #2318, #7704, #6120 ) ;
#10535 = CARTESIAN_POINT ( 'NONE',  ( 6.490000000000684111, -5.500000000000095035, -89.99999999999997158 ) ) ;
#10536 = SURFACE_STYLE_USAGE ( .BOTH. , #363 ) ;
#10537 = VERTEX_POINT ( 'NONE', #69 ) ;
#10538 = EDGE_LOOP ( 'NONE', ( #6622 ) ) ;
#10539 = ORIENTED_EDGE ( 'NONE', *, *, #6062, .T. ) ;
#10540 = AXIS2_PLACEMENT_3D ( 'NONE', #2244, #5980, #7859 ) ;
#10541 = CARTESIAN_POINT ( 'NONE',  ( 0.000000000000000000, 0.000000000000000000, -14.80000000000000071 ) ) ;
#10542 = FACE_OUTER_BOUND ( 'NONE', #487, .T. ) ;
#10543 = ORIENTED_EDGE ( 'NONE', *, *, #10917, .F. ) ;
#10544 = EDGE_CURVE ( 'NONE', #2821, #2464, #1490, .T. ) ;
#10545 = CARTESIAN_POINT ( 'NONE',  ( 0.000000000000000000, 0.000000000000000000, -13.00000000000000000 ) ) ;
#10546 = CARTESIAN_POINT ( 'NONE',  ( -3.967618173362246647, 3.581484473009152847, -13.00000000000000000 ) ) ;
#10547 = CARTESIAN_POINT ( 'NONE',  ( 0.000000000000000000, 0.000000000000000000, -13.00000000000000000 ) ) ;
#10548 = DIRECTION ( 'NONE',  ( -0.000000000000000000, -0.000000000000000000, -1.000000000000000000 ) ) ;
#10549 = AXIS2_PLACEMENT_3D ( 'NONE', #4864, #6805, #10517 ) ;
#10550 = EDGE_CURVE ( 'NONE', #6154, #2821, #11972, .T. ) ;
#10551 = CARTESIAN_POINT ( 'NONE',  ( -3.414628852343119192, 5.013102338667356328, -13.00000000000000000 ) ) ;
#10552 = VERTEX_POINT ( 'NONE', #11744 ) ;
#10553 = VERTEX_POINT ( 'NONE', #7235 ) ;
#10554 = DIRECTION ( 'NONE',  ( 1.000000000000000000, 0.000000000000000000, 0.000000000000000000 ) ) ;
#10555 = ORIENTED_EDGE ( 'NONE', *, *, #6922, .F. ) ;
#10556 = AXIS2_PLACEMENT_3D ( 'NONE', #574, #9333, #12083 ) ;
#10557 = VECTOR ( 'NONE', #2676, 1000.000000000000000 ) ;
#10558 = EDGE_CURVE ( 'NONE', #11243, #4800, #10880, .T. ) ;
#10559 = LINE ( 'NONE', #4665, #4990 ) ;
#10560 = VERTEX_POINT ( 'NONE', #8998 ) ;
#10561 = DIRECTION ( 'NONE',  ( 0.7071067811865495711, 0.000000000000000000, -0.7071067811865454633 ) ) ;
#10562 = CYLINDRICAL_SURFACE ( 'NONE', #10704, 6.304999999999999716 ) ;
#10563 = CARTESIAN_POINT ( 'NONE',  ( -6.302273656338973851, 0.1853962260019091091, -13.00000000000000000 ) ) ;
#10564 = FACE_OUTER_BOUND ( 'NONE', #9240, .T. ) ;
#10565 = CYLINDRICAL_SURFACE ( 'NONE', #11394, 0.1499999999999995226 ) ;
#10566 = PRODUCT_DEFINITION ( 'æœ', '', #5521, #8813 ) ;
#10567 = EDGE_CURVE ( 'NONE', #2867, #8766, #414, .T. ) ;
#10568 = VECTOR ( 'NONE', #5574, 1000.000000000000000 ) ;
#10569 = LINE ( 'NONE', #7546, #2932 ) ;
#10570 = CIRCLE ( 'NONE', #9975, 6.304999999999999716 ) ;
#10571 = VECTOR ( 'NONE', #11088, 1000.000000000000000 ) ;
#10572 = ORIENTED_EDGE ( 'NONE', *, *, #10515, .T. ) ;
#10573 = EDGE_LOOP ( 'NONE', ( #2570, #1667, #1883, #6097 ) ) ;
#10574 = ADVANCED_FACE ( 'NONE', ( #7104 ), #3160, .T. ) ;
#10575 = CARTESIAN_POINT ( 'NONE',  ( -19.99999999999999645, 7.800000000000001599, 17.58578643762692195 ) ) ;
#10576 = CARTESIAN_POINT ( 'NONE',  ( 5.779348217812190214, 3.361804601292468941, -13.00000000000000000 ) ) ;
#10577 = AXIS2_PLACEMENT_3D ( 'NONE', #3683, #8495, #3745 ) ;
#10578 = ORIENTED_EDGE ( 'NONE', *, *, #313, .F. ) ;
#10579 = AXIS2_PLACEMENT_3D ( 'NONE', #10115, #4342, #1344 ) ;
#10580 = AXIS2_PLACEMENT_3D ( 'NONE', #7113, #1302, #482 ) ;
#10581 = AXIS2_PLACEMENT_3D ( 'NONE', #6643, #11475, #8706 ) ;
#10582 = DIRECTION ( 'NONE',  ( -1.000000000000000000, -0.000000000000000000, -3.325348516249471324E-16 ) ) ;
#10583 = LINE ( 'NONE', #6862, #7337 ) ;
#10584 = CARTESIAN_POINT ( 'NONE',  ( -2.020752579182559128, 4.948291019506337207, -13.00000000000000000 ) ) ;
#10585 = DIRECTION ( 'NONE',  ( -1.000000000000000000, 0.000000000000000000, 0.000000000000000000 ) ) ;
#10586 = AXIS2_PLACEMENT_3D ( 'NONE', #7937, #3188, #8953 ) ;
#10587 = AXIS2_PLACEMENT_3D ( 'NONE', #12265, #1001, #3689 ) ;
#10588 = ORIENTED_EDGE ( 'NONE', *, *, #4555, .F. ) ;
#10589 = ORIENTED_EDGE ( 'NONE', *, *, #6870, .F. ) ;
#10590 = ORIENTED_EDGE ( 'NONE', *, *, #3497, .F. ) ;
#10591 = DIRECTION ( 'NONE',  ( -0.000000000000000000, -0.000000000000000000, -1.000000000000000000 ) ) ;
#10592 = VERTEX_POINT ( 'NONE', #5294 ) ;
#10593 = CYLINDRICAL_SURFACE ( 'NONE', #2628, 6.304999999999999716 ) ;
#10594 = LINE ( 'NONE', #9413, #12274 ) ;
#10595 = ORIENTED_EDGE ( 'NONE', *, *, #1524, .F. ) ;
#10596 = VECTOR ( 'NONE', #12062, 1000.000000000000000 ) ;
#10597 = LINE ( 'NONE', #3895, #2839 ) ;
#10598 = AXIS2_PLACEMENT_3D ( 'NONE', #5708, #10429, #901 ) ;
#10599 = EDGE_LOOP ( 'NONE', ( #9756, #1519, #1223, #7947 ) ) ;
#10600 = CARTESIAN_POINT ( 'NONE',  ( -20.80000000000000426, 32.20000000000000284, -17.58578643762691840 ) ) ;
#10601 = DIRECTION ( 'NONE',  ( -0.000000000000000000, -0.000000000000000000, 1.000000000000000000 ) ) ;
#10602 = FACE_OUTER_BOUND ( 'NONE', #1882, .T. ) ;
#10603 = VERTEX_POINT ( 'NONE', #4827 ) ;
#10604 = EDGE_CURVE ( 'NONE', #11198, #5815, #4355, .T. ) ;
#10605 = EDGE_LOOP ( 'NONE', ( #11222 ) ) ;
#10606 = EDGE_CURVE ( 'NONE', #748, #9994, #4963, .T. ) ;
#10607 = VECTOR ( 'NONE', #3861, 1000.000000000000000 ) ;
#10608 = VECTOR ( 'NONE', #3535, 1000.000000000000000 ) ;
#10609 = EDGE_LOOP ( 'NONE', ( #9555 ) ) ;
#10610 = CARTESIAN_POINT ( 'NONE',  ( 15.49999999999999289, 35.50000000000000711, -15.49999999999999822 ) ) ;
#10611 = ORIENTED_EDGE ( 'NONE', *, *, #4798, .F. ) ;
#10612 = CARTESIAN_POINT ( 'NONE',  ( 6.048387499772775122, 0.4559538461277345966, -2.000000000000000000 ) ) ;
#10613 = DIRECTION ( 'NONE',  ( -0.000000000000000000, -1.000000000000000000, -0.000000000000000000 ) ) ;
#10614 = CARTESIAN_POINT ( 'NONE',  ( 3.100000000000363798, -8.000000000000000000, -870.0000000000000000 ) ) ;
#10615 = DIRECTION ( 'NONE',  ( -1.000000000000000000, 0.000000000000000000, 0.000000000000000000 ) ) ;
#10616 = DIRECTION ( 'NONE',  ( 1.000000000000000000, 0.000000000000000000, 0.000000000000000000 ) ) ;
#10617 = ADVANCED_FACE ( 'NONE', ( #8290 ), #7463, .T. ) ;
#10618 = ADVANCED_FACE ( 'NONE', ( #1673 ), #7288, .F. ) ;
#10619 = ORIENTED_EDGE ( 'NONE', *, *, #8008, .T. ) ;
#10620 = EDGE_CURVE ( 'NONE', #11343, #9528, #3602, .T. ) ;
#10621 = ORIENTED_EDGE ( 'NONE', *, *, #3082, .F. ) ;
#10622 = ORIENTED_EDGE ( 'NONE', *, *, #11276, .T. ) ;
#10623 = VECTOR ( 'NONE', #11165, 1000.000000000000000 ) ;
#10624 = SURFACE_STYLE_FILL_AREA ( #9556 ) ;
#10625 = ORIENTED_EDGE ( 'NONE', *, *, #3364, .T. ) ;
#10626 = CARTESIAN_POINT ( 'NONE',  ( 15.49999999999996447, 35.50000000000000711, 15.49999999999999822 ) ) ;
#10627 = ORIENTED_EDGE ( 'NONE', *, *, #124, .F. ) ;
#10628 = CARTESIAN_POINT ( 'NONE',  ( -2.910000000000131148, 3.900000000000266809, -870.0000000000000000 ) ) ;
#10629 = CARTESIAN_POINT ( 'NONE',  ( -20.80000000000000426, 0.000000000000000000, -17.58578643762691840 ) ) ;
#10630 = CARTESIAN_POINT ( 'NONE',  ( 3.900000000000319655, -2.909999999999855369, -89.99999999999997158 ) ) ;
#10631 = PLANE ( 'NONE',  #7685 ) ;
#10632 = LINE ( 'NONE', #1097, #10009 ) ;
#10633 = CARTESIAN_POINT ( 'NONE',  ( -2.000000000000000888, 63.91562668061989427, 1.119044584211878579 ) ) ;
#10634 = VECTOR ( 'NONE', #10091, 1000.000000000000000 ) ;
#10635 = FACE_OUTER_BOUND ( 'NONE', #2231, .T. ) ;
#10636 = ADVANCED_FACE ( 'NONE', ( #1732 ), #6468, .T. ) ;
#10637 = ORIENTED_EDGE ( 'NONE', *, *, #3693, .F. ) ;
#10638 = CONTEXT_DEPENDENT_SHAPE_REPRESENTATION ( #9842, #3530 ) ;
#10639 = ORIENTED_EDGE ( 'NONE', *, *, #6808, .T. ) ;
#10640 = CARTESIAN_POINT ( 'NONE',  ( -5.500000000000000000, 6.490000000000009983, -89.99999999999997158 ) ) ;
#10641 = DIRECTION ( 'NONE',  ( -1.000000000000000000, 0.000000000000000000, 0.000000000000000000 ) ) ;
#10642 = EDGE_CURVE ( 'NONE', #7535, #1580, #9572, .T. ) ;
#10643 = AXIS2_PLACEMENT_3D ( 'NONE', #8107, #6165, #339 ) ;
#10644 = EDGE_LOOP ( 'NONE', ( #871, #11019, #9283, #3 ) ) ;
#10645 = DIRECTION ( 'NONE',  ( -0.000000000000000000, 1.000000000000000000, -0.000000000000000000 ) ) ;
#10646 = CARTESIAN_POINT ( 'NONE',  ( 5.002319821024737934, -1.586198120247338528, -2.000000000000000000 ) ) ;
#10647 = DIRECTION ( 'NONE',  ( -1.000000000000000000, 0.000000000000000000, 0.000000000000000000 ) ) ;
#10648 = DIRECTION ( 'NONE',  ( -1.000000000000000000, 0.000000000000000000, 0.000000000000000000 ) ) ;
#10649 = CIRCLE ( 'NONE', #6629, 7.799999999999999822 ) ;
#10650 = EDGE_LOOP ( 'NONE', ( #7773 ) ) ;
#10651 = VERTEX_POINT ( 'NONE', #10125 ) ;
#10652 = ORIENTED_EDGE ( 'NONE', *, *, #9989, .T. ) ;
#10653 = CARTESIAN_POINT ( 'NONE',  ( -0.5199999999995270628, -3.900000000000090949, -870.0000000000000000 ) ) ;
#10654 = EDGE_LOOP ( 'NONE', ( #4076 ) ) ;
#10655 = DIRECTION ( 'NONE',  ( 1.000000000000000000, 0.000000000000000000, 0.000000000000000000 ) ) ;
#10656 = DIRECTION ( 'NONE',  ( 1.000000000000000000, 0.000000000000000000, 0.000000000000000000 ) ) ;
#10657 = ORIENTED_EDGE ( 'NONE', *, *, #5213, .T. ) ;
#10658 = CIRCLE ( 'NONE', #8245, 0.2800000000000024691 ) ;
#10659 = CARTESIAN_POINT ( 'NONE',  ( -20.56568542494922980, 0.000000000000000000, 18.15147186257615530 ) ) ;
#10660 = VERTEX_POINT ( 'NONE', #11301 ) ;
#10661 = DIRECTION ( 'NONE',  ( 1.000000000000000000, 0.000000000000000000, 0.000000000000000000 ) ) ;
#10662 = ADVANCED_FACE ( 'NONE', ( #664 ), #2612, .F. ) ;
#10663 = CARTESIAN_POINT ( 'NONE',  ( -10.00000000000000000, 8.500000000000000000, -870.0000000000000000 ) ) ;
#10664 = VERTEX_POINT ( 'NONE', #6764 ) ;
#10665 = ORIENTED_EDGE ( 'NONE', *, *, #8221, .F. ) ;
#10666 = ORIENTED_EDGE ( 'NONE', *, *, #7409, .T. ) ;
#10667 = LINE ( 'NONE', #7836, #11601 ) ;
#10668 = ORIENTED_EDGE ( 'NONE', *, *, #2752, .F. ) ;
#10669 = CARTESIAN_POINT ( 'NONE',  ( -20.56568542494922980, 0.000000000000000000, 18.15147186257615530 ) ) ;
#10670 = DIRECTION ( 'NONE',  ( 0.7071067811865303643, 0.7071067811865646702, -0.000000000000000000 ) ) ;
#10671 = ADVANCED_FACE ( 'NONE', ( #8347 ), #9363, .T. ) ;
#10672 = DIRECTION ( 'NONE',  ( -1.000000000000000000, 0.000000000000000000, 0.000000000000000000 ) ) ;
#10673 = EDGE_CURVE ( 'NONE', #3826, #8836, #6750, .T. ) ;
#10674 = CARTESIAN_POINT ( 'NONE',  ( -40.35857864376269788, 40.00000000000000000, 1.641421356237213969 ) ) ;
#10675 = DIRECTION ( 'NONE',  ( 0.000000000000000000, 0.000000000000000000, 1.000000000000000000 ) ) ;
#10676 = DIRECTION ( 'NONE',  ( -1.000000000000000000, 0.000000000000000000, 0.000000000000000000 ) ) ;
#10677 = ORIENTED_EDGE ( 'NONE', *, *, #3882, .F. ) ;
#10678 = VERTEX_POINT ( 'NONE', #2718 ) ;
#10679 = FACE_BOUND ( 'NONE', #2072, .T. ) ;
#10680 = ORIENTED_EDGE ( 'NONE', *, *, #2536, .F. ) ;
#10681 = PLANE ( 'NONE',  #7388 ) ;
#10682 = ADVANCED_FACE ( 'NONE', ( #11127 ), #5420, .T. ) ;
#10683 = DIRECTION ( 'NONE',  ( 1.000000000000000000, 0.000000000000000000, 0.000000000000000000 ) ) ;
#10684 = CIRCLE ( 'NONE', #3303, 0.2799999999999940314 ) ;
#10685 = ADVANCED_FACE ( 'NONE', ( #12238 ), #10252, .T. ) ;
#10686 = AXIS2_PLACEMENT_3D ( 'NONE', #8943, #7811, #358 ) ;
#10687 = CARTESIAN_POINT ( 'NONE',  ( 21.00000000000000355, 40.00000000000000000, 18.00000000000001421 ) ) ;
#10688 = CARTESIAN_POINT ( 'NONE',  ( 30.00000000000000000, -29.99999999999999289, 5.000000000000000000 ) ) ;
#10689 = CARTESIAN_POINT ( 'NONE',  ( -20.70710678118653902, 7.800000000000000711, 18.29289321881346453 ) ) ;
#10690 = DIRECTION ( 'NONE',  ( -0.000000000000000000, -0.000000000000000000, 1.000000000000000000 ) ) ;
#10691 = CARTESIAN_POINT ( 'NONE',  ( -2.000000000000000888, 63.70000000000001705, 1.499999999999999334 ) ) ;
#10692 = PLANE ( 'NONE',  #10540 ) ;
#10693 = VECTOR ( 'NONE', #6564, 1000.000000000000000 ) ;
#10694 = VERTEX_POINT ( 'NONE', #9250 ) ;
#10695 = ORIENTED_EDGE ( 'NONE', *, *, #7398, .T. ) ;
#10696 = VECTOR ( 'NONE', #802, 1000.000000000000000 ) ;
#10697 = DIRECTION ( 'NONE',  ( 1.000000000000000000, 0.000000000000000000, 0.000000000000000000 ) ) ;
#10698 = CARTESIAN_POINT ( 'NONE',  ( 20.80000000000000426, 0.1999999999999987899, -17.58578643762690774 ) ) ;
#10699 = ORIENTED_EDGE ( 'NONE', *, *, #9858, .T. ) ;
#10700 = EDGE_CURVE ( 'NONE', #4571, #7376, #2544, .T. ) ;
#10701 = LINE ( 'NONE', #2123, #12080 ) ;
#10702 = CARTESIAN_POINT ( 'NONE',  ( -9.500000000000000000, -3.599999999999909051, -89.99999999999997158 ) ) ;
#10703 = FACE_BOUND ( 'NONE', #5790, .T. ) ;
#10704 = AXIS2_PLACEMENT_3D ( 'NONE', #8866, #223, #6977 ) ;
#10705 = PLANE ( 'NONE',  #2981 ) ;
#10706 = CIRCLE ( 'NONE', #1909, 0.2000000000000002887 ) ;
#10707 = EDGE_CURVE ( 'NONE', #6633, #3059, #11570, .T. ) ;
#10708 = DIRECTION ( 'NONE',  ( 7.068998164605209111E-17, -0.9999999999999998890, 1.387778780781404260E-16 ) ) ;
#10709 = VERTEX_POINT ( 'NONE', #7410 ) ;
#10710 = EDGE_CURVE ( 'NONE', #4113, #6533, #12297, .T. ) ;
#10711 = ORIENTED_EDGE ( 'NONE', *, *, #2657, .T. ) ;
#10712 = VECTOR ( 'NONE', #413, 1000.000000000000000 ) ;
#10713 = VERTEX_POINT ( 'NONE', #7526 ) ;
#10714 = AXIS2_PLACEMENT_3D ( 'NONE', #1655, #11230, #7217 ) ;
#10715 = CARTESIAN_POINT ( 'NONE',  ( -17.58578643762690774, 0.000000000000000000, -20.00000000000000000 ) ) ;
#10716 = VERTEX_POINT ( 'NONE', #8234 ) ;
#10717 = ADVANCED_FACE ( 'NONE', ( #4475 ), #3475, .T. ) ;
#10718 = DIRECTION ( 'NONE',  ( 0.000000000000000000, 0.000000000000000000, 1.000000000000000000 ) ) ;
#10719 = DIRECTION ( 'NONE',  ( -0.000000000000000000, 1.000000000000000000, -0.000000000000000000 ) ) ;
#10720 = ORIENTED_EDGE ( 'NONE', *, *, #1618, .F. ) ;
#10721 = CARTESIAN_POINT ( 'NONE',  ( -5.251577878682485157, 3.035097204594769060, -13.00000000000000000 ) ) ;
#10722 = ORIENTED_EDGE ( 'NONE', *, *, #1978, .F. ) ;
#10723 = DIRECTION ( 'NONE',  ( 1.000000000000000000, 0.000000000000000000, 0.000000000000000000 ) ) ;
#10724 = LINE ( 'NONE', #1265, #3980 ) ;
#10725 = CIRCLE ( 'NONE', #2129, 5.194999999999998508 ) ;
#10726 = CARTESIAN_POINT ( 'NONE',  ( -20.00000000000000000, 0.000000000000000000, 2.500000000000000000 ) ) ;
#10727 = ORIENTED_EDGE ( 'NONE', *, *, #6545, .F. ) ;
#10728 = VERTEX_POINT ( 'NONE', #7600 ) ;
#10729 = EDGE_CURVE ( 'NONE', #3415, #5823, #966, .T. ) ;
#10730 = CARTESIAN_POINT ( 'NONE',  ( 20.80000000000000426, 32.20000000000000284, 17.58578643762692550 ) ) ;
#10731 = EDGE_LOOP ( 'NONE', ( #123, #515, #3061, #9531 ) ) ;
#10732 = VECTOR ( 'NONE', #11919, 1000.000000000000000 ) ;
#10733 = CARTESIAN_POINT ( 'NONE',  ( 17.58578643762691129, 0.000000000000000000, 20.80000000000000071 ) ) ;
#10734 = CYLINDRICAL_SURFACE ( 'NONE', #3911, 1.975000000000039169 ) ;
#10735 = DIRECTION ( 'NONE',  ( -1.000000000000000000, 0.000000000000000000, -1.121232786067555178E-16 ) ) ;
#10736 = DIRECTION ( 'NONE',  ( 1.000000000000000000, 0.000000000000000000, 0.000000000000000000 ) ) ;
#10737 = CARTESIAN_POINT ( 'NONE',  ( 16.50000000000000355, -16.49999999999998934, 0.000000000000000000 ) ) ;
#10738 = FACE_BOUND ( 'NONE', #10650, .T. ) ;
#10739 = VECTOR ( 'NONE', #12005, 1000.000000000000000 ) ;
#10740 = ORIENTED_EDGE ( 'NONE', *, *, #8400, .F. ) ;
#10741 = ORIENTED_EDGE ( 'NONE', *, *, #9260, .F. ) ;
#10742 = ORIENTED_EDGE ( 'NONE', *, *, #4843, .F. ) ;
#10743 = EDGE_CURVE ( 'NONE', #9109, #4470, #4778, .T. ) ;
#10744 = CARTESIAN_POINT ( 'NONE',  ( 0.000000000000000000, 0.000000000000000000, -13.00000000000001066 ) ) ;
#10745 = ORIENTED_EDGE ( 'NONE', *, *, #10157, .F. ) ;
#10746 = CARTESIAN_POINT ( 'NONE',  ( -10.14589803375031529, 0.000000000000000000, 5.000000000000000000 ) ) ;
#10747 = DIRECTION ( 'NONE',  ( 1.000000000000000000, 0.000000000000000000, 1.121232786067555918E-16 ) ) ;
#10748 = CIRCLE ( 'NONE', #3753, 0.1499999999999999667 ) ;
#10749 = PLANE ( 'NONE',  #8288 ) ;
#10750 = FACE_BOUND ( 'NONE', #7261, .T. ) ;
#10751 = PLANE ( 'NONE',  #12189 ) ;
#10752 = DIRECTION ( 'NONE',  ( 0.000000000000000000, 0.000000000000000000, 1.000000000000000000 ) ) ;
#10753 = LINE ( 'NONE', #2111, #9948 ) ;
#10754 = EDGE_CURVE ( 'NONE', #11787, #11787, #7355, .T. ) ;
#10755 = CIRCLE ( 'NONE', #347, 0.2799999999999979172 ) ;
#10756 = ORIENTED_EDGE ( 'NONE', *, *, #4927, .F. ) ;
#10757 = TOROIDAL_SURFACE ( 'NONE', #11549, 0.8000000000000000444, 0.2000000000000000111 ) ;
#10758 = ORIENTED_EDGE ( 'NONE', *, *, #9808, .T. ) ;
#10759 = EDGE_CURVE ( 'NONE', #2681, #6987, #2900, .T. ) ;
#10760 = SURFACE_STYLE_USAGE ( .BOTH. , #11693 ) ;
#10761 = CARTESIAN_POINT ( 'NONE',  ( 12.82917960675006341, -4.341640786499869620, 5.000000000000000000 ) ) ;
#10762 = ORIENTED_EDGE ( 'NONE', *, *, #9808, .F. ) ;
#10763 = CARTESIAN_POINT ( 'NONE',  ( -20.99999999999999645, 32.20000000000000284, 17.58578643762692195 ) ) ;
#10764 = CARTESIAN_POINT ( 'NONE',  ( -17.58578643762691485, 0.000000000000000000, 21.00000000000000355 ) ) ;
#10765 = CARTESIAN_POINT ( 'NONE',  ( 0.000000000000000000, 0.000000000000000000, -13.00000000000000178 ) ) ;
#10766 = AXIS2_PLACEMENT_3D ( 'NONE', #7290, #8415, #3605 ) ;
#10767 = VECTOR ( 'NONE', #2806, 1000.000000000000000 ) ;
#10768 = CARTESIAN_POINT ( 'NONE',  ( -3.899999999999465228, -0.5189999999998344826, -89.99999999999997158 ) ) ;
#10769 = CIRCLE ( 'NONE', #11162, 1.974999999999993205 ) ;
#10770 = DIRECTION ( 'NONE',  ( 7.068998164605209111E-17, -0.9999999999999998890, 1.387778780781405000E-16 ) ) ;
#10771 = EDGE_CURVE ( 'NONE', #7502, #11500, #9549, .T. ) ;
#10772 = EDGE_LOOP ( 'NONE', ( #5665, #4742, #9038, #10998 ) ) ;
#10773 = EDGE_CURVE ( 'NONE', #8214, #7213, #26, .T. ) ;
#10774 = VECTOR ( 'NONE', #6448, 1000.000000000000000 ) ;
#10775 = PLANE ( 'NONE',  #1576 ) ;
#10776 = AXIS2_PLACEMENT_3D ( 'NONE', #2476, #3336, #11985 ) ;
#10777 = VECTOR ( 'NONE', #1999, 1000.000000000000000 ) ;
#10778 = ORIENTED_EDGE ( 'NONE', *, *, #2132, .T. ) ;
#10779 = AXIS2_PLACEMENT_3D ( 'NONE', #6410, #9303, #3534 ) ;
#10780 = DIRECTION ( 'NONE',  ( -0.000000000000000000, -0.000000000000000000, 1.000000000000000000 ) ) ;
#10781 = DIRECTION ( 'NONE',  ( -0.7071067811865474617, 0.000000000000000000, 0.7071067811865474617 ) ) ;
#10782 = ORIENTED_EDGE ( 'NONE', *, *, #9493, .F. ) ;
#10783 = DIRECTION ( 'NONE',  ( 1.000000000000000000, 0.000000000000000000, -8.260587980841938780E-17 ) ) ;
#10784 = CARTESIAN_POINT ( 'NONE',  ( -18.15147186257614109, 8.000000000000000000, -20.56568542494923690 ) ) ;
#10785 = VERTEX_POINT ( 'NONE', #6655 ) ;
#10786 = CARTESIAN_POINT ( 'NONE',  ( -18.15147186257614109, 0.000000000000000000, -20.56568542494924401 ) ) ;
#10787 = EDGE_LOOP ( 'NONE', ( #7012, #8027, #6274, #6139 ) ) ;
#10788 = CARTESIAN_POINT ( 'NONE',  ( -20.00000000000000355, 8.000000000000000000, -17.58578643762691840 ) ) ;
#10789 = CIRCLE ( 'NONE', #381, 2.500000000000000000 ) ;
#10790 = DIRECTION ( 'NONE',  ( 1.000000000000000000, 0.000000000000000000, 6.650697032498941662E-16 ) ) ;
#10791 = CIRCLE ( 'NONE', #11191, 2.500000000000002220 ) ;
#10792 = VERTEX_POINT ( 'NONE', #5136 ) ;
#10793 = ORIENTED_EDGE ( 'NONE', *, *, #1118, .T. ) ;
#10794 = ADVANCED_FACE ( 'NONE', ( #7781 ), #6951, .T. ) ;
#10795 = VERTEX_POINT ( 'NONE', #5776 ) ;
#10796 = CIRCLE ( 'NONE', #11585, 0.1999999999999987899 ) ;
#10797 = DIRECTION ( 'NONE',  ( 0.000000000000000000, 0.000000000000000000, -1.000000000000000000 ) ) ;
#10798 = VERTEX_POINT ( 'NONE', #4835 ) ;
#10799 = VECTOR ( 'NONE', #6851, 1000.000000000000000 ) ;
#10800 = AXIS2_PLACEMENT_3D ( 'NONE', #5654, #7594, #6650 ) ;
#10801 = CARTESIAN_POINT ( 'NONE',  ( -6.048387499772772458, 0.4559538461277349852, -13.00000000000000000 ) ) ;
#10802 = EDGE_CURVE ( 'NONE', #7016, #7016, #6163, .T. ) ;
#10803 = LINE ( 'NONE', #6022, #2103 ) ;
#10804 = FACE_OUTER_BOUND ( 'NONE', #11480, .T. ) ;
#10805 = CARTESIAN_POINT ( 'NONE',  ( 5.002319821024737934, -1.586198120247338528, -13.00000000000000000 ) ) ;
#10806 = DIRECTION ( 'NONE',  ( 0.000000000000000000, -1.000000000000000000, 0.000000000000000000 ) ) ;
#10807 = EDGE_CURVE ( 'NONE', #9945, #3138, #7561, .T. ) ;
#10808 = CARTESIAN_POINT ( 'NONE',  ( -19.35857864376269077, 40.00000000000000000, 19.35857864376270143 ) ) ;
#10809 = AXIS2_PLACEMENT_3D ( 'NONE', #10370, #11248, #3659 ) ;
#10810 = ORIENTED_EDGE ( 'NONE', *, *, #228, .T. ) ;
#10811 = VERTEX_POINT ( 'NONE', #9614 ) ;
#10812 = CARTESIAN_POINT ( 'NONE',  ( 21.00000000000000355, 39.80000000000000426, 18.00000000000001421 ) ) ;
#10813 = ORIENTED_EDGE ( 'NONE', *, *, #1697, .T. ) ;
#10814 = CARTESIAN_POINT ( 'NONE',  ( -20.99999999999999645, 7.800000000000001599, 20.80000000000000426 ) ) ;
#10815 = CIRCLE ( 'NONE', #10413, 5.195000000000000284 ) ;
#10816 = LINE ( 'NONE', #4291, #7624 ) ;
#10817 = DIRECTION ( 'NONE',  ( -1.000000000000000000, 0.000000000000000000, 0.000000000000000000 ) ) ;
#10818 = DIRECTION ( 'NONE',  ( -0.000000000000000000, -0.000000000000000000, -1.000000000000000000 ) ) ;
#10819 = CARTESIAN_POINT ( 'NONE',  ( -3.099999999999454303, 8.000000000000000000, -870.0000000000000000 ) ) ;
#10820 = PLANE ( 'NONE',  #11359 ) ;
#10821 = CARTESIAN_POINT ( 'NONE',  ( -16.50000000000000000, 16.50000000000000000, -5.000000000000000000 ) ) ;
#10822 = VECTOR ( 'NONE', #121, 1000.000000000000000 ) ;
#10823 = ORIENTED_EDGE ( 'NONE', *, *, #6194, .F. ) ;
#10824 = EDGE_LOOP ( 'NONE', ( #5988, #3792, #10622, #2031 ) ) ;
#10825 = CARTESIAN_POINT ( 'NONE',  ( 20.56568542494923335, 40.00000000000000000, 18.15147186257615886 ) ) ;
#10826 = CYLINDRICAL_SURFACE ( 'NONE', #2787, 0.1500000000000060174 ) ;
#10827 = EDGE_LOOP ( 'NONE', ( #9404 ) ) ;
#10828 = CARTESIAN_POINT ( 'NONE',  ( 1.652117596168439771E-17, 32.20000000000000284, -20.80000000000000071 ) ) ;
#10829 = AXIS2_PLACEMENT_3D ( 'NONE', #6664, #10499, #11501 ) ;
#10830 = CARTESIAN_POINT ( 'NONE',  ( -17.58578643762690774, 32.20000000000000284, -21.00000000000000000 ) ) ;
#10831 = ADVANCED_FACE ( 'NONE', ( #8658 ), #1910, .F. ) ;
#10832 = CARTESIAN_POINT ( 'NONE',  ( -30.00000000000000000, -29.99999999999999289, 5.000000000000000000 ) ) ;
#10833 = DIRECTION ( 'NONE',  ( 0.000000000000000000, 0.000000000000000000, 1.000000000000000000 ) ) ;
#10834 = EDGE_CURVE ( 'NONE', #4917, #9308, #11547, .T. ) ;
#10835 = CYLINDRICAL_SURFACE ( 'NONE', #2923, 0.2000000000000002887 ) ;
#10836 = DIRECTION ( 'NONE',  ( 5.925186700776783986E-17, 5.551115123125792563E-16, -1.000000000000000222 ) ) ;
#10837 = ORIENTED_EDGE ( 'NONE', *, *, #7220, .T. ) ;
#10838 = AXIS2_PLACEMENT_3D ( 'NONE', #11931, #6101, #10940 ) ;
#10839 = CARTESIAN_POINT ( 'NONE',  ( 20.85857864376269433, 32.20000000000000284, 17.85857864376270498 ) ) ;
#10840 = VERTEX_POINT ( 'NONE', #11618 ) ;
#10841 = LINE ( 'NONE', #2261, #1175 ) ;
#10842 = ORIENTED_EDGE ( 'NONE', *, *, #9801, .F. ) ;
#10843 = CARTESIAN_POINT ( 'NONE',  ( 20.70710678118654613, 0.2000000000000000111, 18.29289321881347163 ) ) ;
#10844 = DIRECTION ( 'NONE',  ( 0.000000000000000000, 0.000000000000000000, -1.000000000000000000 ) ) ;
#10845 = ORIENTED_EDGE ( 'NONE', *, *, #1002, .F. ) ;
#10846 = ADVANCED_FACE ( 'NONE', ( #908 ), #8528, .T. ) ;
#10847 = LINE ( 'NONE', #1396, #2257 ) ;
#10848 = ORIENTED_EDGE ( 'NONE', *, *, #8235, .T. ) ;
#10849 = CARTESIAN_POINT ( 'NONE',  ( -19.35857864376269077, 0.2000000000000000111, 19.35857864376270143 ) ) ;
#10850 = EDGE_CURVE ( 'NONE', #9262, #1349, #3971, .T. ) ;
#10851 = EDGE_CURVE ( 'NONE', #6633, #4970, #967, .T. ) ;
#10852 = VECTOR ( 'NONE', #9862, 1000.000000000000000 ) ;
#10853 = DIRECTION ( 'NONE',  ( 0.000000000000000000, 0.000000000000000000, 1.000000000000000000 ) ) ;
#10854 = VERTEX_POINT ( 'NONE', #4268 ) ;
#10855 = EDGE_LOOP ( 'NONE', ( #11002, #5831, #168, #1238 ) ) ;
#10856 = VERTEX_POINT ( 'NONE', #5893 ) ;
#10857 = VECTOR ( 'NONE', #7946, 1000.000000000000114 ) ;
#10858 = DIRECTION ( 'NONE',  ( -1.000000000000000000, 0.000000000000000000, 0.000000000000000000 ) ) ;
#10859 = EDGE_LOOP ( 'NONE', ( #11621, #7509, #7740, #2182 ) ) ;
#10860 = CARTESIAN_POINT ( 'NONE',  ( -2.608811078263816530, -4.665096971974739049, -13.00000000000000000 ) ) ;
#10861 = DIRECTION ( 'NONE',  ( 0.000000000000000000, 0.000000000000000000, 1.000000000000000000 ) ) ;
#10862 = ORIENTED_EDGE ( 'NONE', *, *, #4357, .T. ) ;
#10863 = CARTESIAN_POINT ( 'NONE',  ( -5.195159997428645759, -0.7413101035398966809, -13.00000000000000000 ) ) ;
#10864 = EDGE_CURVE ( 'NONE', #6463, #9081, #12355, .T. ) ;
#10865 = CARTESIAN_POINT ( 'NONE',  ( -4.074351959469354689, -4.811723299439425006, -13.00000000000000000 ) ) ;
#10866 =( NAMED_UNIT ( * ) SI_UNIT ( $, .STERADIAN. ) SOLID_ANGLE_UNIT ( ) );
#10867 = DIRECTION ( 'NONE',  ( -0.000000000000000000, -0.000000000000000000, 1.000000000000000000 ) ) ;
#10868 = VERTEX_POINT ( 'NONE', #3787 ) ;
#10869 = EDGE_LOOP ( 'NONE', ( #7164 ) ) ;
#10870 = EDGE_CURVE ( 'NONE', #9806, #1135, #4964, .T. ) ;
#10871 = ORIENTED_EDGE ( 'NONE', *, *, #5360, .T. ) ;
#10872 = EDGE_LOOP ( 'NONE', ( #2933 ) ) ;
#10873 = DIRECTION ( 'NONE',  ( 0.4997224534898176973, 0.8661855860484616310, 0.000000000000000000 ) ) ;
#10874 = ORIENTED_EDGE ( 'NONE', *, *, #5074, .T. ) ;
#10875 = FACE_OUTER_BOUND ( 'NONE', #12028, .T. ) ;
#10876 = ADVANCED_BREP_SHAPE_REPRESENTATION ( '', ( #9168, #11368 ), #5956 ) ;
#10877 = DIRECTION ( 'NONE',  ( -0.000000000000000000, -1.000000000000000000, -0.000000000000000000 ) ) ;
#10878 = ADVANCED_FACE ( 'NONE', ( #6963 ), #8854, .T. ) ;
#10879 = CARTESIAN_POINT ( 'NONE',  ( 3.414628852343120968, -5.013102338667358104, -2.000000000000000000 ) ) ;
#10880 = LINE ( 'NONE', #2299, #6354 ) ;
#10881 = DIRECTION ( 'NONE',  ( -0.000000000000000000, -0.000000000000000000, 1.000000000000000000 ) ) ;
#10882 = DIRECTION ( 'NONE',  ( 0.000000000000000000, 0.000000000000000000, -1.000000000000000000 ) ) ;
#10883 = LINE ( 'NONE', #8810, #6724 ) ;
#10884 = ORIENTED_EDGE ( 'NONE', *, *, #4930, .F. ) ;
#10885 = ORIENTED_EDGE ( 'NONE', *, *, #7155, .F. ) ;
#10886 = FILL_AREA_STYLE ('',( #7049 ) ) ;
#10887 = ADVANCED_FACE ( 'NONE', ( #9045, #4089 ), #1340, .T. ) ;
#10888 = LINE ( 'NONE', #4179, #4578 ) ;
#10889 = AXIS2_PLACEMENT_3D ( 'NONE', #1503, #491, #5250 ) ;
#10890 = ORIENTED_EDGE ( 'NONE', *, *, #1173, .T. ) ;
#10891 = DIRECTION ( 'NONE',  ( 0.000000000000000000, 0.000000000000000000, 1.000000000000000000 ) ) ;
#10892 = FACE_BOUND ( 'NONE', #7991, .T. ) ;
#10893 = DIRECTION ( 'NONE',  ( 0.000000000000000000, 0.000000000000000000, 1.000000000000000000 ) ) ;
#10894 = CARTESIAN_POINT ( 'NONE',  ( -9.500000000000000000, 3.099999999999909051, -870.0000000000000000 ) ) ;
#10895 = CIRCLE ( 'NONE', #7286, 0.2799999999999981393 ) ;
#10896 = CIRCLE ( 'NONE', #9095, 0.2799999999999994160 ) ;
#10897 = CARTESIAN_POINT ( 'NONE',  ( -12.32169614753736298, 4.067761670440412480, 1106.500000000000000 ) ) ;
#10898 = VERTEX_POINT ( 'NONE', #2284 ) ;
#10899 = CARTESIAN_POINT ( 'NONE',  ( 17.58578643762691840, 8.000000000000000000, -20.00000000000000355 ) ) ;
#10900 = EDGE_CURVE ( 'NONE', #10694, #12020, #5960, .T. ) ;
#10901 = VERTEX_POINT ( 'NONE', #11799 ) ;
#10902 = EDGE_CURVE ( 'NONE', #6533, #10785, #8738, .T. ) ;
#10903 = DIRECTION ( 'NONE',  ( -1.000000000000000000, -1.813805391025462058E-16, 0.000000000000000000 ) ) ;
#10904 = ORIENTED_EDGE ( 'NONE', *, *, #4900, .T. ) ;
#10905 = VECTOR ( 'NONE', #7998, 1000.000000000000000 ) ;
#10906 = CYLINDRICAL_SURFACE ( 'NONE', #11422, 1.975000000000026290 ) ;
#10907 = VECTOR ( 'NONE', #9425, 1000.000000000000000 ) ;
#10908 = FACE_OUTER_BOUND ( 'NONE', #4456, .T. ) ;
#10909 = VERTEX_POINT ( 'NONE', #10805 ) ;
#10910 = DIRECTION ( 'NONE',  ( 0.000000000000000000, 0.000000000000000000, 1.000000000000000000 ) ) ;
#10911 = CARTESIAN_POINT ( 'NONE',  ( -15.50000000000000178, 35.50000000000000711, 15.50000000000000711 ) ) ;
#10912 = DIRECTION ( 'NONE',  ( 0.000000000000000000, -0.000000000000000000, -1.000000000000000000 ) ) ;
#10913 = VERTEX_POINT ( 'NONE', #9091 ) ;
#10914 = VECTOR ( 'NONE', #11474, 1000.000000000000000 ) ;
#10915 = VERTEX_POINT ( 'NONE', #10865 ) ;
#10916 = CIRCLE ( 'NONE', #2899, 0.1999999999999987899 ) ;
#10917 = EDGE_CURVE ( 'NONE', #1542, #5364, #7177, .T. ) ;
#10918 = EDGE_CURVE ( 'NONE', #5410, #5815, #7969, .T. ) ;
#10919 = VERTEX_POINT ( 'NONE', #399 ) ;
#10920 = DIRECTION ( 'NONE',  ( -0.000000000000000000, -0.000000000000000000, 1.000000000000000000 ) ) ;
#10921 = VERTEX_POINT ( 'NONE', #1416 ) ;
#10922 = DIRECTION ( 'NONE',  ( -0.000000000000000000, -0.000000000000000000, 1.000000000000000000 ) ) ;
#10923 = CYLINDRICAL_SURFACE ( 'NONE', #11702, 5.195000000000000284 ) ;
#10924 = EDGE_LOOP ( 'NONE', ( #351 ) ) ;
#10925 = LINE ( 'NONE', #8979, #4830 ) ;
#10926 = LINE ( 'NONE', #2345, #3493 ) ;
#10927 = LINE ( 'NONE', #328, #2189 ) ;
#10928 = CARTESIAN_POINT ( 'NONE',  ( 20.70710678118655323, 39.80000000000000426, -18.29289321881345387 ) ) ;
#10929 = FACE_OUTER_BOUND ( 'NONE', #3885, .T. ) ;
#10930 = ORIENTED_EDGE ( 'NONE', *, *, #8029, .F. ) ;
#10931 = ORIENTED_EDGE ( 'NONE', *, *, #7958, .T. ) ;
#10932 = ADVANCED_FACE ( 'NONE', ( #8915 ), #2226, .T. ) ;
#10933 = ORIENTED_EDGE ( 'NONE', *, *, #6543, .F. ) ;
#10934 = ADVANCED_FACE ( 'NONE', ( #6028 ), #8980, .F. ) ;
#10935 = ORIENTED_EDGE ( 'NONE', *, *, #5710, .T. ) ;
#10936 = CARTESIAN_POINT ( 'NONE',  ( -29.99999999999999289, -20.00000000000000000, 0.000000000000000000 ) ) ;
#10937 = PRODUCT_DEFINITION_SHAPE ( 'NONE', 'NONE',  #10566 ) ;
#10938 = ORIENTED_EDGE ( 'NONE', *, *, #6870, .T. ) ;
#10939 = FACE_OUTER_BOUND ( 'NONE', #4816, .T. ) ;
#10940 = DIRECTION ( 'NONE',  ( -1.000000000000000000, 0.000000000000000000, 0.000000000000000000 ) ) ;
#10941 = DIRECTION ( 'NONE',  ( 1.000000000000000000, 0.000000000000000000, 0.000000000000000000 ) ) ;
#10942 = EDGE_LOOP ( 'NONE', ( #656, #1150, #7721, #9174 ) ) ;
#10943 = CARTESIAN_POINT ( 'NONE',  ( 3.100000000000363798, 8.000000000000000000, -89.99999999999997158 ) ) ;
#10944 = DIRECTION ( 'NONE',  ( 0.000000000000000000, 0.000000000000000000, 1.000000000000000000 ) ) ;
#10945 = CIRCLE ( 'NONE', #7520, 6.304999999999999716 ) ;
#10946 = DIRECTION ( 'NONE',  ( 0.7071067811865475727, -0.7071067811865475727, 0.000000000000000000 ) ) ;
#10947 = DIRECTION ( 'NONE',  ( 1.814564305414994636E-16, -1.000000000000000000, 0.000000000000000000 ) ) ;
#10948 = ORIENTED_EDGE ( 'NONE', *, *, #10917, .T. ) ;
#10949 = EDGE_CURVE ( 'NONE', #10921, #11275, #3347, .T. ) ;
#10950 = EDGE_LOOP ( 'NONE', ( #637, #4161, #6271, #1818, #1742, #9523, #11309, #253, #7031, #9457, #2935, #6311, #3137, #2526, #9423, #8737 ) ) ;
#10951 = CARTESIAN_POINT ( 'NONE',  ( 5.195159997428648424, 0.7413101035398969030, -13.00000000000000000 ) ) ;
#10952 = CYLINDRICAL_SURFACE ( 'NONE', #5779, 2.099999999999997424 ) ;
#10953 = ORIENTED_EDGE ( 'NONE', *, *, #9317, .T. ) ;
#10954 = ADVANCED_FACE ( 'NONE', ( #6148 ), #7086, .T. ) ;
#10955 = DIRECTION ( 'NONE',  ( -0.000000000000000000, -0.000000000000000000, 1.000000000000000000 ) ) ;
#10956 = LINE ( 'NONE', #1373, #9352 ) ;
#10957 = CARTESIAN_POINT ( 'NONE',  ( -1.964042965173693256, 4.809424105956109585, -13.00000000000000000 ) ) ;
#10958 = LINE ( 'NONE', #6250, #9138 ) ;
#10959 = CARTESIAN_POINT ( 'NONE',  ( -20.56568542494923690, 8.000000000000000000, -18.15147186257615530 ) ) ;
#10960 = CIRCLE ( 'NONE', #5539, 0.2000000000000002887 ) ;
#10961 = VECTOR ( 'NONE', #555, 1000.000000000000000 ) ;
#10962 = EDGE_CURVE ( 'NONE', #11865, #126, #10927, .T. ) ;
#10963 = CARTESIAN_POINT ( 'NONE',  ( -6.321696147537353205, -0.4322383295595856878, 1184.000000000000227 ) ) ;
#10964 = ORIENTED_EDGE ( 'NONE', *, *, #9422, .F. ) ;
#10965 = DIRECTION ( 'NONE',  ( -0.000000000000000000, 1.000000000000000000, -0.000000000000000000 ) ) ;
#10966 = VERTEX_POINT ( 'NONE', #2346 ) ;
#10967 = LINE ( 'NONE', #9899, #6367 ) ;
#10968 = ORIENTED_EDGE ( 'NONE', *, *, #10480, .F. ) ;
#10969 = VECTOR ( 'NONE', #9465, 1000.000000000000000 ) ;
#10970 = AXIS2_PLACEMENT_3D ( 'NONE', #1875, #2865, #6858 ) ;
#10971 = CIRCLE ( 'NONE', #4551, 1.974999999999969447 ) ;
#10972 = CARTESIAN_POINT ( 'NONE',  ( -17.58578643762691485, 32.00000000000000000, 20.80000000000000426 ) ) ;
#10973 = DIRECTION ( 'NONE',  ( -1.000000000000000000, 0.000000000000000000, -0.000000000000000000 ) ) ;
#10974 = EDGE_LOOP ( 'NONE', ( #4870, #219, #2340, #2436 ) ) ;
#10975 = PRESENTATION_STYLE_ASSIGNMENT (( #12138 ) ) ;
#10976 = FACE_OUTER_BOUND ( 'NONE', #9969, .T. ) ;
#10977 = DIRECTION ( 'NONE',  ( 0.000000000000000000, 0.000000000000000000, -1.000000000000000000 ) ) ;
#10978 = CARTESIAN_POINT ( 'NONE',  ( 0.000000000000000000, 39.80000000000000426, 2.500000000000000000 ) ) ;
#10979 = VECTOR ( 'NONE', #2014, 1000.000000000000000 ) ;
#10980 = CIRCLE ( 'NONE', #5561, 5.194999999999999396 ) ;
#10981 = STYLED_ITEM ( 'NONE', ( #8296 ), #625 ) ;
#10982 = ORIENTED_EDGE ( 'NONE', *, *, #2736, .T. ) ;
#10983 = VECTOR ( 'NONE', #8110, 1000.000000000000000 ) ;
#10984 = EDGE_LOOP ( 'NONE', ( #4315 ) ) ;
#10985 = DIRECTION ( 'NONE',  ( 0.000000000000000000, -1.000000000000000000, -0.000000000000000000 ) ) ;
#10986 = VERTEX_POINT ( 'NONE', #4278 ) ;
#10987 = FACE_OUTER_BOUND ( 'NONE', #4289, .T. ) ;
#10988 = LINE ( 'NONE', #4336, #2083 ) ;
#10989 = ORIENTED_EDGE ( 'NONE', *, *, #10005, .F. ) ;
#10990 = VECTOR ( 'NONE', #28, 1000.000000000000000 ) ;
#10991 = LINE ( 'NONE', #10863, #5634 ) ;
#10992 = VECTOR ( 'NONE', #5176, 1000.000000000000000 ) ;
#10993 = CARTESIAN_POINT ( 'NONE',  ( 8.500000000000000000, -8.500000000000000000, -870.0000000000000000 ) ) ;
#10994 = FACE_OUTER_BOUND ( 'NONE', #2479, .T. ) ;
#10995 = ADVANCED_FACE ( 'NONE', ( #10994 ), #9103, .T. ) ;
#10996 =( LENGTH_UNIT ( ) NAMED_UNIT ( * ) SI_UNIT ( .MILLI., .METRE. ) );
#10997 = DIRECTION ( 'NONE',  ( -0.000000000000000000, -0.000000000000000000, 1.000000000000000000 ) ) ;
#10998 = ORIENTED_EDGE ( 'NONE', *, *, #11142, .F. ) ;
#10999 = EDGE_LOOP ( 'NONE', ( #8181, #5869, #694, #914 ) ) ;
#11000 = AXIS2_PLACEMENT_3D ( 'NONE', #7996, #11755, #5245 ) ;
#11001 = VECTOR ( 'NONE', #1725, 1000.000000000000000 ) ;
#11002 = ORIENTED_EDGE ( 'NONE', *, *, #6495, .F. ) ;
#11003 = ORIENTED_EDGE ( 'NONE', *, *, #5648, .F. ) ;
#11004 = CARTESIAN_POINT ( 'NONE',  ( 5.125882477357503575, -0.8446027636228191637, -13.00000000000000000 ) ) ;
#11005 = ORIENTED_EDGE ( 'NONE', *, *, #8928, .F. ) ;
#11006 = DIRECTION ( 'NONE',  ( -0.000000000000000000, -0.000000000000000000, -1.000000000000000000 ) ) ;
#11007 = CARTESIAN_POINT ( 'NONE',  ( -8.000000000000000000, -3.099999999999909051, -89.99999999999997158 ) ) ;
#11008 = LINE ( 'NONE', #4167, #11124 ) ;
#11009 = CIRCLE ( 'NONE', #10210, 0.1500000000000029921 ) ;
#11010 = CARTESIAN_POINT ( 'NONE',  ( -21.00000000000000355, 7.800000000000001599, -20.80000000000000426 ) ) ;
#11011 = VECTOR ( 'NONE', #5375, 1000.000000000000114 ) ;
#11012 = EDGE_CURVE ( 'NONE', #10909, #5032, #3575, .T. ) ;
#11013 = DIRECTION ( 'NONE',  ( 0.000000000000000000, -1.000000000000000000, 0.000000000000000000 ) ) ;
#11014 = EDGE_CURVE ( 'NONE', #1208, #3945, #8154, .T. ) ;
#11015 = FACE_OUTER_BOUND ( 'NONE', #4022, .T. ) ;
#11016 = ADVANCED_FACE ( 'NONE', ( #1218 ), #10111, .F. ) ;
#11017 = DIRECTION ( 'NONE',  ( -1.000000000000000000, -1.814564305414994636E-16, 0.000000000000000000 ) ) ;
#11018 = VERTEX_POINT ( 'NONE', #3520 ) ;
#11019 = ORIENTED_EDGE ( 'NONE', *, *, #144, .F. ) ;
#11020 = AXIS2_PLACEMENT_3D ( 'NONE', #7022, #4032, #7838 ) ;
#11021 = CARTESIAN_POINT ( 'NONE',  ( 3.414628852343118748, 5.013102338667354552, -2.000000000000000000 ) ) ;
#11022 = AXIS2_PLACEMENT_3D ( 'NONE', #722, #788, #3604 ) ;
#11023 = DIRECTION ( 'NONE',  ( -0.000000000000000000, -0.000000000000000000, 1.000000000000000000 ) ) ;
#11024 = EDGE_LOOP ( 'NONE', ( #10512, #11351, #11922, #6510 ) ) ;
#11025 = DIRECTION ( 'NONE',  ( 1.000000000000000000, 0.000000000000000000, 0.000000000000000000 ) ) ;
#11026 = CARTESIAN_POINT ( 'NONE',  ( -3.899999999999465672, 2.910000000000252829, -870.0000000000000000 ) ) ;
#11027 = CARTESIAN_POINT ( 'NONE',  ( -3.748380470424706790, 5.536446500142362837, -2.000000000000000000 ) ) ;
#11028 = DIRECTION ( 'NONE',  ( -0.7071067811865474617, 0.000000000000000000, 0.7071067811865474617 ) ) ;
#11029 = EDGE_CURVE ( 'NONE', #3756, #10202, #10390, .T. ) ;
#11030 = AXIS2_PLACEMENT_3D ( 'NONE', #6754, #1837, #3831 ) ;
#11031 = CARTESIAN_POINT ( 'NONE',  ( -4.251801127475944853, 2.984997851321552265, -13.00000000000000000 ) ) ;
#11032 = SHAPE_DEFINITION_REPRESENTATION ( #10937, #6840 ) ;
#11033 = EDGE_LOOP ( 'NONE', ( #421 ) ) ;
#11034 = ADVANCED_FACE ( 'NONE', ( #8274 ), #7333, .F. ) ;
#11035 = FACE_OUTER_BOUND ( 'NONE', #9672, .T. ) ;
#11036 = CARTESIAN_POINT ( 'NONE',  ( -17.58578643762691485, 7.800000000000001599, 21.00000000000000355 ) ) ;
#11037 = CIRCLE ( 'NONE', #6621, 0.1999999999999987899 ) ;
#11038 = ORIENTED_EDGE ( 'NONE', *, *, #2576, .F. ) ;
#11039 = DIRECTION ( 'NONE',  ( -0.000000000000000000, -0.000000000000000000, 1.000000000000000000 ) ) ;
#11040 = LINE ( 'NONE', #2457, #8277 ) ;
#11041 = VERTEX_POINT ( 'NONE', #5406 ) ;
#11042 = DIRECTION ( 'NONE',  ( 0.000000000000000000, 0.000000000000000000, 1.000000000000000000 ) ) ;
#11043 = FACE_OUTER_BOUND ( 'NONE', #8708, .T. ) ;
#11044 = AXIS2_PLACEMENT_3D ( 'NONE', #5775, #6654, #11545 ) ;
#11045 = PRODUCT_DEFINITION_SHAPE ( 'NONE', 'NONE',  #6102 ) ;
#11046 = ORIENTED_EDGE ( 'NONE', *, *, #10034, .T. ) ;
#11047 = ORIENTED_EDGE ( 'NONE', *, *, #9449, .F. ) ;
#11048 = CARTESIAN_POINT ( 'NONE',  ( 2.020752579182559128, -4.948291019506335431, -13.00000000000000000 ) ) ;
#11049 = EDGE_LOOP ( 'NONE', ( #7573, #8474, #2554, #5379 ) ) ;
#11050 = CARTESIAN_POINT ( 'NONE',  ( 9.000000000000000000, 0.000000000000000000, 0.000000000000000000 ) ) ;
#11051 = EDGE_CURVE ( 'NONE', #3775, #9308, #6176, .T. ) ;
#11052 = DIRECTION ( 'NONE',  ( 0.000000000000000000, 0.000000000000000000, 1.000000000000000000 ) ) ;
#11053 = ORIENTED_EDGE ( 'NONE', *, *, #11490, .T. ) ;
#11054 = VECTOR ( 'NONE', #6332, 1000.000000000000000 ) ;
#11055 = LINE ( 'NONE', #6395, #4048 ) ;
#11056 = LINE ( 'NONE', #8334, #11183 ) ;
#11057 = DIRECTION ( 'NONE',  ( 1.000000000000000000, 0.000000000000000000, 0.000000000000000000 ) ) ;
#11058 = DIRECTION ( 'NONE',  ( 1.000000000000000000, 0.000000000000000000, 0.000000000000000000 ) ) ;
#11059 = ORIENTED_EDGE ( 'NONE', *, *, #4180, .T. ) ;
#11060 = VERTEX_POINT ( 'NONE', #7222 ) ;
#11061 = VECTOR ( 'NONE', #11417, 1000.000000000000114 ) ;
#11062 = ORIENTED_EDGE ( 'NONE', *, *, #10606, .T. ) ;
#11063 = EDGE_LOOP ( 'NONE', ( #8165 ) ) ;
#11064 = CARTESIAN_POINT ( 'NONE',  ( 30.00000000000000000, 30.00000000000000711, 5.000000000000000000 ) ) ;
#11065 = EDGE_CURVE ( 'NONE', #9806, #8661, #12097, .T. ) ;
#11066 = ORIENTED_EDGE ( 'NONE', *, *, #6446, .F. ) ;
#11067 = DIRECTION ( 'NONE',  ( -0.000000000000000000, -0.000000000000000000, 1.000000000000000000 ) ) ;
#11068 = ADVANCED_FACE ( 'NONE', ( #2596 ), #8398, .T. ) ;
#11069 = FACE_OUTER_BOUND ( 'NONE', #529, .T. ) ;
#11070 = DIRECTION ( 'NONE',  ( -0.000000000000000000, -0.000000000000000000, -1.000000000000000000 ) ) ;
#11071 = CARTESIAN_POINT ( 'NONE',  ( -3.099999999999454303, 8.000000000000000000, -89.99999999999997158 ) ) ;
#11072 = CARTESIAN_POINT ( 'NONE',  ( -20.56568542494924046, 39.80000000000000426, -18.15147186257615886 ) ) ;
#11073 = CARTESIAN_POINT ( 'NONE',  ( -20.99999999999999645, 32.20000000000000284, 17.58578643762692195 ) ) ;
#11074 = ORIENTED_EDGE ( 'NONE', *, *, #11363, .T. ) ;
#11075 = VERTEX_POINT ( 'NONE', #12044 ) ;
#11076 =( NAMED_UNIT ( * ) PLANE_ANGLE_UNIT ( ) SI_UNIT ( $, .RADIAN. ) );
#11077 = ADVANCED_FACE ( 'NONE', ( #11235 ), #7275, .T. ) ;
#11078 = EDGE_CURVE ( 'NONE', #6384, #1656, #10354, .T. ) ;
#11079 = DIRECTION ( 'NONE',  ( 0.4997224534901452131, -0.8661855860482727820, 0.000000000000000000 ) ) ;
#11080 = ORIENTED_EDGE ( 'NONE', *, *, #4332, .T. ) ;
#11081 = FACE_OUTER_BOUND ( 'NONE', #7096, .T. ) ;
#11082 = DIRECTION ( 'NONE',  ( -0.000000000000000000, -0.000000000000000000, -1.000000000000000000 ) ) ;
#11083 = DIRECTION ( 'NONE',  ( -0.000000000000000000, -0.000000000000000000, -1.000000000000000000 ) ) ;
#11084 = DIRECTION ( 'NONE',  ( -1.000000000000000000, 0.000000000000000000, 0.000000000000000000 ) ) ;
#11085 = CARTESIAN_POINT ( 'NONE',  ( 20.56568542494923690, 8.000000000000000000, 18.15147186257616241 ) ) ;
#11086 = ITEM_DEFINED_TRANSFORMATION ( 'NONE', 'NONE', #6715,  #11368 ) ;
#11087 = VERTEX_POINT ( 'NONE', #9417 ) ;
#11088 = DIRECTION ( 'NONE',  ( -1.000000000000000000, 0.000000000000000000, 0.000000000000000000 ) ) ;
#11089 = ADVANCED_FACE ( 'NONE', ( #10293, #4583 ), #5460, .T. ) ;
#11090 = CARTESIAN_POINT ( 'NONE',  ( -6.048387499772772458, -0.4559538461277344301, -13.00000000000000000 ) ) ;
#11091 = ORIENTED_EDGE ( 'NONE', *, *, #9036, .T. ) ;
#11092 = DIRECTION ( 'NONE',  ( -1.000000000000000000, 0.000000000000000000, 0.000000000000000000 ) ) ;
#11093 = DIRECTION ( 'NONE',  ( 1.000000000000000000, 0.000000000000000000, 0.000000000000000000 ) ) ;
#11094 = ORIENTED_EDGE ( 'NONE', *, *, #4955, .T. ) ;
#11095 = DIRECTION ( 'NONE',  ( 1.000000000000000000, 0.000000000000000000, 0.000000000000000000 ) ) ;
#11096 = VECTOR ( 'NONE', #5067, 1000.000000000000000 ) ;
#11097 = CARTESIAN_POINT ( 'NONE',  ( -10.00000000000000000, 3.599999999999909051, -870.0000000000000000 ) ) ;
#11098 = AXIS2_PLACEMENT_3D ( 'NONE', #12264, #2728, #3820 ) ;
#11099 = ADVANCED_FACE ( 'NONE', ( #1600, #4646 ), #9236, .T. ) ;
#11100 = PLANE ( 'NONE',  #6537 ) ;
#11101 = CARTESIAN_POINT ( 'NONE',  ( 3.250000000000000888, -4.999999999999998224, 0.000000000000000000 ) ) ;
#11102 = ORIENTED_EDGE ( 'NONE', *, *, #10754, .T. ) ;
#11103 = CIRCLE ( 'NONE', #11888, 1.974999999999959455 ) ;
#11104 = ORIENTED_EDGE ( 'NONE', *, *, #7799, .T. ) ;
#11105 = EDGE_CURVE ( 'NONE', #807, #9781, #11056, .T. ) ;
#11106 = VECTOR ( 'NONE', #9744, 1000.000000000000000 ) ;
#11107 = CARTESIAN_POINT ( 'NONE',  ( 20.70000000000000284, 32.00000000000000000, -15.47157287525382507 ) ) ;
#11108 = ORIENTED_EDGE ( 'NONE', *, *, #5475, .T. ) ;
#11109 = DIRECTION ( 'NONE',  ( 0.000000000000000000, 0.000000000000000000, -1.000000000000000000 ) ) ;
#11110 = CARTESIAN_POINT ( 'NONE',  ( -20.56568542494924046, 32.00000000000000000, -18.15147186257615886 ) ) ;
#11111 = ORIENTED_EDGE ( 'NONE', *, *, #926, .F. ) ;
#11112 = DIRECTION ( 'NONE',  ( 0.000000000000000000, 0.000000000000000000, -1.000000000000000000 ) ) ;
#11113 = ADVANCED_FACE ( 'NONE', ( #1718 ), #2651, .T. ) ;
#11114 = CARTESIAN_POINT ( 'NONE',  ( 3.100000000000363798, -8.000000000000000000, -870.0000000000000000 ) ) ;
#11115 = ADVANCED_FACE ( 'NONE', ( #2474 ), #6276, .T. ) ;
#11116 = CARTESIAN_POINT ( 'NONE',  ( 16.50000000000000000, -3.469446951953614189E-15, 5.000000000000000000 ) ) ;
#11117 = AXIS2_PLACEMENT_3D ( 'NONE', #10168, #7330, #647 ) ;
#11118 = DIRECTION ( 'NONE',  ( 0.7071067811865463515, -0.000000000000000000, 0.7071067811865487940 ) ) ;
#11119 = EDGE_LOOP ( 'NONE', ( #4618 ) ) ;
#11120 = ORIENTED_EDGE ( 'NONE', *, *, #10084, .F. ) ;
#11121 = EDGE_LOOP ( 'NONE', ( #8054, #10695, #9900, #6051 ) ) ;
#11122 = DIRECTION ( 'NONE',  ( -0.7071067811865454633, 0.000000000000000000, -0.7071067811865495711 ) ) ;
#11123 = EDGE_LOOP ( 'NONE', ( #9894 ) ) ;
#11124 = VECTOR ( 'NONE', #10006, 1000.000000000000000 ) ;
#11125 = DIRECTION ( 'NONE',  ( 0.7071067811865475727, 0.000000000000000000, -0.7071067811865475727 ) ) ;
#11126 = DIRECTION ( 'NONE',  ( -1.000000000000000000, 0.000000000000000000, -0.000000000000000000 ) ) ;
#11127 = FACE_OUTER_BOUND ( 'NONE', #2258, .T. ) ;
#11128 = CARTESIAN_POINT ( 'NONE',  ( 25.00000000000000355, 0.000000000000000000, 10.00000000000000000 ) ) ;
#11129 = CARTESIAN_POINT ( 'NONE',  ( 20.70710678118654613, 8.000000000000000000, 18.29289321881347163 ) ) ;
#11130 = CARTESIAN_POINT ( 'NONE',  ( -3.784454747031256172, 5.042908611869997948, -13.00000000000000000 ) ) ;
#11131 = ORIENTED_EDGE ( 'NONE', *, *, #9790, .F. ) ;
#11132 = ORIENTED_EDGE ( 'NONE', *, *, #12219, .T. ) ;
#11133 = FACE_OUTER_BOUND ( 'NONE', #9243, .T. ) ;
#11134 = DIRECTION ( 'NONE',  ( 0.000000000000000000, -1.000000000000000000, -0.000000000000000000 ) ) ;
#11135 = EDGE_LOOP ( 'NONE', ( #4139 ) ) ;
#11136 = CIRCLE ( 'NONE', #1934, 8.000000000000000000 ) ;
#11137 = DIRECTION ( 'NONE',  ( 0.000000000000000000, 1.000000000000000000, 0.000000000000000000 ) ) ;
#11138 = CYLINDRICAL_SURFACE ( 'NONE', #1568, 0.2799999999999998601 ) ;
#11139 = CARTESIAN_POINT ( 'NONE',  ( -8.500000000000000000, -8.500000000000000000, -870.0000000000000000 ) ) ;
#11140 = CARTESIAN_POINT ( 'NONE',  ( -1.991491178014988872, -6.382519791421604971, -2.000000000000000000 ) ) ;
#11141 = LINE ( 'NONE', #11031, #10341 ) ;
#11142 = EDGE_CURVE ( 'NONE', #1258, #6061, #3165, .T. ) ;
#11143 = APPLICATION_PROTOCOL_DEFINITION ( 'draft international standard', 'automotive_design', 1998, #9439 ) ;
#11144 = ORIENTED_EDGE ( 'NONE', *, *, #4054, .T. ) ;
#11145 = CIRCLE ( 'NONE', #5333, 8.000000000000000000 ) ;
#11146 = DIRECTION ( 'NONE',  ( 0.8657687109979866902, -0.5004443416174118031, 0.000000000000000000 ) ) ;
#11147 = DIRECTION ( 'NONE',  ( 0.000000000000000000, 0.000000000000000000, 1.000000000000000000 ) ) ;
#11148 = VERTEX_POINT ( 'NONE', #6761 ) ;
#11149 = CYLINDRICAL_SURFACE ( 'NONE', #9679, 2.099999999999997868 ) ;
#11150 = ORIENTED_EDGE ( 'NONE', *, *, #6782, .T. ) ;
#11151 = CARTESIAN_POINT ( 'NONE',  ( 4.374567281301046329, 3.071186432206683747, -13.00000000000000000 ) ) ;
#11152 = CIRCLE ( 'NONE', #10549, 0.2800000000000011924 ) ;
#11153 = CARTESIAN_POINT ( 'NONE',  ( 5.647239797928352623, 2.213496763471848094, -2.000000000000000000 ) ) ;
#11154 = EDGE_CURVE ( 'NONE', #8801, #2803, #3956, .T. ) ;
#11155 = UNCERTAINTY_MEASURE_WITH_UNIT (LENGTH_MEASURE( 1.000000000000000082E-05 ), #8500, 'distance_accuracy_value', 'NONE');
#11156 = ADVANCED_FACE ( 'NONE', ( #4884 ), #1071, .F. ) ;
#11157 = VERTEX_POINT ( 'NONE', #1707 ) ;
#11158 = EDGE_CURVE ( 'NONE', #8243, #11018, #8587, .T. ) ;
#11159 = EDGE_LOOP ( 'NONE', ( #7141 ) ) ;
#11160 = VECTOR ( 'NONE', #2692, 1000.000000000000000 ) ;
#11161 = ORIENTED_EDGE ( 'NONE', *, *, #9786, .F. ) ;
#11162 = AXIS2_PLACEMENT_3D ( 'NONE', #6979, #10818, #2362 ) ;
#11163 = CYLINDRICAL_SURFACE ( 'NONE', #1781, 2.500000000000000000 ) ;
#11164 = ORIENTED_EDGE ( 'NONE', *, *, #806, .T. ) ;
#11165 = DIRECTION ( 'NONE',  ( 0.000000000000000000, 0.000000000000000000, 1.000000000000000000 ) ) ;
#11166 = PLANE ( 'NONE',  #11300 ) ;
#11167 = VERTEX_POINT ( 'NONE', #7586 ) ;
#11168 = PLANE ( 'NONE',  #446 ) ;
#11169 = DIRECTION ( 'NONE',  ( 0.000000000000000000, 0.000000000000000000, 1.000000000000000000 ) ) ;
#11170 = AXIS2_PLACEMENT_3D ( 'NONE', #2548, #11250, #2615 ) ;
#11171 = DIRECTION ( 'NONE',  ( -1.000000000000000000, 0.000000000000000000, 0.000000000000000000 ) ) ;
#11172 = AXIS2_PLACEMENT_3D ( 'NONE', #11872, #7914, #9059 ) ;
#11173 = ADVANCED_FACE ( 'NONE', ( #5760 ), #14, .T. ) ;
#11174 = VERTEX_POINT ( 'NONE', #7335 ) ;
#11175 = EDGE_LOOP ( 'NONE', ( #9280 ) ) ;
#11176 = ORIENTED_EDGE ( 'NONE', *, *, #1961, .F. ) ;
#11177 = EDGE_LOOP ( 'NONE', ( #9821, #6355, #4400, #5112 ) ) ;
#11178 = ADVANCED_FACE ( 'NONE', ( #950 ), #6699, .F. ) ;
#11179 = VECTOR ( 'NONE', #7694, 1000.000000000000000 ) ;
#11180 = CARTESIAN_POINT ( 'NONE',  ( 3.784454747031254840, 5.042908611869998836, -2.000000000000000000 ) ) ;
#11181 = ORIENTED_EDGE ( 'NONE', *, *, #8928, .T. ) ;
#11182 = AXIS2_PLACEMENT_3D ( 'NONE', #3708, #12161, #6585 ) ;
#11183 = VECTOR ( 'NONE', #12156, 1000.000000000000000 ) ;
#11184 = CARTESIAN_POINT ( 'NONE',  ( -6.231729350392678057, -2.422425500083453365, -13.00000000000000000 ) ) ;
#11185 = DIRECTION ( 'NONE',  ( -1.000000000000000000, 0.000000000000000000, 0.000000000000000000 ) ) ;
#11186 = ADVANCED_FACE ( 'NONE', ( #6822 ), #9717, .F. ) ;
#11187 = DIRECTION ( 'NONE',  ( 1.000000000000000000, 0.000000000000000000, 0.000000000000000000 ) ) ;
#11188 = CARTESIAN_POINT ( 'NONE',  ( -20.69999999999999574, 8.000000000000000000, -15.47157287525383218 ) ) ;
#11189 = DIRECTION ( 'NONE',  ( 0.000000000000000000, 0.000000000000000000, 1.000000000000000000 ) ) ;
#11190 = CIRCLE ( 'NONE', #10577, 0.2800000000000003042 ) ;
#11191 = AXIS2_PLACEMENT_3D ( 'NONE', #5686, #9521, #3752 ) ;
#11192 = VECTOR ( 'NONE', #1808, 1000.000000000000000 ) ;
#11193 = ORIENTED_EDGE ( 'NONE', *, *, #10807, .T. ) ;
#11194 = VERTEX_POINT ( 'NONE', #10535 ) ;
#11195 = LINE ( 'NONE', #4540, #7560 ) ;
#11196 = ORIENTED_EDGE ( 'NONE', *, *, #7220, .F. ) ;
#11197 = FACE_OUTER_BOUND ( 'NONE', #8574, .T. ) ;
#11198 = VERTEX_POINT ( 'NONE', #12339 ) ;
#11199 = CIRCLE ( 'NONE', #4394, 2.099999999999997868 ) ;
#11200 = CIRCLE ( 'NONE', #7351, 1.974999999999993650 ) ;
#11201 = EDGE_CURVE ( 'NONE', #2803, #8420, #12171, .T. ) ;
#11202 = CARTESIAN_POINT ( 'NONE',  ( -24.99999999999999645, 5.000000000000000000, -10.00000000000000000 ) ) ;
#11203 = CARTESIAN_POINT ( 'NONE',  ( -0.9749999999999822142, 6.614527269578670321, -13.00000000000000000 ) ) ;
#11204 = CARTESIAN_POINT ( 'NONE',  ( -3.856272480938608638, 3.480975086488782289, -13.00000000000000000 ) ) ;
#11205 = LINE ( 'NONE', #10025, #4000 ) ;
#11206 = CARTESIAN_POINT ( 'NONE',  ( -21.00000000000000355, 39.80000000000000426, -17.58578643762691840 ) ) ;
#11207 = APPLICATION_PROTOCOL_DEFINITION ( 'draft international standard', 'automotive_design', 1998, #6856 ) ;
#11208 = CIRCLE ( 'NONE', #5399, 8.000000000000000000 ) ;
#11209 = VERTEX_POINT ( 'NONE', #3837 ) ;
#11210 = CARTESIAN_POINT ( 'NONE',  ( 5.500000000000000888, -4.999999999999998224, 0.000000000000000000 ) ) ;
#11211 = LINE ( 'NONE', #9271, #588 ) ;
#11212 = ORIENTED_EDGE ( 'NONE', *, *, #11051, .F. ) ;
#11213 = EDGE_CURVE ( 'NONE', #8640, #43, #11536, .T. ) ;
#11214 = EDGE_CURVE ( 'NONE', #9165, #12364, #10960, .T. ) ;
#11215 = DIRECTION ( 'NONE',  ( 0.000000000000000000, 0.000000000000000000, 1.000000000000000000 ) ) ;
#11216 = AXIS2_PLACEMENT_3D ( 'NONE', #1854, #4713, #23 ) ;
#11217 = DIRECTION ( 'NONE',  ( 0.000000000000000000, 0.000000000000000000, 1.000000000000000000 ) ) ;
#11218 = LINE ( 'NONE', #10038, #452 ) ;
#11219 = DIRECTION ( 'NONE',  ( -1.000000000000000000, 0.000000000000000000, 0.000000000000000000 ) ) ;
#11220 = CARTESIAN_POINT ( 'NONE',  ( -19.99999999999999645, 40.00000000000000000, 17.58578643762692195 ) ) ;
#11221 = SHAPE_REPRESENTATION_RELATIONSHIP ( 'NONE' , 'NONE' ,  #3966, #6975 ) ;
#11222 = ORIENTED_EDGE ( 'NONE', *, *, #7265, .F. ) ;
#11223 = CIRCLE ( 'NONE', #4616, 0.1999999999999987899 ) ;
#11224 = ORIENTED_EDGE ( 'NONE', *, *, #2887, .T. ) ;
#11225 = DIRECTION ( 'NONE',  ( 1.000000000000000000, 0.000000000000000000, 0.000000000000000000 ) ) ;
#11226 = VERTEX_POINT ( 'NONE', #9477 ) ;
#11227 = EDGE_CURVE ( 'NONE', #755, #755, #141, .T. ) ;
#11228 = EDGE_CURVE ( 'NONE', #10520, #4673, #10475, .T. ) ;
#11229 = DIRECTION ( 'NONE',  ( 0.000000000000000000, 0.000000000000000000, -1.000000000000000000 ) ) ;
#11230 = DIRECTION ( 'NONE',  ( 0.000000000000000000, 0.000000000000000000, 1.000000000000000000 ) ) ;
#11231 = ORIENTED_EDGE ( 'NONE', *, *, #12287, .F. ) ;
#11232 = CARTESIAN_POINT ( 'NONE',  ( -3.099999999999454303, -8.000000000000000000, -870.0000000000000000 ) ) ;
#11233 = PLANE ( 'NONE',  #5308 ) ;
#11234 = AXIS2_PLACEMENT_3D ( 'NONE', #11443, #8729, #154 ) ;
#11235 = FACE_OUTER_BOUND ( 'NONE', #3480, .T. ) ;
#11236 = PLANE ( 'NONE',  #534 ) ;
#11237 = CARTESIAN_POINT ( 'NONE',  ( 2.910000000000763976, -3.900000000000090949, -870.0000000000000000 ) ) ;
#11238 = ORIENTED_EDGE ( 'NONE', *, *, #11672, .T. ) ;
#11239 = ORIENTED_EDGE ( 'NONE', *, *, #1411, .F. ) ;
#11240 = AXIS2_PLACEMENT_3D ( 'NONE', #8925, #472, #4233 ) ;
#11241 = DIRECTION ( 'NONE',  ( -0.000000000000000000, -0.000000000000000000, -1.000000000000000000 ) ) ;
#11242 = PRODUCT_DEFINITION_SHAPE ( 'NONE', 'NONE',  #12390 ) ;
#11243 = VERTEX_POINT ( 'NONE', #1895 ) ;
#11244 = EDGE_CURVE ( 'NONE', #6154, #3637, #784, .T. ) ;
#11245 = LINE ( 'NONE', #5527, #5 ) ;
#11246 = FACE_OUTER_BOUND ( 'NONE', #5287, .T. ) ;
#11247 = DIRECTION ( 'NONE',  ( -0.7071067811865463515, 0.000000000000000000, -0.7071067811865487940 ) ) ;
#11248 = DIRECTION ( 'NONE',  ( -1.000000000000000000, -0.000000000000000000, -3.325348516249471324E-16 ) ) ;
#11249 = EDGE_CURVE ( 'NONE', #3068, #5939, #67, .T. ) ;
#11250 = DIRECTION ( 'NONE',  ( 0.000000000000000000, 0.000000000000000000, -1.000000000000000000 ) ) ;
#11251 = AXIS2_PLACEMENT_3D ( 'NONE', #590, #5279, #3644 ) ;
#11252 = ORIENTED_EDGE ( 'NONE', *, *, #11790, .F. ) ;
#11253 = ORIENTED_EDGE ( 'NONE', *, *, #11753, .T. ) ;
#11254 = ORIENTED_EDGE ( 'NONE', *, *, #10604, .T. ) ;
#11255 = EDGE_CURVE ( 'NONE', #2797, #645, #3013, .T. ) ;
#11256 = FACE_OUTER_BOUND ( 'NONE', #11606, .T. ) ;
#11257 = AXIS2_PLACEMENT_3D ( 'NONE', #9330, #508, #7262 ) ;
#11258 = VERTEX_POINT ( 'NONE', #5881 ) ;
#11259 = DIRECTION ( 'NONE',  ( -1.000000000000000000, 0.000000000000000000, 0.000000000000000000 ) ) ;
#11260 = DIRECTION ( 'NONE',  ( -1.000000000000000000, 0.000000000000000000, 0.000000000000000000 ) ) ;
#11261 = CARTESIAN_POINT ( 'NONE',  ( -3.414628852343117860, -5.013102338667355440, -2.000000000000000000 ) ) ;
#11262 = CARTESIAN_POINT ( 'NONE',  ( -20.00000000000000355, 7.800000000000001599, -17.58578643762691840 ) ) ;
#11263 = DIRECTION ( 'NONE',  ( 1.000000000000000000, 0.000000000000000000, 0.000000000000000000 ) ) ;
#11264 = CONTEXT_DEPENDENT_SHAPE_REPRESENTATION ( #1527, #9337 ) ;
#11265 = ORIENTED_EDGE ( 'NONE', *, *, #9716, .F. ) ;
#11266 = CARTESIAN_POINT ( 'NONE',  ( 5.251577878682487821, 3.035097204594769948, -2.000000000000000000 ) ) ;
#11267 = CARTESIAN_POINT ( 'NONE',  ( 5.125882477357503575, -0.8446027636228191637, -13.00000000000000000 ) ) ;
#11268 = EDGE_LOOP ( 'NONE', ( #3776, #9406, #4223, #3983 ) ) ;
#11269 = CARTESIAN_POINT ( 'NONE',  ( 5.500000000000397904, -6.489999999999611191, -870.0000000000000000 ) ) ;
#11270 = ADVANCED_FACE ( 'NONE', ( #8457 ), #7513, .T. ) ;
#11271 = CARTESIAN_POINT ( 'NONE',  ( -3.599999999999454303, -9.500000000000000000, -870.0000000000000000 ) ) ;
#11272 = DIRECTION ( 'NONE',  ( -0.7071067811865491270, 0.000000000000000000, 0.7071067811865459074 ) ) ;
#11273 = CARTESIAN_POINT ( 'NONE',  ( 8.000000000000216716, 5.500000000000284217, -870.0000000000000000 ) ) ;
#11274 = CARTESIAN_POINT ( 'NONE',  ( 1.878755766203750621, -4.899949473152688917, -13.00000000000000000 ) ) ;
#11275 = VERTEX_POINT ( 'NONE', #5646 ) ;
#11276 = EDGE_CURVE ( 'NONE', #9295, #8404, #10724, .T. ) ;
#11277 = ORIENTED_EDGE ( 'NONE', *, *, #10864, .F. ) ;
#11278 = CARTESIAN_POINT ( 'NONE',  ( -20.56568542494923690, 40.00000000000000000, 18.15147186257616241 ) ) ;
#11279 = EDGE_LOOP ( 'NONE', ( #8066, #11409, #8281, #2134, #916, #5131, #1078, #9822, #5303, #501, #7647, #4525, #1959, #5479, #10263, #440, #5950, #4735, #2972, #5756, #1556, #7077, #9573, #2537, #9810, #10837, #8142, #7270, #756, #5215, #4498, #10333, #9195, #5019, #10657, #6573, #7354, #6540, #934, #2987, #9733, #5083, #4013, #2820, #8016, #7356, #11708, #8114, #1946, #12268, #7004, #1693, #5948, #2286, #1033, #7820, #9592, #8919, #147, #506, #5855, #8025, #1921, #2311, #11807, #839, #1423, #6651, #84, #5404, #3053, #274, #4664, #10948, #4140, #3219, #5968, #11997, #7619, #2671, #10283, #4155, #5596, #10509, #9789, #8936, #10169, #9574, #1338, #3189, #8460, #2186, #10848, #8509, #11150, #8417, #4257, #9338, #10299, #4198, #4524, #5014, #5983, #11296, #9788, #11613, #11062, #11074, #1809, #11637, #63, #7300 ) ) ;
#11280 = AXIS2_PLACEMENT_3D ( 'NONE', #9147, #5444, #571 ) ;
#11281 = CARTESIAN_POINT ( 'NONE',  ( 20.00000000000000355, 7.800000000000001599, 17.58578643762692550 ) ) ;
#11282 = DIRECTION ( 'NONE',  ( 0.000000000000000000, 0.000000000000000000, 1.000000000000000000 ) ) ;
#11283 = ORIENTED_EDGE ( 'NONE', *, *, #6569, .T. ) ;
#11284 = DIRECTION ( 'NONE',  ( -0.000000000000000000, -1.000000000000000000, -0.000000000000000000 ) ) ;
#11285 = CARTESIAN_POINT ( 'NONE',  ( -5.502858276596624520, 2.453400861598449723, -2.000000000000000000 ) ) ;
#11286 = DIRECTION ( 'NONE',  ( -0.000000000000000000, -0.000000000000000000, 1.000000000000000000 ) ) ;
#11287 = CARTESIAN_POINT ( 'NONE',  ( -27.09999999999999787, 24.99999999999999645, 0.000000000000000000 ) ) ;
#11288 = EDGE_CURVE ( 'NONE', #6383, #6383, #11580, .T. ) ;
#11289 = AXIS2_PLACEMENT_3D ( 'NONE', #173, #11581, #3934 ) ;
#11290 = ORIENTED_EDGE ( 'NONE', *, *, #9412, .F. ) ;
#11291 = EDGE_CURVE ( 'NONE', #10045, #6145, #10755, .T. ) ;
#11292 = AXIS2_PLACEMENT_3D ( 'NONE', #985, #8362, #737 ) ;
#11293 = VERTEX_POINT ( 'NONE', #8902 ) ;
#11294 = LINE ( 'NONE', #8462, #6100 ) ;
#11295 = DIRECTION ( 'NONE',  ( -1.000000000000000000, -0.000000000000000000, 8.260587980841938780E-17 ) ) ;
#11296 = ORIENTED_EDGE ( 'NONE', *, *, #6637, .T. ) ;
#11297 = DIRECTION ( 'NONE',  ( -0.000000000000000000, -0.000000000000000000, -1.000000000000000000 ) ) ;
#11298 = DIRECTION ( 'NONE',  ( 0.000000000000000000, 0.000000000000000000, 1.000000000000000000 ) ) ;
#11299 = CIRCLE ( 'NONE', #502, 1.310500000000000886 ) ;
#11300 = AXIS2_PLACEMENT_3D ( 'NONE', #7272, #457, #8271 ) ;
#11301 = CARTESIAN_POINT ( 'NONE',  ( 6.048387499772775122, 0.4559538461277345966, -13.00000000000000000 ) ) ;
#11302 = CYLINDRICAL_SURFACE ( 'NONE', #11022, 8.000000000000000000 ) ;
#11303 = DIRECTION ( 'NONE',  ( -0.000000000000000000, -1.000000000000000000, -0.000000000000000000 ) ) ;
#11304 = EDGE_CURVE ( 'NONE', #9372, #11907, #9850, .T. ) ;
#11305 = EDGE_CURVE ( 'NONE', #6156, #2066, #11350, .T. ) ;
#11306 = ORIENTED_EDGE ( 'NONE', *, *, #8873, .F. ) ;
#11307 = VECTOR ( 'NONE', #9782, 1000.000000000000227 ) ;
#11308 = ORIENTED_EDGE ( 'NONE', *, *, #4930, .T. ) ;
#11309 = ORIENTED_EDGE ( 'NONE', *, *, #2939, .T. ) ;
#11310 = AXIS2_PLACEMENT_3D ( 'NONE', #2881, #4757, #3893 ) ;
#11311 =( NAMED_UNIT ( * ) PLANE_ANGLE_UNIT ( ) SI_UNIT ( $, .RADIAN. ) );
#11312 = ORIENTED_EDGE ( 'NONE', *, *, #719, .T. ) ;
#11313 = CYLINDRICAL_SURFACE ( 'NONE', #7581, 0.2799999999999998601 ) ;
#11314 = EDGE_LOOP ( 'NONE', ( #562, #3253, #4544, #6973 ) ) ;
#11315 = DIRECTION ( 'NONE',  ( -0.000000000000000000, -0.000000000000000000, -1.000000000000000000 ) ) ;
#11316 = CARTESIAN_POINT ( 'NONE',  ( 3.100000000000363798, 8.000000000000000000, -870.0000000000000000 ) ) ;
#11317 = CARTESIAN_POINT ( 'NONE',  ( -9.500000000000000000, 3.099999999999909051, -870.0000000000000000 ) ) ;
#11318 = DIRECTION ( 'NONE',  ( -0.000000000000000000, -0.000000000000000000, -1.000000000000000000 ) ) ;
#11319 = CARTESIAN_POINT ( 'NONE',  ( 18.15147186257615886, 32.20000000000000284, -20.56568542494924046 ) ) ;
#11320 = CIRCLE ( 'NONE', #5899, 2.499999999999998668 ) ;
#11321 = CARTESIAN_POINT ( 'NONE',  ( -5.500000000000000000, 8.000000000000000000, -89.99999999999997158 ) ) ;
#11322 = EDGE_CURVE ( 'NONE', #9129, #9557, #1566, .T. ) ;
#11323 = EDGE_LOOP ( 'NONE', ( #2774, #6658, #530, #6418 ) ) ;
#11324 = ORIENTED_EDGE ( 'NONE', *, *, #4978, .T. ) ;
#11325 = PLANE ( 'NONE',  #965 ) ;
#11326 = AXIS2_PLACEMENT_3D ( 'NONE', #11800, #1279, #8036 ) ;
#11327 = LINE ( 'NONE', #7489, #3171 ) ;
#11328 = EDGE_CURVE ( 'NONE', #10522, #6338, #4150, .T. ) ;
#11329 = VERTEX_POINT ( 'NONE', #314 ) ;
#11330 = CARTESIAN_POINT ( 'NONE',  ( -29.99999999999999289, -20.00000000000000000, -0.5000000000000000000 ) ) ;
#11331 = CARTESIAN_POINT ( 'NONE',  ( 20.00000000000000355, 32.20000000000000284, 17.58578643762692550 ) ) ;
#11332 = DIRECTION ( 'NONE',  ( -1.000000000000000000, 0.000000000000000000, 0.000000000000000000 ) ) ;
#11333 = DIRECTION ( 'NONE',  ( 0.000000000000000000, 0.000000000000000000, 1.000000000000000000 ) ) ;
#11334 = CARTESIAN_POINT ( 'NONE',  ( 3.900000000000319655, -0.5189999999997791935, -870.0000000000000000 ) ) ;
#11335 = TOROIDAL_SURFACE ( 'NONE', #544, 0.8000000000000000444, 0.2000000000000000111 ) ;
#11336 = ORIENTED_EDGE ( 'NONE', *, *, #4995, .F. ) ;
#11337 = ORIENTED_EDGE ( 'NONE', *, *, #8182, .F. ) ;
#11338 = CARTESIAN_POINT ( 'NONE',  ( -8.500000000000000000, -10.00000000000000000, -870.0000000000000000 ) ) ;
#11339 = EDGE_LOOP ( 'NONE', ( #10810 ) ) ;
#11340 = VECTOR ( 'NONE', #10129, 1000.000000000000000 ) ;
#11341 = CARTESIAN_POINT ( 'NONE',  ( 9.500000000000000000, -3.599999999999909051, -89.99999999999997158 ) ) ;
#11342 = CARTESIAN_POINT ( 'NONE',  ( -5.647239797928350846, 2.213496763471849871, -2.000000000000000000 ) ) ;
#11343 = VERTEX_POINT ( 'NONE', #3258 ) ;
#11344 = LINE ( 'NONE', #2766, #3245 ) ;
#11345 = DIRECTION ( 'NONE',  ( 0.000000000000000000, -1.000000000000000000, 0.000000000000000000 ) ) ;
#11346 = EDGE_CURVE ( 'NONE', #3979, #648, #6205, .T. ) ;
#11347 = CARTESIAN_POINT ( 'NONE',  ( -1.641421356237425577, 0.2000000000000000111, 40.35857864376269077 ) ) ;
#11348 = PLANE ( 'NONE',  #9534 ) ;
#11349 = CARTESIAN_POINT ( 'NONE',  ( 8.000000000000000000, 0.000000000000000000, -13.50000000000001243 ) ) ;
#11350 = CIRCLE ( 'NONE', #5150, 1.000000000000000888 ) ;
#11351 = ORIENTED_EDGE ( 'NONE', *, *, #1731, .F. ) ;
#11352 = AXIS2_PLACEMENT_3D ( 'NONE', #8880, #7743, #5740 ) ;
#11353 = VERTEX_POINT ( 'NONE', #8019 ) ;
#11354 = DIRECTION ( 'NONE',  ( -0.7071067811865474617, 0.000000000000000000, -0.7071067811865474617 ) ) ;
#11355 = CARTESIAN_POINT ( 'NONE',  ( -5.758592769118958898, 2.567417831100119674, -2.000000000000000000 ) ) ;
#11356 = ORIENTED_EDGE ( 'NONE', *, *, #9373, .T. ) ;
#11357 = FACE_BOUND ( 'NONE', #438, .T. ) ;
#11358 = EDGE_CURVE ( 'NONE', #6860, #9065, #7888, .T. ) ;
#11359 = AXIS2_PLACEMENT_3D ( 'NONE', #8112, #12058, #3423 ) ;
#11360 = DIRECTION ( 'NONE',  ( -1.000000000000000000, 0.000000000000000000, 0.000000000000000000 ) ) ;
#11361 = CIRCLE ( 'NONE', #5551, 1.975000000000023626 ) ;
#11362 = AXIS2_PLACEMENT_3D ( 'NONE', #2485, #9120, #475 ) ;
#11363 = EDGE_CURVE ( 'NONE', #9994, #1560, #3147, .T. ) ;
#11364 = DIRECTION ( 'NONE',  ( -1.000000000000000000, 0.000000000000000000, 0.000000000000000000 ) ) ;
#11365 = LINE ( 'NONE', #7601, #5203 ) ;
#11366 = DIRECTION ( 'NONE',  ( 0.000000000000000000, 0.000000000000000000, 1.000000000000000000 ) ) ;
#11367 = AXIS2_PLACEMENT_3D ( 'NONE', #4402, #2338, #10165 ) ;
#11368 = AXIS2_PLACEMENT_3D ( 'NONE', #9153, #5506, #4507 ) ;
#11369 = CIRCLE ( 'NONE', #6961, 0.2800000000000007483 ) ;
#11370 = VERTEX_POINT ( 'NONE', #11904 ) ;
#11371 = CIRCLE ( 'NONE', #12160, 1.000000000000000888 ) ;
#11372 = ORIENTED_EDGE ( 'NONE', *, *, #4539, .F. ) ;
#11373 = CARTESIAN_POINT ( 'NONE',  ( 18.15147186257614820, 32.00000000000000000, 20.56568542494924046 ) ) ;
#11374 = EDGE_LOOP ( 'NONE', ( #2643 ) ) ;
#11375 = LINE ( 'NONE', #34, #5591 ) ;
#11376 = ORIENTED_EDGE ( 'NONE', *, *, #3822, .F. ) ;
#11377 = EDGE_CURVE ( 'NONE', #7972, #2517, #9965, .T. ) ;
#11378 = CARTESIAN_POINT ( 'NONE',  ( -2.909999999999854481, -3.900000000000090949, -89.99999999999997158 ) ) ;
#11379 = ADVANCED_FACE ( 'NONE', ( #9783 ), #9972, .T. ) ;
#11380 = DIRECTION ( 'NONE',  ( 1.000000000000000000, 0.000000000000000000, 0.000000000000000000 ) ) ;
#11381 = ADVANCED_FACE ( 'NONE', ( #8964 ), #382, .T. ) ;
#11382 = AXIS2_PLACEMENT_3D ( 'NONE', #9325, #11147, #2633 ) ;
#11383 = CYLINDRICAL_SURFACE ( 'NONE', #8541, 2.049999999999999822 ) ;
#11384 = FACE_OUTER_BOUND ( 'NONE', #4705, .T. ) ;
#11385 = VECTOR ( 'NONE', #2690, 1000.000000000000000 ) ;
#11386 = AXIS2_PLACEMENT_3D ( 'NONE', #9113, #9053, #4417 ) ;
#11387 = LINE ( 'NONE', #3617, #9403 ) ;
#11388 = AXIS2_PLACEMENT_3D ( 'NONE', #7399, #706, #6455 ) ;
#11389 = CARTESIAN_POINT ( 'NONE',  ( -4.374567281301045441, -3.071186432206678862, -13.00000000000000000 ) ) ;
#11390 = ORIENTED_EDGE ( 'NONE', *, *, #11970, .F. ) ;
#11391 = CONTEXT_DEPENDENT_SHAPE_REPRESENTATION ( #1280, #8230 ) ;
#11392 = EDGE_LOOP ( 'NONE', ( #9035 ) ) ;
#11393 = DIRECTION ( 'NONE',  ( 1.000000000000000000, 0.000000000000000000, 0.000000000000000000 ) ) ;
#11394 = AXIS2_PLACEMENT_3D ( 'NONE', #6794, #11633, #8808 ) ;
#11395 = AXIS2_PLACEMENT_3D ( 'NONE', #2714, #7651, #3904 ) ;
#11396 = CYLINDRICAL_SURFACE ( 'NONE', #1385, 0.1999999999999987899 ) ;
#11397 = ORIENTED_EDGE ( 'NONE', *, *, #7368, .F. ) ;
#11398 = EDGE_CURVE ( 'NONE', #449, #10986, #9031, .T. ) ;
#11399 = DIRECTION ( 'NONE',  ( -0.000000000000000000, -0.000000000000000000, 1.000000000000000000 ) ) ;
#11400 = DIRECTION ( 'NONE',  ( -0.000000000000000000, -0.000000000000000000, 1.000000000000000000 ) ) ;
#11401 = CARTESIAN_POINT ( 'NONE',  ( -3.599999999999282885, 1.709786826009640492E-13, -89.99999999999997158 ) ) ;
#11402 = FACE_OUTER_BOUND ( 'NONE', #9469, .T. ) ;
#11403 = CIRCLE ( 'NONE', #5984, 0.1500000000000004940 ) ;
#11404 = LINE ( 'NONE', #3994, #1145 ) ;
#11405 = VECTOR ( 'NONE', #2915, 1000.000000000000000 ) ;
#11406 = EDGE_CURVE ( 'NONE', #822, #822, #4351, .T. ) ;
#11407 = ORIENTED_EDGE ( 'NONE', *, *, #12064, .T. ) ;
#11408 = ORIENTED_EDGE ( 'NONE', *, *, #10296, .T. ) ;
#11409 = ORIENTED_EDGE ( 'NONE', *, *, #1494, .T. ) ;
#11410 = AXIS2_PLACEMENT_3D ( 'NONE', #3783, #8597, #5774 ) ;
#11411 = DIRECTION ( 'NONE',  ( -1.000000000000000000, 0.000000000000000000, 0.000000000000000000 ) ) ;
#11412 = EDGE_LOOP ( 'NONE', ( #2711, #7711, #1821, #8464 ) ) ;
#11413 = EDGE_CURVE ( 'NONE', #1482, #3260, #5352, .T. ) ;
#11414 = DIRECTION ( 'NONE',  ( -0.000000000000000000, 0.000000000000000000, -1.000000000000000000 ) ) ;
#11415 = DIRECTION ( 'NONE',  ( 0.7071067811865474617, 0.7071067811865474617, 0.000000000000000000 ) ) ;
#11416 = VERTEX_POINT ( 'NONE', #11718 ) ;
#11417 = DIRECTION ( 'NONE',  ( 0.4997224534898178083, 0.8661855860484616310, 0.000000000000000000 ) ) ;
#11418 = CARTESIAN_POINT ( 'NONE',  ( -4.563543104187641752, -4.886375992105138621, -13.00000000000000000 ) ) ;
#11419 = DIRECTION ( 'NONE',  ( -0.7071067811865474617, 0.000000000000000000, -0.7071067811865474617 ) ) ;
#11420 = DIRECTION ( 'NONE',  ( -3.325348516249482664E-16, 1.000000000000000000, 3.491481338843133355E-15 ) ) ;
#11421 = VERTEX_POINT ( 'NONE', #2949 ) ;
#11422 = AXIS2_PLACEMENT_3D ( 'NONE', #9710, #1123, #9777 ) ;
#11423 = ORIENTED_EDGE ( 'NONE', *, *, #3470, .T. ) ;
#11424 = ORIENTED_EDGE ( 'NONE', *, *, #4488, .T. ) ;
#11425 = EDGE_CURVE ( 'NONE', #6338, #1542, #12144, .T. ) ;
#11426 = CARTESIAN_POINT ( 'NONE',  ( 8.500000000000000000, 10.00000000000000000, -870.0000000000000000 ) ) ;
#11427 = PLANE ( 'NONE',  #994 ) ;
#11428 = VERTEX_POINT ( 'NONE', #5016 ) ;
#11429 = FACE_BOUND ( 'NONE', #6337, .T. ) ;
#11430 = CIRCLE ( 'NONE', #5018, 6.304999999999999716 ) ;
#11431 = CARTESIAN_POINT ( 'NONE',  ( 20.70710678118655323, 0.000000000000000000, -18.29289321881345387 ) ) ;
#11432 = CARTESIAN_POINT ( 'NONE',  ( -17.58578643762690774, 32.20000000000000284, -20.00000000000000000 ) ) ;
#11433 = SURFACE_SIDE_STYLE ('',( #2614 ) ) ;
#11434 = LINE ( 'NONE', #1912, #11578 ) ;
#11435 = ADVANCED_FACE ( 'NONE', ( #8841, #3134 ), #8140, .F. ) ;
#11436 = EDGE_LOOP ( 'NONE', ( #7920, #10727, #3124, #10953 ) ) ;
#11437 = ORIENTED_EDGE ( 'NONE', *, *, #8092, .F. ) ;
#11438 = EDGE_CURVE ( 'NONE', #6023, #10131, #5392, .T. ) ;
#11439 = CARTESIAN_POINT ( 'NONE',  ( -3.616390142880778757, 4.818957079542699695, -13.00000000000000000 ) ) ;
#11440 = ORIENTED_EDGE ( 'NONE', *, *, #2576, .T. ) ;
#11441 = DIRECTION ( 'NONE',  ( 1.000000000000000000, 0.000000000000000000, 0.000000000000000000 ) ) ;
#11442 = ORIENTED_EDGE ( 'NONE', *, *, #3822, .T. ) ;
#11443 = CARTESIAN_POINT ( 'NONE',  ( 4.374567281301041888, -3.071186432206673533, -13.00000000000000000 ) ) ;
#11444 = DIRECTION ( 'NONE',  ( 0.000000000000000000, 0.000000000000000000, -1.000000000000000000 ) ) ;
#11445 = AXIS2_PLACEMENT_3D ( 'NONE', #1014, #7761, #8645 ) ;
#11446 = FACE_OUTER_BOUND ( 'NONE', #11024, .T. ) ;
#11447 = CARTESIAN_POINT ( 'NONE',  ( 17.58578643762691129, 8.000000000000000000, 20.80000000000000426 ) ) ;
#11448 = DIRECTION ( 'NONE',  ( 0.000000000000000000, 0.000000000000000000, -1.000000000000000000 ) ) ;
#11449 = DIRECTION ( 'NONE',  ( -0.000000000000000000, -0.000000000000000000, -1.000000000000000000 ) ) ;
#11450 = ORIENTED_EDGE ( 'NONE', *, *, #6892, .T. ) ;
#11451 = CONTEXT_DEPENDENT_SHAPE_REPRESENTATION ( #5982, #6324 ) ;
#11452 = EDGE_CURVE ( 'NONE', #3275, #1067, #12209, .T. ) ;
#11453 = EDGE_LOOP ( 'NONE', ( #8952 ) ) ;
#11454 = EDGE_CURVE ( 'NONE', #9326, #9081, #5932, .T. ) ;
#11455 = CIRCLE ( 'NONE', #10065, 11.00000000000000000 ) ;
#11456 = DIRECTION ( 'NONE',  ( -0.000000000000000000, 1.000000000000000000, 0.000000000000000000 ) ) ;
#11457 = ORIENTED_EDGE ( 'NONE', *, *, #6171, .T. ) ;
#11458 = FACE_OUTER_BOUND ( 'NONE', #6095, .T. ) ;
#11459 = CARTESIAN_POINT ( 'NONE',  ( -18.15147186257615530, 32.00000000000000000, 20.56568542494924046 ) ) ;
#11460 = CYLINDRICAL_SURFACE ( 'NONE', #7872, 0.1500000000000029921 ) ;
#11461 = CARTESIAN_POINT ( 'NONE',  ( 4.074351959469355577, 4.811723299439424117, -2.000000000000000000 ) ) ;
#11462 = ORIENTED_EDGE ( 'NONE', *, *, #8950, .T. ) ;
#11463 = ADVANCED_FACE ( 'NONE', ( #11043 ), #1706, .T. ) ;
#11464 = ORIENTED_EDGE ( 'NONE', *, *, #7329, .T. ) ;
#11465 = ORIENTED_EDGE ( 'NONE', *, *, #8885, .F. ) ;
#11466 = SHAPE_REPRESENTATION ( 'AOB02-H2020-L870', ( #11368 ), #5171 ) ;
#11467 = CARTESIAN_POINT ( 'NONE',  ( 5.597711953606975044, -2.901490286808760199, -13.00000000000000000 ) ) ;
#11468 = VERTEX_POINT ( 'NONE', #6505 ) ;
#11469 = CARTESIAN_POINT ( 'NONE',  ( -17.58578643762691485, 0.000000000000000000, 20.00000000000000355 ) ) ;
#11470 = EDGE_CURVE ( 'NONE', #1724, #3375, #11951, .T. ) ;
#11471 = LINE ( 'NONE', #1839, #7277 ) ;
#11472 = ORIENTED_EDGE ( 'NONE', *, *, #860, .T. ) ;
#11473 = LINE ( 'NONE', #5822, #7640 ) ;
#11474 = DIRECTION ( 'NONE',  ( -9.035018104044459590E-14, -1.000000000000000000, 0.000000000000000000 ) ) ;
#11475 = DIRECTION ( 'NONE',  ( -0.000000000000000000, -0.000000000000000000, 1.000000000000000000 ) ) ;
#11476 =( NAMED_UNIT ( * ) SI_UNIT ( $, .STERADIAN. ) SOLID_ANGLE_UNIT ( ) );
#11477 = VERTEX_POINT ( 'NONE', #10477 ) ;
#11478 = ORIENTED_EDGE ( 'NONE', *, *, #12301, .F. ) ;
#11479 = EDGE_CURVE ( 'NONE', #2639, #2639, #8749, .T. ) ;
#11480 = EDGE_LOOP ( 'NONE', ( #5886, #4862, #10438, #2203 ) ) ;
#11481 = CARTESIAN_POINT ( 'NONE',  ( -17.58578643762690774, 7.800000000000001599, -20.00000000000000000 ) ) ;
#11482 = DIRECTION ( 'NONE',  ( 0.000000000000000000, 0.000000000000000000, 1.000000000000000000 ) ) ;
#11483 = EDGE_LOOP ( 'NONE', ( #3624, #1540, #9636, #12362 ) ) ;
#11484 = DIRECTION ( 'NONE',  ( -0.000000000000000000, -0.000000000000000000, 1.000000000000000000 ) ) ;
#11485 = EDGE_CURVE ( 'NONE', #3756, #4817, #8207, .T. ) ;
#11486 = DIRECTION ( 'NONE',  ( 1.000000000000000000, 0.000000000000000000, 0.000000000000000000 ) ) ;
#11487 = CARTESIAN_POINT ( 'NONE',  ( -6.231729350392690492, 2.422425500083471572, -13.00000000000000000 ) ) ;
#11488 = CIRCLE ( 'NONE', #11289, 0.2799999999999990274 ) ;
#11489 = DIRECTION ( 'NONE',  ( -1.000000000000000000, 0.000000000000000000, 0.000000000000000000 ) ) ;
#11490 = EDGE_CURVE ( 'NONE', #9294, #8920, #8320, .T. ) ;
#11491 = AXIS2_PLACEMENT_3D ( 'NONE', #936, #2930, #10518 ) ;
#11492 = CARTESIAN_POINT ( 'NONE',  ( -8.500000000000000000, 8.500000000000000000, -89.99999999999997158 ) ) ;
#11493 = ORIENTED_EDGE ( 'NONE', *, *, #313, .T. ) ;
#11494 = ORIENTED_EDGE ( 'NONE', *, *, #7159, .F. ) ;
#11495 = FACE_OUTER_BOUND ( 'NONE', #2181, .T. ) ;
#11496 = ORIENTED_EDGE ( 'NONE', *, *, #8865, .F. ) ;
#11497 = AXIS2_PLACEMENT_3D ( 'NONE', #4047, #6847, #1986 ) ;
#11498 = LINE ( 'NONE', #2045, #5202 ) ;
#11499 = AXIS2_PLACEMENT_3D ( 'NONE', #9044, #2049, #11632 ) ;
#11500 = VERTEX_POINT ( 'NONE', #2461 ) ;
#11501 = DIRECTION ( 'NONE',  ( 0.7071067811865474617, 0.000000000000000000, 0.7071067811865474617 ) ) ;
#11502 = DIRECTION ( 'NONE',  ( -0.000000000000000000, 1.000000000000000000, 0.000000000000000000 ) ) ;
#11503 = DIRECTION ( 'NONE',  ( 0.4997224534898176973, 0.8661855860484616310, 0.000000000000000000 ) ) ;
#11504 = DIRECTION ( 'NONE',  ( -1.000000000000000000, 0.000000000000000000, 0.000000000000000000 ) ) ;
#11505 = CARTESIAN_POINT ( 'NONE',  ( -30.00000000000000000, 30.00000000000000711, 0.000000000000000000 ) ) ;
#11506 = FACE_OUTER_BOUND ( 'NONE', #10453, .T. ) ;
#11507 = AXIS2_PLACEMENT_3D ( 'NONE', #11532, #1842, #6582 ) ;
#11508 = CIRCLE ( 'NONE', #7297, 0.2000000000000002887 ) ;
#11509 = ORIENTED_EDGE ( 'NONE', *, *, #5146, .F. ) ;
#11510 = EDGE_LOOP ( 'NONE', ( #7394 ) ) ;
#11511 = CARTESIAN_POINT ( 'NONE',  ( 5.502858276596625409, 2.453400861598447502, -13.00000000000000000 ) ) ;
#11512 = CARTESIAN_POINT ( 'NONE',  ( 5.195159997428644871, -0.7413101035399000116, -13.00000000000000000 ) ) ;
#11513 = EDGE_LOOP ( 'NONE', ( #8798, #8769, #1967, #2095 ) ) ;
#11514 = CARTESIAN_POINT ( 'NONE',  ( 5.500000000000396128, 6.490000000000264890, -870.0000000000000000 ) ) ;
#11515 = DIRECTION ( 'NONE',  ( 1.000000000000000000, 0.000000000000000000, 1.121232786067555178E-16 ) ) ;
#11516 = EDGE_CURVE ( 'NONE', #12215, #643, #4453, .T. ) ;
#11517 = DIRECTION ( 'NONE',  ( 0.000000000000000000, -1.000000000000000000, -0.000000000000000000 ) ) ;
#11518 =( NAMED_UNIT ( * ) SI_UNIT ( $, .STERADIAN. ) SOLID_ANGLE_UNIT ( ) );
#11519 = ORIENTED_EDGE ( 'NONE', *, *, #483, .T. ) ;
#11520 = CIRCLE ( 'NONE', #6515, 0.2000000000000002887 ) ;
#11521 = ORIENTED_EDGE ( 'NONE', *, *, #4196, .F. ) ;
#11522 = VERTEX_POINT ( 'NONE', #6380 ) ;
#11523 = CARTESIAN_POINT ( 'NONE',  ( -2.764715539838036307E-13, 3.600000000000085798, -89.99999999999997158 ) ) ;
#11524 = EDGE_LOOP ( 'NONE', ( #6388, #433, #7115, #3795 ) ) ;
#11525 = DIRECTION ( 'NONE',  ( 0.000000000000000000, -1.000000000000000000, -0.000000000000000000 ) ) ;
#11526 = CYLINDRICAL_SURFACE ( 'NONE', #6866, 2.099999999999997868 ) ;
#11527 = ORIENTED_EDGE ( 'NONE', *, *, #8005, .T. ) ;
#11528 = AXIS2_PLACEMENT_3D ( 'NONE', #2319, #365, #10708 ) ;
#11529 = EDGE_CURVE ( 'NONE', #10282, #10282, #11556, .T. ) ;
#11530 = DIRECTION ( 'NONE',  ( 1.000000000000000000, 0.000000000000000000, 0.000000000000000000 ) ) ;
#11531 = ORIENTED_EDGE ( 'NONE', *, *, #5258, .T. ) ;
#11532 = CARTESIAN_POINT ( 'NONE',  ( -17.58578643762691485, 40.00000000000000000, 20.00000000000000355 ) ) ;
#11533 = EDGE_CURVE ( 'NONE', #1500, #1634, #2562, .T. ) ;
#11534 = VECTOR ( 'NONE', #5312, 1000.000000000000000 ) ;
#11535 = ADVANCED_FACE ( 'NONE', ( #8264 ), #5505, .T. ) ;
#11536 = LINE ( 'NONE', #7644, #6763 ) ;
#11537 = CARTESIAN_POINT ( 'NONE',  ( -3.599999999999454303, -10.00000000000000000, -870.0000000000000000 ) ) ;
#11538 = CARTESIAN_POINT ( 'NONE',  ( 3.250000000000000888, -4.999999999999998224, 5.000000000000000000 ) ) ;
#11539 = ORIENTED_EDGE ( 'NONE', *, *, #11774, .F. ) ;
#11540 = ORIENTED_EDGE ( 'NONE', *, *, #5847, .T. ) ;
#11541 = AXIS2_PLACEMENT_3D ( 'NONE', #6294, #11017, #10947 ) ;
#11542 = DIRECTION ( 'NONE',  ( 1.000000000000000000, 0.000000000000000000, 0.000000000000000000 ) ) ;
#11543 = ORIENTED_EDGE ( 'NONE', *, *, #1362, .F. ) ;
#11544 = DIRECTION ( 'NONE',  ( 1.000000000000000000, 0.000000000000000000, 0.000000000000000000 ) ) ;
#11545 = DIRECTION ( 'NONE',  ( 0.000000000000000000, 0.000000000000000000, -1.000000000000000000 ) ) ;
#11546 = EDGE_CURVE ( 'NONE', #11797, #1580, #9558, .T. ) ;
#11547 = LINE ( 'NONE', #6776, #9183 ) ;
#11548 = CARTESIAN_POINT ( 'NONE',  ( 18.29289321881345742, 39.80000000000000426, 20.70710678118654968 ) ) ;
#11549 = AXIS2_PLACEMENT_3D ( 'NONE', #417, #4239, #11875 ) ;
#11550 = CYLINDRICAL_SURFACE ( 'NONE', #6550, 1.499999999999999556 ) ;
#11551 = EDGE_CURVE ( 'NONE', #5395, #5395, #3551, .T. ) ;
#11552 = EDGE_LOOP ( 'NONE', ( #1052 ) ) ;
#11553 = ORIENTED_EDGE ( 'NONE', *, *, #4858, .F. ) ;
#11554 = DIRECTION ( 'NONE',  ( 0.000000000000000000, 0.000000000000000000, 1.000000000000000000 ) ) ;
#11555 = ORIENTED_EDGE ( 'NONE', *, *, #6242, .T. ) ;
#11556 = CIRCLE ( 'NONE', #4950, 2.500000000000002220 ) ;
#11557 = VECTOR ( 'NONE', #6611, 1000.000000000000000 ) ;
#11558 = ADVANCED_FACE ( 'NONE', ( #12031 ), #11100, .F. ) ;
#11559 = CARTESIAN_POINT ( 'NONE',  ( 8.000000000000216716, 5.500000000000284217, -870.0000000000000000 ) ) ;
#11560 = VERTEX_POINT ( 'NONE', #7320 ) ;
#11561 = DIRECTION ( 'NONE',  ( -0.000000000000000000, -0.000000000000000000, 1.000000000000000000 ) ) ;
#11562 = FACE_OUTER_BOUND ( 'NONE', #765, .T. ) ;
#11563 = FACE_BOUND ( 'NONE', #133, .T. ) ;
#11564 = DIRECTION ( 'NONE',  ( -1.000000000000000000, 0.000000000000000000, 0.000000000000000000 ) ) ;
#11565 = CYLINDRICAL_SURFACE ( 'NONE', #5986, 0.1500000000000004940 ) ;
#11566 = AXIS2_PLACEMENT_3D ( 'NONE', #249, #5817, #4127 ) ;
#11567 = CARTESIAN_POINT ( 'NONE',  ( -17.58578643762690774, 0.1999999999999987899, -21.00000000000000000 ) ) ;
#11568 = VECTOR ( 'NONE', #7350, 1000.000000000000000 ) ;
#11569 = VECTOR ( 'NONE', #3556, 1000.000000000000000 ) ;
#11570 = CIRCLE ( 'NONE', #5751, 0.2000000000000002887 ) ;
#11571 = VERTEX_POINT ( 'NONE', #11153 ) ;
#11572 = VERTEX_POINT ( 'NONE', #754 ) ;
#11573 = CARTESIAN_POINT ( 'NONE',  ( -20.80000000000000426, 39.80000000000000426, -17.58578643762691840 ) ) ;
#11574 = EDGE_CURVE ( 'NONE', #5032, #1560, #1645, .T. ) ;
#11575 = DIRECTION ( 'NONE',  ( 1.000000000000000000, 0.000000000000000000, 0.000000000000000000 ) ) ;
#11576 = CIRCLE ( 'NONE', #7983, 1.975000000000026290 ) ;
#11577 = EDGE_LOOP ( 'NONE', ( #1059 ) ) ;
#11578 = VECTOR ( 'NONE', #2285, 1000.000000000000000 ) ;
#11579 = AXIS2_PLACEMENT_3D ( 'NONE', #3295, #1172, #4991 ) ;
#11580 = CIRCLE ( 'NONE', #5571, 2.500000000000000000 ) ;
#11581 = DIRECTION ( 'NONE',  ( 0.000000000000000000, 0.000000000000000000, 1.000000000000000000 ) ) ;
#11582 = LINE ( 'NONE', #5990, #2360 ) ;
#11583 = DIRECTION ( 'NONE',  ( 1.000000000000000000, 0.000000000000000000, 0.000000000000000000 ) ) ;
#11584 = DIRECTION ( 'NONE',  ( 1.000000000000000000, 0.000000000000000000, 0.000000000000000000 ) ) ;
#11585 = AXIS2_PLACEMENT_3D ( 'NONE', #10698, #6735, #167 ) ;
#11586 = AXIS2_PLACEMENT_3D ( 'NONE', #10461, #4747, #8570 ) ;
#11587 = VECTOR ( 'NONE', #11808, 1000.000000000000000 ) ;
#11588 = VERTEX_POINT ( 'NONE', #283 ) ;
#11589 = LINE ( 'NONE', #182, #12158 ) ;
#11590 = ADVANCED_FACE ( 'NONE', ( #12266 ), #8344, .T. ) ;
#11591 = ORIENTED_EDGE ( 'NONE', *, *, #2233, .F. ) ;
#11592 = EDGE_CURVE ( 'NONE', #10795, #8640, #2753, .T. ) ;
#11593 = CARTESIAN_POINT ( 'NONE',  ( 4.251801127475944853, -2.984997851321551376, -2.000000000000000000 ) ) ;
#11594 = ORIENTED_EDGE ( 'NONE', *, *, #9, .T. ) ;
#11595 = DIRECTION ( 'NONE',  ( -0.000000000000000000, -0.000000000000000000, -1.000000000000000000 ) ) ;
#11596 = DIRECTION ( 'NONE',  ( 0.000000000000000000, 0.000000000000000000, 1.000000000000000000 ) ) ;
#11597 = ORIENTED_EDGE ( 'NONE', *, *, #6918, .F. ) ;
#11598 = VECTOR ( 'NONE', #6607, 1000.000000000000000 ) ;
#11599 = AXIS2_PLACEMENT_3D ( 'NONE', #3924, #7731, #3161 ) ;
#11600 = DIRECTION ( 'NONE',  ( -8.260587980841959734E-17, 0.000000000000000000, -1.000000000000000000 ) ) ;
#11601 = VECTOR ( 'NONE', #391, 1000.000000000000114 ) ;
#11602 = EDGE_LOOP ( 'NONE', ( #132, #6298, #9068, #6209 ) ) ;
#11603 = DIRECTION ( 'NONE',  ( -0.000000000000000000, 1.000000000000000000, 0.000000000000000000 ) ) ;
#11604 = DIRECTION ( 'NONE',  ( 0.7071067811865475727, 0.7071067811865474617, 0.000000000000000000 ) ) ;
#11605 = VERTEX_POINT ( 'NONE', #5827 ) ;
#11606 = EDGE_LOOP ( 'NONE', ( #4317, #4418, #3428, #940 ) ) ;
#11607 = AXIS2_PLACEMENT_3D ( 'NONE', #9428, #5656, #3907 ) ;
#11608 = AXIS2_PLACEMENT_3D ( 'NONE', #4476, #11873, #10126 ) ;
#11609 = EDGE_CURVE ( 'NONE', #9712, #3479, #12326, .T. ) ;
#11610 = EDGE_CURVE ( 'NONE', #10840, #1877, #5630, .T. ) ;
#11611 = ORIENTED_EDGE ( 'NONE', *, *, #4748, .T. ) ;
#11612 = CARTESIAN_POINT ( 'NONE',  ( -20.99999999999999645, 0.1999999999999987899, 20.80000000000000426 ) ) ;
#11613 = ORIENTED_EDGE ( 'NONE', *, *, #4447, .T. ) ;
#11614 = DIRECTION ( 'NONE',  ( 0.000000000000000000, -0.000000000000000000, -1.000000000000000000 ) ) ;
#11615 = CARTESIAN_POINT ( 'NONE',  ( -0.5199999999998036193, 3.900000000000267253, -870.0000000000000000 ) ) ;
#11616 = CARTESIAN_POINT ( 'NONE',  ( 0.000000000000000000, 0.000000000000000000, -2.000000000000000000 ) ) ;
#11617 = AXIS2_PLACEMENT_3D ( 'NONE', #1195, #4072, #6876 ) ;
#11618 = CARTESIAN_POINT ( 'NONE',  ( -5.597711953606976820, -2.901490286808757091, -13.00000000000000000 ) ) ;
#11619 = DIRECTION ( 'NONE',  ( -0.000000000000000000, 1.000000000000000000, -0.000000000000000000 ) ) ;
#11620 = CARTESIAN_POINT ( 'NONE',  ( 15.47157287525381797, 32.00000000000000000, 20.70000000000000284 ) ) ;
#11621 = ORIENTED_EDGE ( 'NONE', *, *, #728, .F. ) ;
#11622 = EDGE_CURVE ( 'NONE', #997, #8829, #4631, .T. ) ;
#11623 = ORIENTED_EDGE ( 'NONE', *, *, #9958, .T. ) ;
#11624 = AXIS2_PLACEMENT_3D ( 'NONE', #8895, #8957, #5935 ) ;
#11625 = DIRECTION ( 'NONE',  ( 1.000000000000000000, 0.000000000000000000, 1.121232786067555178E-16 ) ) ;
#11626 = ORIENTED_EDGE ( 'NONE', *, *, #10544, .T. ) ;
#11627 = CARTESIAN_POINT ( 'NONE',  ( 0.000000000000000000, 0.000000000000000000, -13.00000000000000000 ) ) ;
#11628 = DIRECTION ( 'NONE',  ( 0.000000000000000000, 0.000000000000000000, 1.000000000000000000 ) ) ;
#11629 = EDGE_CURVE ( 'NONE', #8013, #10426, #11404, .T. ) ;
#11630 = DIRECTION ( 'NONE',  ( 0.000000000000000000, 0.000000000000000000, -1.000000000000000000 ) ) ;
#11631 = CARTESIAN_POINT ( 'NONE',  ( -5.502858276596624520, -2.453400861598449278, -2.000000000000000000 ) ) ;
#11632 = DIRECTION ( 'NONE',  ( 1.000000000000000000, 0.000000000000000000, 0.000000000000000000 ) ) ;
#11633 = DIRECTION ( 'NONE',  ( -0.000000000000000000, -0.000000000000000000, 1.000000000000000000 ) ) ;
#11634 = CARTESIAN_POINT ( 'NONE',  ( -8.000000000000000000, -3.099999999999909051, -870.0000000000000000 ) ) ;
#11635 = AXIS2_PLACEMENT_3D ( 'NONE', #4727, #6846, #10683 ) ;
#11636 = DIRECTION ( 'NONE',  ( -1.000000000000000000, 0.000000000000000000, 0.000000000000000000 ) ) ;
#11637 = ORIENTED_EDGE ( 'NONE', *, *, #4707, .T. ) ;
#11638 = EDGE_CURVE ( 'NONE', #10131, #10901, #10407, .T. ) ;
#11639 = ORIENTED_EDGE ( 'NONE', *, *, #1205, .T. ) ;
#11640 = DIRECTION ( 'NONE',  ( 1.000000000000000000, 0.000000000000000000, 0.000000000000000000 ) ) ;
#11641 = FACE_OUTER_BOUND ( 'NONE', #10538, .T. ) ;
#11642 = VECTOR ( 'NONE', #10366, 1000.000000000000000 ) ;
#11643 = ORIENTED_EDGE ( 'NONE', *, *, #2902, .F. ) ;
#11644 = DIRECTION ( 'NONE',  ( 0.000000000000000000, 1.000000000000000000, 0.000000000000000000 ) ) ;
#11645 = DIRECTION ( 'NONE',  ( -0.7071067811865470176, 0.000000000000000000, -0.7071067811865481278 ) ) ;
#11646 = CARTESIAN_POINT ( 'NONE',  ( -4.563543104187643529, 4.886375992105164379, -13.00000000000000000 ) ) ;
#11647 = CARTESIAN_POINT ( 'NONE',  ( 4.984719937775327736, 1.463076259784539479, -13.00000000000000000 ) ) ;
#11648 = CIRCLE ( 'NONE', #11445, 2.099999999999998312 ) ;
#11649 = ORIENTED_EDGE ( 'NONE', *, *, #4414, .F. ) ;
#11650 = VERTEX_POINT ( 'NONE', #6912 ) ;
#11651 = ORIENTED_EDGE ( 'NONE', *, *, #5208, .F. ) ;
#11652 = CARTESIAN_POINT ( 'NONE',  ( 3.600000000000137312, 2.263141083024660222E-13, -870.0000000000000000 ) ) ;
#11653 = ORIENTED_EDGE ( 'NONE', *, *, #7824, .T. ) ;
#11654 = FACE_OUTER_BOUND ( 'NONE', #5918, .T. ) ;
#11655 = CARTESIAN_POINT ( 'NONE',  ( -7.999999999999781508, 5.500000000000284217, -89.99999999999997158 ) ) ;
#11656 = VERTEX_POINT ( 'NONE', #9746 ) ;
#11657 = AXIS2_PLACEMENT_3D ( 'NONE', #8455, #12279, #5644 ) ;
#11658 = FACE_OUTER_BOUND ( 'NONE', #1454, .T. ) ;
#11659 = EDGE_LOOP ( 'NONE', ( #10845, #3606, #11940, #681 ) ) ;
#11660 = CARTESIAN_POINT ( 'NONE',  ( 5.500000000000396128, 8.000000000000000000, -870.0000000000000000 ) ) ;
#11661 = DIRECTION ( 'NONE',  ( 0.000000000000000000, 0.000000000000000000, 1.000000000000000000 ) ) ;
#11662 = EDGE_CURVE ( 'NONE', #10212, #6811, #11746, .T. ) ;
#11663 = CARTESIAN_POINT ( 'NONE',  ( 2.500000000000000000, 0.000000000000000000, -14.80000000000000071 ) ) ;
#11664 = EDGE_LOOP ( 'NONE', ( #8433, #7679, #7278, #4262 ) ) ;
#11665 = ORIENTED_EDGE ( 'NONE', *, *, #2263, .F. ) ;
#11666 = CARTESIAN_POINT ( 'NONE',  ( 8.500000000000000000, 10.00000000000000000, -89.99999999999997158 ) ) ;
#11667 = ORIENTED_EDGE ( 'NONE', *, *, #6374, .F. ) ;
#11668 = CARTESIAN_POINT ( 'NONE',  ( 22.20000000000000284, 3.047372055837125338, -0.5500000000000149214 ) ) ;
#11669 = CARTESIAN_POINT ( 'NONE',  ( -3.856272480938607750, -3.480975086488781844, -13.00000000000000000 ) ) ;
#11670 = DIRECTION ( 'NONE',  ( 1.000000000000000000, 0.000000000000000000, 0.000000000000000000 ) ) ;
#11671 = DIRECTION ( 'NONE',  ( 0.000000000000000000, 0.000000000000000000, 1.000000000000000000 ) ) ;
#11672 = EDGE_CURVE ( 'NONE', #11734, #7972, #9097, .T. ) ;
#11673 = CARTESIAN_POINT ( 'NONE',  ( 5.500000000000397904, -8.000000000000000000, -870.0000000000000000 ) ) ;
#11674 = DIRECTION ( 'NONE',  ( -1.000000000000000000, 0.000000000000000000, 0.000000000000000000 ) ) ;
#11675 = ORIENTED_EDGE ( 'NONE', *, *, #2674, .F. ) ;
#11676 = ORIENTED_EDGE ( 'NONE', *, *, #2509, .F. ) ;
#11677 = DIRECTION ( 'NONE',  ( 1.000000000000000000, 0.000000000000000000, 0.000000000000000000 ) ) ;
#11678 = VERTEX_POINT ( 'NONE', #4106 ) ;
#11679 = CYLINDRICAL_SURFACE ( 'NONE', #8195, 0.1499999999999982181 ) ;
#11680 = DIRECTION ( 'NONE',  ( 0.000000000000000000, 0.000000000000000000, -1.000000000000000000 ) ) ;
#11681 = CIRCLE ( 'NONE', #9707, 1.000000000000000888 ) ;
#11682 = AXIS2_PLACEMENT_3D ( 'NONE', #1183, #110, #4117 ) ;
#11683 = FACE_OUTER_BOUND ( 'NONE', #10383, .T. ) ;
#11684 = LINE ( 'NONE', #2171, #3149 ) ;
#11685 = EDGE_CURVE ( 'NONE', #11863, #164, #5852, .T. ) ;
#11686 = PLANE ( 'NONE',  #3592 ) ;
#11687 = ADVANCED_FACE ( 'NONE', ( #8502, #878 ), #1099, .F. ) ;
#11688 = DIRECTION ( 'NONE',  ( 0.000000000000000000, 0.000000000000000000, 1.000000000000000000 ) ) ;
#11689 = CARTESIAN_POINT ( 'NONE',  ( 0.000000000000000000, 0.000000000000000000, -13.00000000000000000 ) ) ;
#11690 = ORIENTED_EDGE ( 'NONE', *, *, #4916, .T. ) ;
#11691 = ORIENTED_EDGE ( 'NONE', *, *, #6431, .T. ) ;
#11692 = CIRCLE ( 'NONE', #8085, 0.2799999999999990274 ) ;
#11693 = SURFACE_SIDE_STYLE ('',( #7863 ) ) ;
#11694 = DIRECTION ( 'NONE',  ( 0.000000000000000000, 0.000000000000000000, -1.000000000000000000 ) ) ;
#11695 = ORIENTED_EDGE ( 'NONE', *, *, #9695, .F. ) ;
#11696 = DIRECTION ( 'NONE',  ( -0.000000000000000000, -0.000000000000000000, -1.000000000000000000 ) ) ;
#11697 = DIRECTION ( 'NONE',  ( 0.000000000000000000, 1.000000000000000000, 0.000000000000000000 ) ) ;
#11698 = DIRECTION ( 'NONE',  ( 1.000000000000000000, 0.000000000000000000, 0.000000000000000000 ) ) ;
#11699 = AXIS2_PLACEMENT_3D ( 'NONE', #5727, #2675, #11380 ) ;
#11700 = LINE ( 'NONE', #361, #6580 ) ;
#11701 = EDGE_CURVE ( 'NONE', #10222, #10222, #9750, .T. ) ;
#11702 = AXIS2_PLACEMENT_3D ( 'NONE', #6957, #8787, #266 ) ;
#11703 = DIRECTION ( 'NONE',  ( 7.068998164605209111E-17, -0.9999999999999998890, 1.387778780781405000E-16 ) ) ;
#11704 = ORIENTED_EDGE ( 'NONE', *, *, #6394, .F. ) ;
#11705 = EDGE_CURVE ( 'NONE', #4348, #7636, #1163, .T. ) ;
#11706 = LINE ( 'NONE', #3376, #6551 ) ;
#11707 = VECTOR ( 'NONE', #11345, 1000.000000000000000 ) ;
#11708 = ORIENTED_EDGE ( 'NONE', *, *, #7634, .T. ) ;
#11709 = CYLINDRICAL_SURFACE ( 'NONE', #5499, 1.000000000000000888 ) ;
#11710 = DIRECTION ( 'NONE',  ( -0.000000000000000000, -0.000000000000000000, 1.000000000000000000 ) ) ;
#11711 = ORIENTED_EDGE ( 'NONE', *, *, #971, .F. ) ;
#11712 = FACE_OUTER_BOUND ( 'NONE', #8662, .T. ) ;
#11713 = LINE ( 'NONE', #4200, #6896 ) ;
#11714 = ORIENTED_EDGE ( 'NONE', *, *, #11910, .T. ) ;
#11715 = CARTESIAN_POINT ( 'NONE',  ( 3.900000000000319655, 0.5200000000002080736, -870.0000000000000000 ) ) ;
#11716 = ORIENTED_EDGE ( 'NONE', *, *, #5338, .T. ) ;
#11717 = DIRECTION ( 'NONE',  ( -1.000000000000000000, 0.000000000000000000, 0.000000000000000000 ) ) ;
#11718 = CARTESIAN_POINT ( 'NONE',  ( -18.15147186257614464, 32.00000000000000000, -20.56568542494924046 ) ) ;
#11719 = VECTOR ( 'NONE', #10615, 1000.000000000000000 ) ;
#11720 = VERTEX_POINT ( 'NONE', #2333 ) ;
#11721 = ORIENTED_EDGE ( 'NONE', *, *, #3550, .F. ) ;
#11722 = EDGE_LOOP ( 'NONE', ( #3105, #4386, #2851, #2945 ) ) ;
#11723 = DIRECTION ( 'NONE',  ( 1.000000000000000000, 0.000000000000000000, 0.000000000000000000 ) ) ;
#11724 = EDGE_LOOP ( 'NONE', ( #10467, #10572, #5121, #3382 ) ) ;
#11725 =( GEOMETRIC_REPRESENTATION_CONTEXT ( 3 ) GLOBAL_UNCERTAINTY_ASSIGNED_CONTEXT ( ( #2009 ) ) GLOBAL_UNIT_ASSIGNED_CONTEXT ( ( #9832, #5996, #11476 ) ) REPRESENTATION_CONTEXT ( 'NONE', 'WORKASPACE' ) );
#11726 = DIRECTION ( 'NONE',  ( 1.000000000000000000, -3.325348516249470831E-16, 3.325348516249436318E-16 ) ) ;
#11727 = DIRECTION ( 'NONE',  ( -0.000000000000000000, 1.000000000000000000, 0.000000000000000000 ) ) ;
#11728 = DIRECTION ( 'NONE',  ( 1.121232786067555178E-16, 0.000000000000000000, -1.000000000000000000 ) ) ;
#11729 = DIRECTION ( 'NONE',  ( 0.7071067811865474617, 0.000000000000000000, 0.7071067811865474617 ) ) ;
#11730 = DIRECTION ( 'NONE',  ( 1.000000000000000000, 0.000000000000000000, 0.000000000000000000 ) ) ;
#11731 = DIRECTION ( 'NONE',  ( 0.000000000000000000, 0.000000000000000000, 1.000000000000000000 ) ) ;
#11732 = PRODUCT_DEFINITION_FORMATION_WITH_SPECIFIED_SOURCE ( 'ä»', '', #8121, .NOT_KNOWN. ) ;
#11733 = VECTOR ( 'NONE', #4617, 1000.000000000000000 ) ;
#11734 = VERTEX_POINT ( 'NONE', #10691 ) ;
#11735 = ORIENTED_EDGE ( 'NONE', *, *, #6747, .F. ) ;
#11736 = DIRECTION ( 'NONE',  ( 0.000000000000000000, 0.000000000000000000, 1.000000000000000000 ) ) ;
#11737 = ADVANCED_FACE ( 'NONE', ( #2110, #4685 ), #12157, .T. ) ;
#11738 = ORIENTED_EDGE ( 'NONE', *, *, #11986, .T. ) ;
#11739 = LINE ( 'NONE', #410, #192 ) ;
#11740 = ADVANCED_FACE ( 'NONE', ( #229 ), #5979, .T. ) ;
#11741 = DIRECTION ( 'NONE',  ( -1.000000000000000000, 0.000000000000000000, 0.000000000000000000 ) ) ;
#11742 = CIRCLE ( 'NONE', #753, 0.2000000000000002887 ) ;
#11743 = CARTESIAN_POINT ( 'NONE',  ( 10.14589803375031174, 0.000000000000000000, 0.000000000000000000 ) ) ;
#11744 = CARTESIAN_POINT ( 'NONE',  ( -2.909999999999854481, -3.900000000000090949, -89.99999999999997158 ) ) ;
#11745 = DIRECTION ( 'NONE',  ( 0.000000000000000000, 0.000000000000000000, 1.000000000000000000 ) ) ;
#11746 = LINE ( 'NONE', #3044, #150 ) ;
#11747 = FACE_OUTER_BOUND ( 'NONE', #6521, .T. ) ;
#11748 = AXIS2_PLACEMENT_3D ( 'NONE', #11843, #7070, #10912 ) ;
#11749 = EDGE_LOOP ( 'NONE', ( #8624, #703, #5801, #5344 ) ) ;
#11750 = CIRCLE ( 'NONE', #9966, 0.7999999999999986011 ) ;
#11751 = VERTEX_POINT ( 'NONE', #7917 ) ;
#11752 = CYLINDRICAL_SURFACE ( 'NONE', #11579, 0.2800000000000024691 ) ;
#11753 = EDGE_CURVE ( 'NONE', #8534, #9516, #1765, .T. ) ;
#11754 = ADVANCED_FACE ( 'NONE', ( #5297 ), #10820, .T. ) ;
#11755 = DIRECTION ( 'NONE',  ( 0.000000000000000000, 0.000000000000000000, 1.000000000000000000 ) ) ;
#11756 = ADVANCED_FACE ( 'NONE', ( #2487 ), #6106, .T. ) ;
#11757 = VERTEX_POINT ( 'NONE', #4170 ) ;
#11758 = LINE ( 'NONE', #11514, #4091 ) ;
#11759 = DIRECTION ( 'NONE',  ( -0.7071067811865475727, 0.000000000000000000, -0.7071067811865475727 ) ) ;
#11760 = PLANE ( 'NONE',  #10490 ) ;
#11761 = AXIS2_PLACEMENT_3D ( 'NONE', #5169, #10946, #6983 ) ;
#11762 = AXIS2_PLACEMENT_3D ( 'NONE', #11769, #6931, #1316 ) ;
#11763 = LINE ( 'NONE', #242, #12179 ) ;
#11764 = VECTOR ( 'NONE', #1798, 1000.000000000000000 ) ;
#11765 = FILL_AREA_STYLE_COLOUR ( '', #9941 ) ;
#11766 = DIRECTION ( 'NONE',  ( -2.038300084272809041E-17, -1.000000000000000000, -4.996003610813214293E-16 ) ) ;
#11767 = ORIENTED_EDGE ( 'NONE', *, *, #6903, .T. ) ;
#11768 = AXIS2_PLACEMENT_3D ( 'NONE', #3123, #10591, #6003 ) ;
#11769 = CARTESIAN_POINT ( 'NONE',  ( 20.00000000000000355, 8.000000000000000000, -17.58578643762690774 ) ) ;
#11770 = VECTOR ( 'NONE', #7902, 1000.000000000000000 ) ;
#11771 = AXIS2_PLACEMENT_3D ( 'NONE', #11511, #6619, #8625 ) ;
#11772 = ORIENTED_EDGE ( 'NONE', *, *, #1648, .T. ) ;
#11773 = AXIS2_PLACEMENT_3D ( 'NONE', #10422, #10601, #2885 ) ;
#11774 = EDGE_CURVE ( 'NONE', #10898, #699, #5358, .T. ) ;
#11775 = CARTESIAN_POINT ( 'NONE',  ( -3.899999999999465228, -0.5189999999998344826, -870.0000000000000000 ) ) ;
#11776 = EDGE_LOOP ( 'NONE', ( #1470, #5094, #5625, #1847 ) ) ;
#11777 = LINE ( 'NONE', #10843, #10822 ) ;
#11778 = CARTESIAN_POINT ( 'NONE',  ( 15.47157287525383396, 32.00000000000000000, -20.70000000000000284 ) ) ;
#11779 = ORIENTED_EDGE ( 'NONE', *, *, #8412, .T. ) ;
#11780 = DIRECTION ( 'NONE',  ( 0.7071067811865784369, 0.7071067811865167085, 0.000000000000000000 ) ) ;
#11781 = EDGE_LOOP ( 'NONE', ( #1603, #214, #4509, #3033 ) ) ;
#11782 = CARTESIAN_POINT ( 'NONE',  ( -20.80000000000000071, 8.000000000000000000, 1.701681124053438767E-15 ) ) ;
#11783 = ADVANCED_FACE ( 'NONE', ( #11015 ), #8052, .T. ) ;
#11784 = DIRECTION ( 'NONE',  ( 0.7071067811865467956, 0.000000000000000000, -0.7071067811865483499 ) ) ;
#11785 = AXIS2_PLACEMENT_3D ( 'NONE', #12207, #2869, #10405 ) ;
#11786 = VECTOR ( 'NONE', #3221, 1000.000000000000000 ) ;
#11787 = VERTEX_POINT ( 'NONE', #3199 ) ;
#11788 = ORIENTED_EDGE ( 'NONE', *, *, #12110, .F. ) ;
#11789 = VERTEX_POINT ( 'NONE', #7237 ) ;
#11790 = EDGE_CURVE ( 'NONE', #4970, #10357, #9760, .T. ) ;
#11791 = DIRECTION ( 'NONE',  ( -1.000000000000000000, 0.000000000000000000, 0.000000000000000000 ) ) ;
#11792 = ORIENTED_EDGE ( 'NONE', *, *, #3364, .F. ) ;
#11793 = VECTOR ( 'NONE', #8250, 1000.000000000000000 ) ;
#11794 = VECTOR ( 'NONE', #319, 1000.000000000000000 ) ;
#11795 = DIRECTION ( 'NONE',  ( 0.000000000000000000, 0.000000000000000000, 1.000000000000000000 ) ) ;
#11796 = DIRECTION ( 'NONE',  ( -1.000000000000000000, 0.000000000000000000, 0.000000000000000000 ) ) ;
#11797 = VERTEX_POINT ( 'NONE', #1436 ) ;
#11798 = CYLINDRICAL_SURFACE ( 'NONE', #649, 1.000000000000000888 ) ;
#11799 = CARTESIAN_POINT ( 'NONE',  ( -9.500000000000000000, -3.099999999999909051, -870.0000000000000000 ) ) ;
#11800 = CARTESIAN_POINT ( 'NONE',  ( 17.58578643762691129, 32.20000000000000284, 20.00000000000000000 ) ) ;
#11801 = LINE ( 'NONE', #5152, #11770 ) ;
#11802 = VECTOR ( 'NONE', #9376, 1000.000000000000000 ) ;
#11803 = ORIENTED_EDGE ( 'NONE', *, *, #6412, .T. ) ;
#11804 = EDGE_CURVE ( 'NONE', #2223, #1608, #1361, .T. ) ;
#11805 = VERTEX_POINT ( 'NONE', #545 ) ;
#11806 = EDGE_LOOP ( 'NONE', ( #1483 ) ) ;
#11807 = ORIENTED_EDGE ( 'NONE', *, *, #9260, .T. ) ;
#11808 = DIRECTION ( 'NONE',  ( 1.000000000000000000, 0.000000000000000000, 0.000000000000000000 ) ) ;
#11809 = ORIENTED_EDGE ( 'NONE', *, *, #3901, .F. ) ;
#11810 = AXIS2_PLACEMENT_3D ( 'NONE', #6343, #2662, #12172 ) ;
#11811 = DIRECTION ( 'NONE',  ( 0.000000000000000000, 0.000000000000000000, -1.000000000000000000 ) ) ;
#11812 = CARTESIAN_POINT ( 'NONE',  ( 20.70000000000000284, 32.00000000000000000, 15.47157287525382507 ) ) ;
#11813 = DIRECTION ( 'NONE',  ( -0.000000000000000000, -0.000000000000000000, 1.000000000000000000 ) ) ;
#11814 = DIRECTION ( 'NONE',  ( -1.000000000000000000, -0.000000000000000000, -3.325348516249471324E-16 ) ) ;
#11815 = LINE ( 'NONE', #3229, #162 ) ;
#11816 = DIRECTION ( 'NONE',  ( -0.7071067811865495711, -0.000000000000000000, 0.7071067811865454633 ) ) ;
#11817 = ADVANCED_FACE ( 'NONE', ( #1553 ), #11874, .T. ) ;
#11818 = EDGE_CURVE ( 'NONE', #2337, #7636, #10570, .T. ) ;
#11819 = ORIENTED_EDGE ( 'NONE', *, *, #2301, .F. ) ;
#11820 = EDGE_LOOP ( 'NONE', ( #602 ) ) ;
#11821 = DIRECTION ( 'NONE',  ( -1.000000000000000000, 0.000000000000000000, 0.000000000000000000 ) ) ;
#11822 = DIRECTION ( 'NONE',  ( -0.000000000000000000, -0.000000000000000000, 1.000000000000000000 ) ) ;
#11823 = EDGE_LOOP ( 'NONE', ( #11539, #3523, #8778, #6684 ) ) ;
#11824 = CARTESIAN_POINT ( 'NONE',  ( -20.80000000000000426, 0.2000000000000000111, -17.58578643762691840 ) ) ;
#11825 = AXIS2_PLACEMENT_3D ( 'NONE', #7540, #6199, #10035 ) ;
#11826 = CARTESIAN_POINT ( 'NONE',  ( -6.302273656338973851, -0.1853962260019047792, -13.00000000000000000 ) ) ;
#11827 = CARTESIAN_POINT ( 'NONE',  ( -5.195159997428645759, 0.7413101035399000116, -2.000000000000000000 ) ) ;
#11828 = DIRECTION ( 'NONE',  ( -0.7071067811865475727, 0.000000000000000000, -0.7071067811865475727 ) ) ;
#11829 = DIRECTION ( 'NONE',  ( -0.5004443416175766712, 0.8657687109978913220, 0.000000000000000000 ) ) ;
#11830 = EDGE_CURVE ( 'NONE', #12020, #10728, #2571, .T. ) ;
#11831 = ADVANCED_FACE ( 'NONE', ( #6170 ), #5104, .F. ) ;
#11832 = ORIENTED_EDGE ( 'NONE', *, *, #4575, .F. ) ;
#11833 = AXIS2_PLACEMENT_3D ( 'NONE', #8599, #12352, #5834 ) ;
#11834 = DIRECTION ( 'NONE',  ( -0.000000000000000000, -0.000000000000000000, -1.000000000000000000 ) ) ;
#11835 = ORIENTED_EDGE ( 'NONE', *, *, #1107, .T. ) ;
#11836 = CARTESIAN_POINT ( 'NONE',  ( 20.56568542494924046, 0.000000000000000000, 18.15147186257616596 ) ) ;
#11837 = ORIENTED_EDGE ( 'NONE', *, *, #8263, .F. ) ;
#11838 = CARTESIAN_POINT ( 'NONE',  ( 5.500000000000396128, 6.490000000000264890, -89.99999999999997158 ) ) ;
#11839 = FACE_OUTER_BOUND ( 'NONE', #10787, .T. ) ;
#11840 = ORIENTED_EDGE ( 'NONE', *, *, #7349, .T. ) ;
#11841 = CARTESIAN_POINT ( 'NONE',  ( -17.58578643762690774, 39.80000000000000426, -20.00000000000000000 ) ) ;
#11842 = DIRECTION ( 'NONE',  ( -0.7071067811865474617, 0.000000000000000000, 0.7071067811865474617 ) ) ;
#11843 = CARTESIAN_POINT ( 'NONE',  ( 3.600000000000363798, -10.00000000000000000, -870.0000000000000000 ) ) ;
#11844 = EDGE_CURVE ( 'NONE', #3824, #10716, #345, .T. ) ;
#11845 = EDGE_CURVE ( 'NONE', #4874, #8491, #11815, .T. ) ;
#11846 = VERTEX_POINT ( 'NONE', #1468 ) ;
#11847 = ORIENTED_EDGE ( 'NONE', *, *, #8958, .F. ) ;
#11848 = EDGE_LOOP ( 'NONE', ( #10132 ) ) ;
#11849 = EDGE_CURVE ( 'NONE', #10798, #204, #2433, .T. ) ;
#11850 = MECHANICAL_DESIGN_GEOMETRIC_PRESENTATION_REPRESENTATION (  '', ( #8644 ), #12048 ) ;
#11851 = CARTESIAN_POINT ( 'NONE',  ( -5.500000000000000000, 8.000000000000000000, -870.0000000000000000 ) ) ;
#11852 = EDGE_LOOP ( 'NONE', ( #4587, #7695, #1128, #8330 ) ) ;
#11853 = FACE_OUTER_BOUND ( 'NONE', #9176, .T. ) ;
#11854 = CARTESIAN_POINT ( 'NONE',  ( -0.9999999999999965583, -28.00000000000000000, 5.000000000000000000 ) ) ;
#11855 = VERTEX_POINT ( 'NONE', #5237 ) ;
#11856 = DIRECTION ( 'NONE',  ( 0.7071067811865459074, 0.000000000000000000, 0.7071067811865492381 ) ) ;
#11857 = DIRECTION ( 'NONE',  ( 1.000000000000000000, 0.000000000000000000, 0.000000000000000000 ) ) ;
#11858 = DIRECTION ( 'NONE',  ( 0.000000000000000000, 0.000000000000000000, -1.000000000000000000 ) ) ;
#11859 = SURFACE_STYLE_USAGE ( .BOTH. , #2347 ) ;
#11860 = EDGE_CURVE ( 'NONE', #43, #6632, #10069, .T. ) ;
#11861 = CYLINDRICAL_SURFACE ( 'NONE', #7765, 1.974999999999959455 ) ;
#11862 = ORIENTED_EDGE ( 'NONE', *, *, #6026, .T. ) ;
#11863 = VERTEX_POINT ( 'NONE', #478 ) ;
#11864 = EDGE_LOOP ( 'NONE', ( #5247 ) ) ;
#11865 = VERTEX_POINT ( 'NONE', #6235 ) ;
#11866 = EDGE_CURVE ( 'NONE', #4454, #4454, #1970, .T. ) ;
#11867 = PLANE ( 'NONE',  #3992 ) ;
#11868 = VERTEX_POINT ( 'NONE', #1492 ) ;
#11869 = FACE_OUTER_BOUND ( 'NONE', #3486, .T. ) ;
#11870 = DIRECTION ( 'NONE',  ( 0.000000000000000000, 0.000000000000000000, 1.000000000000000000 ) ) ;
#11871 = DIRECTION ( 'NONE',  ( -0.000000000000000000, -1.000000000000000000, -0.000000000000000000 ) ) ;
#11872 = CARTESIAN_POINT ( 'NONE',  ( -20.00000000000000355, 7.800000000000001599, -17.58578643762691840 ) ) ;
#11873 = DIRECTION ( 'NONE',  ( -0.000000000000000000, -0.000000000000000000, 1.000000000000000000 ) ) ;
#11874 = CYLINDRICAL_SURFACE ( 'NONE', #963, 1.000000000000000888 ) ;
#11875 = DIRECTION ( 'NONE',  ( 0.000000000000000000, 0.000000000000000000, -1.000000000000000000 ) ) ;
#11876 = ORIENTED_EDGE ( 'NONE', *, *, #884, .F. ) ;
#11877 = ORIENTED_EDGE ( 'NONE', *, *, #9008, .F. ) ;
#11878 = CARTESIAN_POINT ( 'NONE',  ( -19.99999999999999645, 0.1999999999999987899, 17.58578643762692195 ) ) ;
#11879 = VECTOR ( 'NONE', #8701, 1000.000000000000000 ) ;
#11880 = FACE_OUTER_BOUND ( 'NONE', #4283, .T. ) ;
#11881 = CIRCLE ( 'NONE', #4494, 1.499999999999999556 ) ;
#11882 = EDGE_LOOP ( 'NONE', ( #11005 ) ) ;
#11883 = CARTESIAN_POINT ( 'NONE',  ( -3.599999999999282885, 1.710531353811419813E-13, -89.99999999999997158 ) ) ;
#11884 = CARTESIAN_POINT ( 'NONE',  ( -1.221639864514396434, -6.185517039134985851, -2.000000000000000000 ) ) ;
#11885 = LINE ( 'NONE', #3300, #7287 ) ;
#11886 = FACE_OUTER_BOUND ( 'NONE', #320, .T. ) ;
#11887 = CARTESIAN_POINT ( 'NONE',  ( -3.099999999999454303, 9.500000000000000000, -870.0000000000000000 ) ) ;
#11888 = AXIS2_PLACEMENT_3D ( 'NONE', #8377, #5626, #6500 ) ;
#11889 = AXIS2_PLACEMENT_3D ( 'NONE', #677, #6187, #12068 ) ;
#11890 = CARTESIAN_POINT ( 'NONE',  ( 0.000000000000000000, 0.000000000000000000, 0.000000000000000000 ) ) ;
#11891 = ORIENTED_EDGE ( 'NONE', *, *, #3660, .T. ) ;
#11892 = DIRECTION ( 'NONE',  ( 0.000000000000000000, 0.000000000000000000, -1.000000000000000000 ) ) ;
#11893 = ORIENTED_EDGE ( 'NONE', *, *, #4090, .T. ) ;
#11894 = FACE_OUTER_BOUND ( 'NONE', #1069, .T. ) ;
#11895 = VERTEX_POINT ( 'NONE', #12004 ) ;
#11896 = EDGE_CURVE ( 'NONE', #3059, #2012, #4660, .T. ) ;
#11897 = VECTOR ( 'NONE', #10891, 1000.000000000000000 ) ;
#11898 = DIRECTION ( 'NONE',  ( 1.000000000000000000, -0.000000000000000000, 0.000000000000000000 ) ) ;
#11899 = AXIS2_PLACEMENT_3D ( 'NONE', #7839, #8911, #10861 ) ;
#11900 = CARTESIAN_POINT ( 'NONE',  ( 20.80000000000000426, 32.00000000000000000, -17.58578643762690774 ) ) ;
#11901 = ORIENTED_EDGE ( 'NONE', *, *, #9958, .F. ) ;
#11902 = PLANE ( 'NONE',  #44 ) ;
#11903 = CARTESIAN_POINT ( 'NONE',  ( 18.29289321881346808, 0.2000000000000000111, -20.70710678118654968 ) ) ;
#11904 = CARTESIAN_POINT ( 'NONE',  ( 30.00000000000000711, -20.00000000000000000, 0.000000000000000000 ) ) ;
#11905 = VERTEX_POINT ( 'NONE', #10726 ) ;
#11906 = ORIENTED_EDGE ( 'NONE', *, *, #12342, .T. ) ;
#11907 = VERTEX_POINT ( 'NONE', #4602 ) ;
#11908 = CARTESIAN_POINT ( 'NONE',  ( 0.000000000000000000, 0.000000000000000000, -870.0000000000000000 ) ) ;
#11909 = ORIENTED_EDGE ( 'NONE', *, *, #5347, .T. ) ;
#11910 = EDGE_CURVE ( 'NONE', #8418, #12152, #1675, .T. ) ;
#11911 = EDGE_CURVE ( 'NONE', #11258, #7814, #2722, .T. ) ;
#11912 = DIRECTION ( 'NONE',  ( -0.000000000000000000, 1.000000000000000000, -0.000000000000000000 ) ) ;
#11913 = CARTESIAN_POINT ( 'NONE',  ( -2.909999999999854481, -3.900000000000090949, -870.0000000000000000 ) ) ;
#11914 = ORIENTED_EDGE ( 'NONE', *, *, #11406, .T. ) ;
#11915 = EDGE_CURVE ( 'NONE', #10093, #8836, #5477, .T. ) ;
#11916 = DIRECTION ( 'NONE',  ( -0.7071067811865463515, 0.000000000000000000, -0.7071067811865487940 ) ) ;
#11917 = CARTESIAN_POINT ( 'NONE',  ( -21.00000000000000355, 7.800000000000001599, -21.00000000000000000 ) ) ;
#11918 = DIRECTION ( 'NONE',  ( 0.4472135954999579832, -0.8944271909999157444, 0.000000000000000000 ) ) ;
#11919 = DIRECTION ( 'NONE',  ( -0.000000000000000000, -0.000000000000000000, 1.000000000000000000 ) ) ;
#11920 = CARTESIAN_POINT ( 'NONE',  ( -1.221639864514394436, 6.185517039134985851, -13.00000000000000000 ) ) ;
#11921 = EDGE_LOOP ( 'NONE', ( #9898 ) ) ;
#11922 = ORIENTED_EDGE ( 'NONE', *, *, #4691, .T. ) ;
#11923 = VERTEX_POINT ( 'NONE', #5660 ) ;
#11924 = ORIENTED_EDGE ( 'NONE', *, *, #8383, .T. ) ;
#11925 = COLOUR_RGB ( '',0.7921568627450980005, 0.8196078431372548767, 0.9333333333333333481 ) ;
#11926 = PLANE ( 'NONE',  #987 ) ;
#11927 = PRODUCT_DEFINITION_SHAPE ( 'NONE', 'NONE',  #8560 ) ;
#11928 = ORIENTED_EDGE ( 'NONE', *, *, #8975, .T. ) ;
#11929 = EDGE_CURVE ( 'NONE', #5593, #6497, #6162, .T. ) ;
#11930 = CARTESIAN_POINT ( 'NONE',  ( -12.82917960675006164, -4.341640786499874949, 0.000000000000000000 ) ) ;
#11931 = CARTESIAN_POINT ( 'NONE',  ( 4.374567281301041888, -3.071186432206673533, -13.00000000000000000 ) ) ;
#11932 = LINE ( 'NONE', #5459, #10712 ) ;
#11933 = LINE ( 'NONE', #41, #3338 ) ;
#11934 = DIRECTION ( 'NONE',  ( -0.000000000000000000, -0.000000000000000000, 1.000000000000000000 ) ) ;
#11935 = CARTESIAN_POINT ( 'NONE',  ( 37.60000000000000853, 3.449999999999994849, 0.9526279441628847655 ) ) ;
#11936 = EDGE_CURVE ( 'NONE', #499, #2276, #9305, .T. ) ;
#11937 = DIRECTION ( 'NONE',  ( -1.000000000000000000, 0.000000000000000000, 0.000000000000000000 ) ) ;
#11938 = DIRECTION ( 'NONE',  ( 1.000000000000000000, 0.000000000000000000, 0.000000000000000000 ) ) ;
#11939 = ORIENTED_EDGE ( 'NONE', *, *, #9063, .T. ) ;
#11940 = ORIENTED_EDGE ( 'NONE', *, *, #7036, .T. ) ;
#11941 = EDGE_CURVE ( 'NONE', #2114, #10553, #1800, .T. ) ;
#11942 = DIRECTION ( 'NONE',  ( 0.000000000000000000, 1.000000000000000000, 3.502807018799315403E-15 ) ) ;
#11943 = AXIS2_PLACEMENT_3D ( 'NONE', #11389, #11449, #8620 ) ;
#11944 = LINE ( 'NONE', #10761, #9730 ) ;
#11945 = EDGE_LOOP ( 'NONE', ( #8272, #11690, #7227, #5687 ) ) ;
#11946 = CARTESIAN_POINT ( 'NONE',  ( 20.70710678118655323, 0.2000000000000000111, -18.29289321881345387 ) ) ;
#11947 = DIRECTION ( 'NONE',  ( -1.000000000000000000, 0.000000000000000000, 0.000000000000000000 ) ) ;
#11948 = DIRECTION ( 'NONE',  ( -1.000000000000000000, 0.000000000000000000, 0.000000000000000000 ) ) ;
#11949 = CARTESIAN_POINT ( 'NONE',  ( 5.597711953606975044, -2.901490286808760644, -2.000000000000000000 ) ) ;
#11950 = CARTESIAN_POINT ( 'NONE',  ( 18.29289321881346808, 40.00000000000000000, -20.70710678118654968 ) ) ;
#11951 = CIRCLE ( 'NONE', #954, 0.1499999999999938882 ) ;
#11952 = CIRCLE ( 'NONE', #6538, 0.7999999999999986011 ) ;
#11953 = APPLICATION_PROTOCOL_DEFINITION ( 'draft international standard', 'automotive_design', 1998, #8540 ) ;
#11954 = ORIENTED_EDGE ( 'NONE', *, *, #841, .F. ) ;
#11955 = EDGE_CURVE ( 'NONE', #1067, #1270, #3721, .T. ) ;
#11956 = CARTESIAN_POINT ( 'NONE',  ( -2.608811078263818306, 4.665096971974748818, -13.00000000000000000 ) ) ;
#11957 = ORIENTED_EDGE ( 'NONE', *, *, #1747, .F. ) ;
#11958 = CARTESIAN_POINT ( 'NONE',  ( -2.000000000000000888, 49.00000000000000000, -1.499999999999999334 ) ) ;
#11959 = EDGE_LOOP ( 'NONE', ( #10871, #9004, #4697, #11704 ) ) ;
#11960 = VECTOR ( 'NONE', #2039, 1000.000000000000000 ) ;
#11961 = TOROIDAL_SURFACE ( 'NONE', #4561, 0.8000000000000000444, 0.2000000000000000111 ) ;
#11962 = AXIS2_PLACEMENT_3D ( 'NONE', #9264, #736, #7362 ) ;
#11963 = LINE ( 'NONE', #11378, #8021 ) ;
#11964 = LINE ( 'NONE', #8202, #102 ) ;
#11965 = ORIENTED_EDGE ( 'NONE', *, *, #5296, .T. ) ;
#11966 = DIRECTION ( 'NONE',  ( -0.000000000000000000, -0.000000000000000000, -1.000000000000000000 ) ) ;
#11967 = DIRECTION ( 'NONE',  ( 0.000000000000000000, 0.000000000000000000, 1.000000000000000000 ) ) ;
#11968 = CARTESIAN_POINT ( 'NONE',  ( 0.000000000000000000, 39.89999999999999858, 17.50000000000000355 ) ) ;
#11969 = AXIS2_PLACEMENT_3D ( 'NONE', #3828, #10345, #11411 ) ;
#11970 = EDGE_CURVE ( 'NONE', #11157, #11157, #8967, .T. ) ;
#11971 = ORIENTED_EDGE ( 'NONE', *, *, #5682, .T. ) ;
#11972 = CIRCLE ( 'NONE', #11172, 1.000000000000000888 ) ;
#11973 = EDGE_CURVE ( 'NONE', #8969, #1863, #5602, .T. ) ;
#11974 = EDGE_LOOP ( 'NONE', ( #5139, #9453, #1275, #4195 ) ) ;
#11975 = DIRECTION ( 'NONE',  ( -0.7071067811865474617, 0.000000000000000000, 0.7071067811865474617 ) ) ;
#11976 = ORIENTED_EDGE ( 'NONE', *, *, #9161, .T. ) ;
#11977 = DIRECTION ( 'NONE',  ( 1.000000000000000000, 0.000000000000000000, 0.000000000000000000 ) ) ;
#11978 = DIRECTION ( 'NONE',  ( -1.000000000000000000, 0.000000000000000000, 0.000000000000000000 ) ) ;
#11979 = ORIENTED_EDGE ( 'NONE', *, *, #10480, .T. ) ;
#11980 = DIRECTION ( 'NONE',  ( 0.000000000000000000, 0.000000000000000000, -1.000000000000000000 ) ) ;
#11981 = CIRCLE ( 'NONE', #1794, 0.1999999999999987899 ) ;
#11982 = AXIS2_PLACEMENT_3D ( 'NONE', #651, #770, #4520 ) ;
#11983 = CARTESIAN_POINT ( 'NONE',  ( 20.80000000000000426, 32.00000000000000000, 17.58578643762692550 ) ) ;
#11984 = CARTESIAN_POINT ( 'NONE',  ( -20.00000000000000000, 0.000000000000000000, 0.000000000000000000 ) ) ;
#11985 = DIRECTION ( 'NONE',  ( -1.000000000000000000, 0.000000000000000000, 0.000000000000000000 ) ) ;
#11986 = EDGE_CURVE ( 'NONE', #11353, #3539, #668, .T. ) ;
#11987 = ORIENTED_EDGE ( 'NONE', *, *, #11609, .F. ) ;
#11988 = EDGE_CURVE ( 'NONE', #8243, #807, #2380, .T. ) ;
#11989 = ORIENTED_EDGE ( 'NONE', *, *, #9858, .F. ) ;
#11990 = EDGE_CURVE ( 'NONE', #1607, #2150, #9368, .T. ) ;
#11991 = VECTOR ( 'NONE', #3932, 1000.000000000000000 ) ;
#11992 = VECTOR ( 'NONE', #9585, 1000.000000000000000 ) ;
#11993 = AXIS2_PLACEMENT_3D ( 'NONE', #2468, #10920, #9159 ) ;
#11994 = ORIENTED_EDGE ( 'NONE', *, *, #5681, .T. ) ;
#11995 = VERTEX_POINT ( 'NONE', #723 ) ;
#11996 = CARTESIAN_POINT ( 'NONE',  ( -4.127586995253214042, -4.444537192309537588, -13.00000000000000000 ) ) ;
#11997 = ORIENTED_EDGE ( 'NONE', *, *, #2919, .T. ) ;
#11998 = CARTESIAN_POINT ( 'NONE',  ( -2.535598419378958912, 4.534177505969845257, -13.00000000000000000 ) ) ;
#11999 = FACE_OUTER_BOUND ( 'NONE', #2538, .T. ) ;
#12000 = AXIS2_PLACEMENT_3D ( 'NONE', #2852, #3728, #8542 ) ;
#12001 = DIRECTION ( 'NONE',  ( -1.000000000000000000, -0.000000000000000000, -0.000000000000000000 ) ) ;
#12002 = CIRCLE ( 'NONE', #393, 5.195000000000000284 ) ;
#12003 = DIRECTION ( 'NONE',  ( -0.000000000000000000, -0.000000000000000000, 1.000000000000000000 ) ) ;
#12004 = CARTESIAN_POINT ( 'NONE',  ( -9.500000000000000000, 3.099999999999909051, -870.0000000000000000 ) ) ;
#12005 = DIRECTION ( 'NONE',  ( -0.000000000000000000, -0.000000000000000000, 1.000000000000000000 ) ) ;
#12006 = ADVANCED_FACE ( 'NONE', ( #6599 ), #10435, .F. ) ;
#12007 = ORIENTED_EDGE ( 'NONE', *, *, #7741, .T. ) ;
#12008 = ORIENTED_EDGE ( 'NONE', *, *, #10834, .F. ) ;
#12009 = AXIS2_PLACEMENT_3D ( 'NONE', #5290, #4530, #3472 ) ;
#12010 = CARTESIAN_POINT ( 'NONE',  ( 20.00000000000000355, 39.80000000000000426, 17.58578643762692550 ) ) ;
#12011 = EDGE_CURVE ( 'NONE', #714, #1349, #6472, .T. ) ;
#12012 = ORIENTED_EDGE ( 'NONE', *, *, #5618, .F. ) ;
#12013 = DIRECTION ( 'NONE',  ( -0.5004443416175766712, -0.8657687109978913220, 0.000000000000000000 ) ) ;
#12014 = CARTESIAN_POINT ( 'NONE',  ( -20.56568542494922980, 39.80000000000000426, 18.15147186257615530 ) ) ;
#12015 = PLANE ( 'NONE',  #11889 ) ;
#12016 = DIRECTION ( 'NONE',  ( 0.000000000000000000, 0.000000000000000000, 1.000000000000000000 ) ) ;
#12017 = AXIS2_PLACEMENT_3D ( 'NONE', #11469, #11525, #10416 ) ;
#12018 = DIRECTION ( 'NONE',  ( -0.000000000000000000, -0.000000000000000000, 1.000000000000000000 ) ) ;
#12019 = EDGE_CURVE ( 'NONE', #9945, #5126, #1859, .T. ) ;
#12020 = VERTEX_POINT ( 'NONE', #8292 ) ;
#12021 = DIRECTION ( 'NONE',  ( 1.000000000000000000, -0.000000000000000000, 0.000000000000000000 ) ) ;
#12022 = PLANE ( 'NONE',  #6570 ) ;
#12023 = EDGE_CURVE ( 'NONE', #11226, #3963, #10980, .T. ) ;
#12024 = AXIS2_PLACEMENT_3D ( 'NONE', #5386, #3670, #3731 ) ;
#12025 = ORIENTED_EDGE ( 'NONE', *, *, #4691, .F. ) ;
#12026 = CARTESIAN_POINT ( 'NONE',  ( -2.659549700202074707, 4.523938932020212356, -13.00000000000000000 ) ) ;
#12027 = CARTESIAN_POINT ( 'NONE',  ( -2.000000000000000888, 64.00000000000000000, -1.499999999999999334 ) ) ;
#12028 = EDGE_LOOP ( 'NONE', ( #7700 ) ) ;
#12029 = PRESENTATION_STYLE_ASSIGNMENT (( #6439 ) ) ;
#12030 = DIRECTION ( 'NONE',  ( 1.000000000000000000, 0.000000000000000000, 0.000000000000000000 ) ) ;
#12031 = FACE_OUTER_BOUND ( 'NONE', #2621, .T. ) ;
#12032 = AXIS2_PLACEMENT_3D ( 'NONE', #6345, #3599, #8287 ) ;
#12033 = PRODUCT ( 'EBF22-S3M100-14-A-H-d5', 'EBF22-S3M100-14-A-H-d5', '', ( #4377 ) ) ;
#12034 = ORIENTED_EDGE ( 'NONE', *, *, #2911, .T. ) ;
#12035 = ORIENTED_EDGE ( 'NONE', *, *, #1299, .F. ) ;
#12036 = DIRECTION ( 'NONE',  ( 1.000000000000000000, 0.000000000000000000, 0.000000000000000000 ) ) ;
#12037 = ORIENTED_EDGE ( 'NONE', *, *, #8479, .F. ) ;
#12038 = CARTESIAN_POINT ( 'NONE',  ( 18.15147186257614464, 0.000000000000000000, 20.56568542494923690 ) ) ;
#12039 = CARTESIAN_POINT ( 'NONE',  ( -15.50000000000000178, 35.50000000000000711, 15.50000000000000711 ) ) ;
#12040 = VERTEX_POINT ( 'NONE', #12113 ) ;
#12041 = AXIS2_PLACEMENT_3D ( 'NONE', #5147, #11728, #10735 ) ;
#12042 = DIRECTION ( 'NONE',  ( 0.000000000000000000, 0.000000000000000000, 1.000000000000000000 ) ) ;
#12043 = ADVANCED_FACE ( 'NONE', ( #10192 ), #9365, .T. ) ;
#12044 = CARTESIAN_POINT ( 'NONE',  ( -30.00000000000000000, -29.99999999999999289, 5.000000000000000000 ) ) ;
#12045 = CARTESIAN_POINT ( 'NONE',  ( 16.50000000000000355, -16.49999999999998934, 5.000000000000000000 ) ) ;
#12046 = LINE ( 'NONE', #7276, #3977 ) ;
#12047 = EDGE_LOOP ( 'NONE', ( #2015 ) ) ;
#12048 =( GEOMETRIC_REPRESENTATION_CONTEXT ( 3 ) GLOBAL_UNCERTAINTY_ASSIGNED_CONTEXT ( ( #9765 ) ) GLOBAL_UNIT_ASSIGNED_CONTEXT ( ( #5446, #5323, #3450 ) ) REPRESENTATION_CONTEXT ( 'NONE', 'WORKASPACE' ) );
#12049 = EDGE_LOOP ( 'NONE', ( #3468, #10530, #9339, #1304 ) ) ;
#12050 = VERTEX_POINT ( 'NONE', #5422 ) ;
#12051 = CARTESIAN_POINT ( 'NONE',  ( 5.500000000000396128, 6.490000000000264890, -870.0000000000000000 ) ) ;
#12052 = ORIENTED_EDGE ( 'NONE', *, *, #6256, .F. ) ;
#12053 = CARTESIAN_POINT ( 'NONE',  ( -20.56568542494924046, 7.800000000000001599, -18.15147186257615886 ) ) ;
#12054 = ADVANCED_FACE ( 'NONE', ( #10738, #5716, #4037, #4837, #8793 ), #5778, .T. ) ;
#12055 = LINE ( 'NONE', #10305, #9244 ) ;
#12056 = CARTESIAN_POINT ( 'NONE',  ( 3.900000000000319655, -2.909999999999855369, -870.0000000000000000 ) ) ;
#12057 = CARTESIAN_POINT ( 'NONE',  ( 0.000000000000000000, 0.000000000000000000, -15.00000000000000000 ) ) ;
#12058 = DIRECTION ( 'NONE',  ( 0.000000000000000000, 1.000000000000000000, 0.000000000000000000 ) ) ;
#12059 = DIRECTION ( 'NONE',  ( -0.000000000000000000, -0.000000000000000000, 1.000000000000000000 ) ) ;
#12060 = EDGE_LOOP ( 'NONE', ( #5828, #4769, #11038, #2375 ) ) ;
#12061 = VERTEX_POINT ( 'NONE', #8604 ) ;
#12062 = DIRECTION ( 'NONE',  ( 1.000000000000000000, -0.000000000000000000, -8.260587980841936314E-17 ) ) ;
#12063 = EDGE_LOOP ( 'NONE', ( #9003 ) ) ;
#12064 = EDGE_CURVE ( 'NONE', #1607, #7158, #7717, .T. ) ;
#12065 = EDGE_CURVE ( 'NONE', #1404, #9472, #9552, .T. ) ;
#12066 = CARTESIAN_POINT ( 'NONE',  ( 10.00000000000000000, -8.500000000000000000, -870.0000000000000000 ) ) ;
#12067 = CARTESIAN_POINT ( 'NONE',  ( -3.899999999999464784, -2.909999999999910880, -870.0000000000000000 ) ) ;
#12068 = DIRECTION ( 'NONE',  ( 1.000000000000000000, 0.000000000000000000, -0.000000000000000000 ) ) ;
#12069 = DIRECTION ( 'NONE',  ( 0.000000000000000000, 0.000000000000000000, 1.000000000000000000 ) ) ;
#12070 = FACE_BOUND ( 'NONE', #8556, .T. ) ;
#12071 = SHAPE_DEFINITION_REPRESENTATION ( #5635, #9424 ) ;
#12072 = ORIENTED_EDGE ( 'NONE', *, *, #11915, .F. ) ;
#12073 = DIRECTION ( 'NONE',  ( -1.000000000000000000, 0.000000000000000000, 0.000000000000000000 ) ) ;
#12074 = DIRECTION ( 'NONE',  ( -1.000000000000000000, 0.000000000000000000, 8.260587980841936314E-17 ) ) ;
#12075 = ORIENTED_EDGE ( 'NONE', *, *, #10729, .F. ) ;
#12076 = ADVANCED_FACE ( 'NONE', ( #213 ), #11550, .T. ) ;
#12077 = DIRECTION ( 'NONE',  ( -0.000000000000000000, -0.000000000000000000, 1.000000000000000000 ) ) ;
#12078 = ORIENTED_EDGE ( 'NONE', *, *, #3638, .F. ) ;
#12079 = DIRECTION ( 'NONE',  ( 0.7071067811865474617, 0.000000000000000000, 0.7071067811865474617 ) ) ;
#12080 = VECTOR ( 'NONE', #5919, 1000.000000000000114 ) ;
#12081 = CARTESIAN_POINT ( 'NONE',  ( 2.535598419378958912, 4.534177505969844368, -13.00000000000000000 ) ) ;
#12082 =( GEOMETRIC_REPRESENTATION_CONTEXT ( 3 ) GLOBAL_UNCERTAINTY_ASSIGNED_CONTEXT ( ( #3115 ) ) GLOBAL_UNIT_ASSIGNED_CONTEXT ( ( #10155, #3386, #1643 ) ) REPRESENTATION_CONTEXT ( 'NONE', 'WORKASPACE' ) );
#12083 = DIRECTION ( 'NONE',  ( 1.000000000000000000, 0.000000000000000000, 0.000000000000000000 ) ) ;
#12084 = EDGE_CURVE ( 'NONE', #5032, #1981, #3155, .T. ) ;
#12085 = CARTESIAN_POINT ( 'NONE',  ( 5.000000000000004441, 5.000000000000000000, 2.500000000000000000 ) ) ;
#12086 = ORIENTED_EDGE ( 'NONE', *, *, #11346, .F. ) ;
#12087 = AXIS2_PLACEMENT_3D ( 'NONE', #1746, #12370, #6544 ) ;
#12088 = ORIENTED_EDGE ( 'NONE', *, *, #6242, .F. ) ;
#12089 = EDGE_CURVE ( 'NONE', #5195, #12332, #7953, .T. ) ;
#12090 = CIRCLE ( 'NONE', #2308, 1.975000000000026290 ) ;
#12091 = DIRECTION ( 'NONE',  ( 1.000000000000000000, 0.000000000000000000, 0.000000000000000000 ) ) ;
#12092 = ORIENTED_EDGE ( 'NONE', *, *, #510, .T. ) ;
#12093 = PLANE ( 'NONE',  #6804 ) ;
#12094 = DIRECTION ( 'NONE',  ( -1.000000000000000000, -0.000000000000000000, -0.000000000000000000 ) ) ;
#12095 = EDGE_LOOP ( 'NONE', ( #11181 ) ) ;
#12096 = FACE_OUTER_BOUND ( 'NONE', #1931, .T. ) ;
#12097 = LINE ( 'NONE', #2705, #8776 ) ;
#12098 = AXIS2_PLACEMENT_3D ( 'NONE', #2047, #1158, #4979 ) ;
#12099 = DIRECTION ( 'NONE',  ( 1.000000000000000000, 0.000000000000000000, 0.000000000000000000 ) ) ;
#12100 = AXIS2_PLACEMENT_3D ( 'NONE', #3208, #4146, #3079 ) ;
#12101 = VERTEX_POINT ( 'NONE', #3465 ) ;
#12102 = ORIENTED_EDGE ( 'NONE', *, *, #9602, .F. ) ;
#12103 = ORIENTED_EDGE ( 'NONE', *, *, #10464, .T. ) ;
#12104 = ORIENTED_EDGE ( 'NONE', *, *, #8383, .F. ) ;
#12105 = PLANE ( 'NONE',  #8573 ) ;
#12106 = ORIENTED_EDGE ( 'NONE', *, *, #9575, .T. ) ;
#12107 = VECTOR ( 'NONE', #256, 1000.000000000000000 ) ;
#12108 = CARTESIAN_POINT ( 'NONE',  ( 1.512829983820068946, -5.831978261281082432, -2.000000000000000000 ) ) ;
#12109 = CARTESIAN_POINT ( 'NONE',  ( -24.99999999999999645, 5.000000000000000000, -10.00000000000000000 ) ) ;
#12110 = EDGE_CURVE ( 'NONE', #7160, #6717, #2846, .T. ) ;
#12111 = DIRECTION ( 'NONE',  ( 0.7071067811865474617, 0.000000000000000000, -0.7071067811865474617 ) ) ;
#12112 = CARTESIAN_POINT ( 'NONE',  ( 2.910000000000763976, -3.900000000000090949, -89.99999999999997158 ) ) ;
#12113 = CARTESIAN_POINT ( 'NONE',  ( -3.899999999999465672, 2.910000000000252829, -870.0000000000000000 ) ) ;
#12114 =( GEOMETRIC_REPRESENTATION_CONTEXT ( 3 ) GLOBAL_UNCERTAINTY_ASSIGNED_CONTEXT ( ( #8503 ) ) GLOBAL_UNIT_ASSIGNED_CONTEXT ( ( #10996, #6151, #10866 ) ) REPRESENTATION_CONTEXT ( 'NONE', 'WORKASPACE' ) );
#12115 = EDGE_CURVE ( 'NONE', #1861, #5142, #359, .T. ) ;
#12116 = ORIENTED_EDGE ( 'NONE', *, *, #8385, .F. ) ;
#12117 = ORIENTED_EDGE ( 'NONE', *, *, #3739, .T. ) ;
#12118 = EDGE_CURVE ( 'NONE', #3168, #11167, #3087, .T. ) ;
#12119 = CARTESIAN_POINT ( 'NONE',  ( -3.899999999999465672, 2.910000000000252829, -870.0000000000000000 ) ) ;
#12120 = CARTESIAN_POINT ( 'NONE',  ( 17.58578643762691129, 39.80000000000000426, 20.00000000000000000 ) ) ;
#12121 = PRODUCT_DEFINITION_FORMATION_WITH_SPECIFIED_SOURCE ( 'ä»', '', #3734, .NOT_KNOWN. ) ;
#12122 = EDGE_LOOP ( 'NONE', ( #6035, #10578, #7786, #10343 ) ) ;
#12123 = DIRECTION ( 'NONE',  ( 1.000000000000000000, 0.000000000000000000, 0.000000000000000000 ) ) ;
#12124 = DIRECTION ( 'NONE',  ( 0.000000000000000000, 0.000000000000000000, 1.000000000000000000 ) ) ;
#12125 = CARTESIAN_POINT ( 'NONE',  ( 3.967618173362243983, 3.581484473009151959, -13.00000000000000000 ) ) ;
#12126 = DIRECTION ( 'NONE',  ( 0.7071067811865630048, -0.7071067811865321406, 0.000000000000000000 ) ) ;
#12127 = PRODUCT_CONTEXT ( 'NONE', #7736, 'mechanical' ) ;
#12128 = EDGE_CURVE ( 'NONE', #6632, #1979, #5962, .T. ) ;
#12129 = ORIENTED_EDGE ( 'NONE', *, *, #11358, .T. ) ;
#12130 = EDGE_CURVE ( 'NONE', #5228, #2325, #3770, .T. ) ;
#12131 = AXIS2_PLACEMENT_3D ( 'NONE', #9062, #479, #7239 ) ;
#12132 = EDGE_CURVE ( 'NONE', #10028, #2551, #7602, .T. ) ;
#12133 = DIRECTION ( 'NONE',  ( -0.7071067811865356934, -0.7071067811865593411, 0.000000000000000000 ) ) ;
#12134 = CARTESIAN_POINT ( 'NONE',  ( -20.00000000000000355, 40.00000000000000000, -17.58578643762691840 ) ) ;
#12135 = ORIENTED_EDGE ( 'NONE', *, *, #4688, .T. ) ;
#12136 = CARTESIAN_POINT ( 'NONE',  ( 3.748380470424709010, 5.536446500142363725, -2.000000000000000000 ) ) ;
#12137 = DIRECTION ( 'NONE',  ( -1.000000000000000000, 0.000000000000000000, 0.000000000000000000 ) ) ;
#12138 = SURFACE_STYLE_USAGE ( .BOTH. , #9276 ) ;
#12139 = DIRECTION ( 'NONE',  ( 0.000000000000000000, 1.000000000000000000, -0.000000000000000000 ) ) ;
#12140 = AXIS2_PLACEMENT_3D ( 'NONE', #12323, #6438, #10277 ) ;
#12141 = DIRECTION ( 'NONE',  ( 0.000000000000000000, 0.000000000000000000, -1.000000000000000000 ) ) ;
#12142 = ORIENTED_EDGE ( 'NONE', *, *, #6200, .T. ) ;
#12143 = ADVANCED_FACE ( 'NONE', ( #2094 ), #9618, .F. ) ;
#12144 = CIRCLE ( 'NONE', #6344, 6.304999999999999716 ) ;
#12145 = EDGE_LOOP ( 'NONE', ( #5318, #582, #10890, #2371 ) ) ;
#12146 = AXIS2_PLACEMENT_3D ( 'NONE', #984, #4795, #11503 ) ;
#12147 = DIRECTION ( 'NONE',  ( 0.000000000000000000, 0.000000000000000000, 1.000000000000000000 ) ) ;
#12148 = VERTEX_POINT ( 'NONE', #1030 ) ;
#12149 = DIRECTION ( 'NONE',  ( -0.000000000000000000, -0.000000000000000000, 1.000000000000000000 ) ) ;
#12150 = ADVANCED_FACE ( 'NONE', ( #3028 ), #145, .T. ) ;
#12151 = DIRECTION ( 'NONE',  ( 1.000000000000000000, 0.000000000000000000, 0.000000000000000000 ) ) ;
#12152 = VERTEX_POINT ( 'NONE', #5895 ) ;
#12153 = DIRECTION ( 'NONE',  ( -0.000000000000000000, -0.000000000000000000, 1.000000000000000000 ) ) ;
#12154 = CYLINDRICAL_SURFACE ( 'NONE', #6895, 1.975000000000026290 ) ;
#12155 = AXIS2_PLACEMENT_3D ( 'NONE', #4818, #3697, #2644 ) ;
#12156 = DIRECTION ( 'NONE',  ( -0.000000000000000000, -0.000000000000000000, 1.000000000000000000 ) ) ;
#12157 = CONICAL_SURFACE ( 'NONE', #7165, 6.500000000000000888, 1.249045772398253984 ) ;
#12158 = VECTOR ( 'NONE', #1252, 1000.000000000000000 ) ;
#12159 = DIRECTION ( 'NONE',  ( 1.000000000000000000, 0.000000000000000000, 0.000000000000000000 ) ) ;
#12160 = AXIS2_PLACEMENT_3D ( 'NONE', #9875, #281, #2431 ) ;
#12161 = DIRECTION ( 'NONE',  ( -0.000000000000000000, -0.000000000000000000, -1.000000000000000000 ) ) ;
#12162 = ORIENTED_EDGE ( 'NONE', *, *, #10550, .F. ) ;
#12163 = ADVANCED_FACE ( 'NONE', ( #82 ), #9802, .F. ) ;
#12164 = ORIENTED_EDGE ( 'NONE', *, *, #12019, .T. ) ;
#12165 = EDGE_LOOP ( 'NONE', ( #5416 ) ) ;
#12166 = AXIS2_PLACEMENT_3D ( 'NONE', #4316, #5125, #1390 ) ;
#12167 = DIRECTION ( 'NONE',  ( 0.000000000000000000, 0.000000000000000000, 1.000000000000000000 ) ) ;
#12168 = EDGE_LOOP ( 'NONE', ( #6971, #726, #9951, #7047 ) ) ;
#12169 =( GEOMETRIC_REPRESENTATION_CONTEXT ( 3 ) GLOBAL_UNCERTAINTY_ASSIGNED_CONTEXT ( ( #2598 ) ) GLOBAL_UNIT_ASSIGNED_CONTEXT ( ( #3454, #3569, #1767 ) ) REPRESENTATION_CONTEXT ( 'NONE', 'WORKASPACE' ) );
#12170 = VECTOR ( 'NONE', #9576, 1000.000000000000000 ) ;
#12171 = CIRCLE ( 'NONE', #3946, 1.499999999999999556 ) ;
#12172 = DIRECTION ( 'NONE',  ( -1.000000000000000000, 0.000000000000000000, 0.000000000000000000 ) ) ;
#12173 = CARTESIAN_POINT ( 'NONE',  ( -7.999999999999781508, 5.500000000000284217, -870.0000000000000000 ) ) ;
#12174 = DIRECTION ( 'NONE',  ( 0.7071067811865474617, 0.000000000000000000, 0.7071067811865474617 ) ) ;
#12175 = CARTESIAN_POINT ( 'NONE',  ( -1.790414966635714755, 5.795282521538796416, -13.00000000000000000 ) ) ;
#12176 = EDGE_CURVE ( 'NONE', #9356, #3826, #11434, .T. ) ;
#12177 = DIRECTION ( 'NONE',  ( 0.000000000000000000, -1.000000000000000000, 0.000000000000000000 ) ) ;
#12178 = CIRCLE ( 'NONE', #4980, 0.1500000000000069056 ) ;
#12179 = VECTOR ( 'NONE', #4006, 1000.000000000000114 ) ;
#12180 = VECTOR ( 'NONE', #5720, 1000.000000000000000 ) ;
#12181 = ORIENTED_EDGE ( 'NONE', *, *, #8767, .F. ) ;
#12182 = ORIENTED_EDGE ( 'NONE', *, *, #10452, .T. ) ;
#12183 = DIRECTION ( 'NONE',  ( 0.000000000000000000, 0.000000000000000000, 1.000000000000000000 ) ) ;
#12184 = ADVANCED_FACE ( 'NONE', ( #8159 ), #9107, .T. ) ;
#12185 = EDGE_LOOP ( 'NONE', ( #10290 ) ) ;
#12186 = DIRECTION ( 'NONE',  ( 1.814564305414994636E-16, -1.000000000000000000, 0.000000000000000000 ) ) ;
#12187 = TOROIDAL_SURFACE ( 'NONE', #9391, 0.8000000000000000444, 0.2000000000000000111 ) ;
#12188 = ORIENTED_EDGE ( 'NONE', *, *, #6062, .F. ) ;
#12189 = AXIS2_PLACEMENT_3D ( 'NONE', #9817, #2172, #9631 ) ;
#12190 = AXIS2_PLACEMENT_3D ( 'NONE', #1792, #1903, #9545 ) ;
#12191 = DIRECTION ( 'NONE',  ( 0.000000000000000000, 1.000000000000000000, 0.000000000000000000 ) ) ;
#12192 = DIRECTION ( 'NONE',  ( 1.000000000000000000, 0.000000000000000000, 0.000000000000000000 ) ) ;
#12193 = EDGE_CURVE ( 'NONE', #301, #11656, #1481, .T. ) ;
#12194 = DIRECTION ( 'NONE',  ( 1.000000000000000000, 0.000000000000000000, 0.000000000000000000 ) ) ;
#12195 = LINE ( 'NONE', #4733, #9804 ) ;
#12196 = EDGE_CURVE ( 'NONE', #2890, #10966, #9992, .T. ) ;
#12197 = CARTESIAN_POINT ( 'NONE',  ( 37.60000000000000853, 4.000000000000000000, 4.883262201417498631E-15 ) ) ;
#12198 = AXIS2_PLACEMENT_3D ( 'NONE', #9624, #153, #9560 ) ;
#12199 = ORIENTED_EDGE ( 'NONE', *, *, #7183, .T. ) ;
#12200 = CARTESIAN_POINT ( 'NONE',  ( 20.70000000000000284, 32.00000000000000000, -15.47157287525382507 ) ) ;
#12201 = FACE_BOUND ( 'NONE', #10260, .T. ) ;
#12202 = EDGE_LOOP ( 'NONE', ( #7266, #3152, #4755, #11493 ) ) ;
#12203 = FACE_OUTER_BOUND ( 'NONE', #4041, .T. ) ;
#12204 = DIRECTION ( 'NONE',  ( 0.000000000000000000, 0.000000000000000000, -1.000000000000000000 ) ) ;
#12205 = EDGE_CURVE ( 'NONE', #2410, #10909, #9985, .T. ) ;
#12206 = LINE ( 'NONE', #7134, #8279 ) ;
#12207 = CARTESIAN_POINT ( 'NONE',  ( 0.000000000000000000, 0.000000000000000000, -13.00000000000000000 ) ) ;
#12208 = EDGE_CURVE ( 'NONE', #120, #1237, #3272, .T. ) ;
#12209 = LINE ( 'NONE', #9223, #11160 ) ;
#12210 =( LENGTH_UNIT ( ) NAMED_UNIT ( * ) SI_UNIT ( .MILLI., .METRE. ) );
#12211 = ORIENTED_EDGE ( 'NONE', *, *, #7311, .F. ) ;
#12212 = VECTOR ( 'NONE', #7637, 1000.000000000000000 ) ;
#12213 = EDGE_LOOP ( 'NONE', ( #5636, #8900, #1890, #5022 ) ) ;
#12214 = CARTESIAN_POINT ( 'NONE',  ( -20.70710678118654968, 8.000000000000000000, -18.29289321881346808 ) ) ;
#12215 = VERTEX_POINT ( 'NONE', #8096 ) ;
#12216 = FACE_OUTER_BOUND ( 'NONE', #3905, .T. ) ;
#12217 = DIRECTION ( 'NONE',  ( -0.000000000000000000, -0.000000000000000000, -1.000000000000000000 ) ) ;
#12218 = VERTEX_POINT ( 'NONE', #4281 ) ;
#12219 = EDGE_CURVE ( 'NONE', #8872, #9931, #5281, .T. ) ;
#12220 = DIRECTION ( 'NONE',  ( -0.000000000000000000, -0.000000000000000000, 1.000000000000000000 ) ) ;
#12221 = CARTESIAN_POINT ( 'NONE',  ( 6.490000000000684111, -5.500000000000095035, -870.0000000000000000 ) ) ;
#12222 = ADVANCED_FACE ( 'NONE', ( #6278 ), #5224, .F. ) ;
#12223 = AXIS2_PLACEMENT_3D ( 'NONE', #4977, #8544, #2104 ) ;
#12224 = CARTESIAN_POINT ( 'NONE',  ( 19.35857864376264104, 7.800000000000000711, 19.35857864376275117 ) ) ;
#12225 = FACE_OUTER_BOUND ( 'NONE', #604, .T. ) ;
#12226 = VERTEX_POINT ( 'NONE', #655 ) ;
#12228 = VERTEX_POINT ( 'NONE', #2229 ) ;
#12227 = APPLICATION_CONTEXT ( 'automotive_design' ) ;
#12229 = VERTEX_POINT ( 'NONE', #11920 ) ;
#12230 = CARTESIAN_POINT ( 'NONE',  ( 18.15147186257614820, 7.800000000000000711, 20.56568542494924046 ) ) ;
#12231 = VECTOR ( 'NONE', #5529, 1000.000000000000000 ) ;
#12232 = CARTESIAN_POINT ( 'NONE',  ( 3.856272480938607750, -3.480975086488782289, -13.00000000000000000 ) ) ;
#12233 = PRODUCT ( '\X2\79fb52a86a217ec4\X0\', '\X2\79fb52a86a217ec4\X0\', '', ( #630 ) ) ;
#12234 = EDGE_LOOP ( 'NONE', ( #8696 ) ) ;
#12235 = DIRECTION ( 'NONE',  ( 1.000000000000000000, 0.000000000000000000, 0.000000000000000000 ) ) ;
#12236 = PLANE ( 'NONE',  #12032 ) ;
#12237 = EDGE_CURVE ( 'NONE', #7124, #9663, #6174, .T. ) ;
#12238 = FACE_OUTER_BOUND ( 'NONE', #6512, .T. ) ;
#12239 = CARTESIAN_POINT ( 'NONE',  ( 0.000000000000000000, 0.000000000000000000, -2.000000000000000000 ) ) ;
#12240 = CARTESIAN_POINT ( 'NONE',  ( 4.127586995253213153, -4.444537192309538476, -13.00000000000000000 ) ) ;
#12241 = AXIS2_PLACEMENT_3D ( 'NONE', #1954, #6641, #4759 ) ;
#12242 = EDGE_CURVE ( 'NONE', #6923, #11329, #528, .T. ) ;
#12243 = ORIENTED_EDGE ( 'NONE', *, *, #6008, .T. ) ;
#12244 = ORIENTED_EDGE ( 'NONE', *, *, #823, .F. ) ;
#12245 = DIRECTION ( 'NONE',  ( 0.000000000000000000, 1.000000000000000000, 0.000000000000000000 ) ) ;
#12246 = EDGE_LOOP ( 'NONE', ( #7834 ) ) ;
#12247 = EDGE_CURVE ( 'NONE', #1349, #1944, #11801, .T. ) ;
#12248 = CARTESIAN_POINT ( 'NONE',  ( -2.020752579182559128, 4.948291019506337207, -13.00000000000000000 ) ) ;
#12249 = VECTOR ( 'NONE', #1127, 1000.000000000000000 ) ;
#12250 = EDGE_LOOP ( 'NONE', ( #9212, #2084, #11424, #1474 ) ) ;
#12251 = LINE ( 'NONE', #4319, #10634 ) ;
#12252 = DIRECTION ( 'NONE',  ( 1.000000000000000000, 0.000000000000000000, 0.000000000000000000 ) ) ;
#12253 = PLANE ( 'NONE',  #4152 ) ;
#12254 = CARTESIAN_POINT ( 'NONE',  ( 5.349122049243778321, -2.772637427124946541, -13.00000000000000000 ) ) ;
#12255 = DIRECTION ( 'NONE',  ( 0.000000000000000000, -1.000000000000000000, 0.000000000000000000 ) ) ;
#12256 = LINE ( 'NONE', #3738, #2142 ) ;
#12257 = ORIENTED_EDGE ( 'NONE', *, *, #4442, .F. ) ;
#12258 = ORIENTED_EDGE ( 'NONE', *, *, #7950, .F. ) ;
#12259 = CARTESIAN_POINT ( 'NONE',  ( 17.58578643762691840, 40.00000000000000000, -20.00000000000000355 ) ) ;
#12260 = DIRECTION ( 'NONE',  ( 0.000000000000000000, 0.000000000000000000, -1.000000000000000000 ) ) ;
#12261 = ORIENTED_EDGE ( 'NONE', *, *, #5682, .F. ) ;
#12262 = CARTESIAN_POINT ( 'NONE',  ( -4.074351959469352913, 4.811723299439425894, -2.000000000000000000 ) ) ;
#12263 = CARTESIAN_POINT ( 'NONE',  ( 4.251801127475944853, -2.984997851321551376, -13.00000000000000000 ) ) ;
#12264 = CARTESIAN_POINT ( 'NONE',  ( 6.231729350392683386, -2.422425500083455141, -13.00000000000000000 ) ) ;
#12265 = CARTESIAN_POINT ( 'NONE',  ( -15.50000000000000000, 35.50000000000000711, -15.50000000000000000 ) ) ;
#12266 = FACE_OUTER_BOUND ( 'NONE', #7315, .T. ) ;
#12267 =( LENGTH_UNIT ( ) NAMED_UNIT ( * ) SI_UNIT ( .MILLI., .METRE. ) );
#12268 = ORIENTED_EDGE ( 'NONE', *, *, #11142, .T. ) ;
#12269 = ADVANCED_FACE ( 'NONE', ( #10929 ), #3408, .F. ) ;
#12270 = VERTEX_POINT ( 'NONE', #8982 ) ;
#12271 = ADVANCED_FACE ( 'NONE', ( #3215 ), #11861, .F. ) ;
#12272 = CYLINDRICAL_SURFACE ( 'NONE', #3967, 1.974999999999980771 ) ;
#12273 = ORIENTED_EDGE ( 'NONE', *, *, #7478, .F. ) ;
#12274 = VECTOR ( 'NONE', #1889, 1000.000000000000000 ) ;
#12275 = DIRECTION ( 'NONE',  ( -0.000000000000000000, -0.000000000000000000, -1.000000000000000000 ) ) ;
#12276 = AXIS2_PLACEMENT_3D ( 'NONE', #3687, #11332, #9461 ) ;
#12277 = DIRECTION ( 'NONE',  ( 0.000000000000000000, -1.000000000000000000, 0.000000000000000000 ) ) ;
#12278 = ORIENTED_EDGE ( 'NONE', *, *, #2721, .T. ) ;
#12279 = DIRECTION ( 'NONE',  ( 0.000000000000000000, 0.000000000000000000, 1.000000000000000000 ) ) ;
#12280 = DIRECTION ( 'NONE',  ( 0.7071067811865474617, 0.000000000000000000, 0.7071067811865474617 ) ) ;
#12281 = CARTESIAN_POINT ( 'NONE',  ( 6.048387499772770681, -0.4559538461277371502, -13.00000000000000000 ) ) ;
#12282 = CARTESIAN_POINT ( 'NONE',  ( 20.80000000000000426, 8.000000000000000000, 17.58578643762692550 ) ) ;
#12283 = CARTESIAN_POINT ( 'NONE',  ( 22.20000000000000284, 5.602627944162878570, 0.5500000000000119238 ) ) ;
#12284 = ORIENTED_EDGE ( 'NONE', *, *, #7265, .T. ) ;
#12285 = TOROIDAL_SURFACE ( 'NONE', #9690, 0.8000000000000000444, 0.2000000000000000111 ) ;
#12286 = EDGE_CURVE ( 'NONE', #2805, #4619, #3572, .T. ) ;
#12287 = EDGE_CURVE ( 'NONE', #7755, #4201, #7154, .T. ) ;
#12288 = ORIENTED_EDGE ( 'NONE', *, *, #6446, .T. ) ;
#12289 = DIRECTION ( 'NONE',  ( -1.652117596168387263E-16, -0.000000000000000000, -1.000000000000000000 ) ) ;
#12290 = ADVANCED_FACE ( 'NONE', ( #9924, #6220 ), #1538, .T. ) ;
#12291 = DIRECTION ( 'NONE',  ( 0.000000000000000000, 0.000000000000000000, 1.000000000000000000 ) ) ;
#12292 = EDGE_LOOP ( 'NONE', ( #10344 ) ) ;
#12293 = DIRECTION ( 'NONE',  ( -0.000000000000000000, -0.000000000000000000, 1.000000000000000000 ) ) ;
#12294 = DIRECTION ( 'NONE',  ( 0.000000000000000000, 0.000000000000000000, 1.000000000000000000 ) ) ;
#12295 = AXIS2_PLACEMENT_3D ( 'NONE', #8425, #3545, #2799 ) ;
#12296 = CIRCLE ( 'NONE', #2515, 5.195000000000000284 ) ;
#12297 = LINE ( 'NONE', #9187, #1378 ) ;
#12298 = CARTESIAN_POINT ( 'NONE',  ( -3.893413252308146610, -4.598038521668920353, -13.00000000000000000 ) ) ;
#12299 = DIRECTION ( 'NONE',  ( -0.000000000000000000, -0.000000000000000000, 1.000000000000000000 ) ) ;
#12300 = ORIENTED_EDGE ( 'NONE', *, *, #10003, .F. ) ;
#12301 = EDGE_CURVE ( 'NONE', #1634, #5871, #6964, .T. ) ;
#12302 = ORIENTED_EDGE ( 'NONE', *, *, #11322, .F. ) ;
#12303 = AXIS2_PLACEMENT_3D ( 'NONE', #10, #6577, #2017 ) ;
#12304 = FACE_OUTER_BOUND ( 'NONE', #3308, .T. ) ;
#12305 = EDGE_LOOP ( 'NONE', ( #11290, #3172, #902, #1585 ) ) ;
#12306 = CARTESIAN_POINT ( 'NONE',  ( -1.512829983820065616, -5.831978261281069997, -13.00000000000000000 ) ) ;
#12307 = EDGE_LOOP ( 'NONE', ( #9370, #9427, #10493, #3871 ) ) ;
#12308 = FACE_OUTER_BOUND ( 'NONE', #4944, .T. ) ;
#12309 = EDGE_CURVE ( 'NONE', #11428, #9375, #12361, .T. ) ;
#12310 = CARTESIAN_POINT ( 'NONE',  ( 1.964042965173692812, -4.809424105956109585, -13.00000000000000000 ) ) ;
#12311 = DIRECTION ( 'NONE',  ( 0.000000000000000000, 0.000000000000000000, 1.000000000000000000 ) ) ;
#12312 = DIRECTION ( 'NONE',  ( 0.000000000000000000, 0.000000000000000000, -1.000000000000000000 ) ) ;
#12313 = FACE_OUTER_BOUND ( 'NONE', #10050, .T. ) ;
#12314 = AXIS2_PLACEMENT_3D ( 'NONE', #2092, #7842, #5894 ) ;
#12315 = DIRECTION ( 'NONE',  ( 0.7071067811865492381, 0.000000000000000000, -0.7071067811865459074 ) ) ;
#12316 = ORIENTED_EDGE ( 'NONE', *, *, #6200, .F. ) ;
#12317 = ORIENTED_EDGE ( 'NONE', *, *, #4232, .F. ) ;
#12318 = DIRECTION ( 'NONE',  ( -0.000000000000000000, -0.000000000000000000, 1.000000000000000000 ) ) ;
#12319 = VECTOR ( 'NONE', #8588, 1000.000000000000000 ) ;
#12320 = CARTESIAN_POINT ( 'NONE',  ( 0.000000000000000000, 0.000000000000000000, 0.000000000000000000 ) ) ;
#12321 = ORIENTED_EDGE ( 'NONE', *, *, #8930, .F. ) ;
#12322 = CYLINDRICAL_SURFACE ( 'NONE', #2879, 6.304999999999999716 ) ;
#12323 = CARTESIAN_POINT ( 'NONE',  ( -4.374567281301043664, 3.071186432206677974, -13.00000000000000000 ) ) ;
#12324 = CARTESIAN_POINT ( 'NONE',  ( -6.048387499772772458, -0.4559538461277344301, -2.000000000000000000 ) ) ;
#12325 = AXIS2_PLACEMENT_3D ( 'NONE', #10897, #3244, #3180 ) ;
#12326 = LINE ( 'NONE', #10340, #9358 ) ;
#12327 = VECTOR ( 'NONE', #612, 1000.000000000000000 ) ;
#12328 = EDGE_CURVE ( 'NONE', #2673, #1010, #8224, .T. ) ;
#12329 = ORIENTED_EDGE ( 'NONE', *, *, #5322, .F. ) ;
#12330 = ORIENTED_EDGE ( 'NONE', *, *, #2808, .F. ) ;
#12331 = CARTESIAN_POINT ( 'NONE',  ( -15.00000000000000000, 0.000000000000000000, 0.000000000000000000 ) ) ;
#12332 = VERTEX_POINT ( 'NONE', #2534 ) ;
#12333 = TOROIDAL_SURFACE ( 'NONE', #3139, 0.8000000000000000444, 0.2000000000000000111 ) ;
#12334 = DIRECTION ( 'NONE',  ( -1.000000000000000000, 0.000000000000000000, 0.000000000000000000 ) ) ;
#12335 = CARTESIAN_POINT ( 'NONE',  ( 0.3263478462082414211, -5.335027842783500063, -13.00000000000000000 ) ) ;
#12336 = ORIENTED_EDGE ( 'NONE', *, *, #8333, .T. ) ;
#12337 = DIRECTION ( 'NONE',  ( 1.000000000000000000, 0.000000000000000000, 0.000000000000000000 ) ) ;
#12338 = DIRECTION ( 'NONE',  ( 0.000000000000000000, 0.000000000000000000, -1.000000000000000000 ) ) ;
#12339 = CARTESIAN_POINT ( 'NONE',  ( 1.000000000000000444, -28.00000000000000000, 5.000000000000000000 ) ) ;
#12340 = EDGE_CURVE ( 'NONE', #10901, #3510, #12046, .T. ) ;
#12341 = FACE_OUTER_BOUND ( 'NONE', #5771, .T. ) ;
#12342 = EDGE_CURVE ( 'NONE', #9931, #8608, #5464, .T. ) ;
#12343 = VERTEX_POINT ( 'NONE', #9973 ) ;
#12344 = AXIS2_PLACEMENT_3D ( 'NONE', #4024, #7829, #11661 ) ;
#12345 = VERTEX_POINT ( 'NONE', #5587 ) ;
#12346 = ORIENTED_EDGE ( 'NONE', *, *, #7687, .T. ) ;
#12347 = DIRECTION ( 'NONE',  ( 1.000000000000000000, 0.000000000000000000, 0.000000000000000000 ) ) ;
#12348 = PLANE ( 'NONE',  #9000 ) ;
#12349 = ORIENTED_EDGE ( 'NONE', *, *, #11377, .T. ) ;
#12350 = CARTESIAN_POINT ( 'NONE',  ( -15.47157287525383396, 32.00000000000000000, -20.70000000000000639 ) ) ;
#12351 = AXIS2_PLACEMENT_3D ( 'NONE', #4237, #10128, #9002 ) ;
#12352 = DIRECTION ( 'NONE',  ( -0.000000000000000000, -0.000000000000000000, 1.000000000000000000 ) ) ;
#12353 = AXIS2_PLACEMENT_3D ( 'NONE', #5856, #1932, #105 ) ;
#12354 = VECTOR ( 'NONE', #8190, 1000.000000000000000 ) ;
#12355 = LINE ( 'NONE', #9727, #10376 ) ;
#12356 = ADVANCED_FACE ( 'NONE', ( #10424 ), #4522, .T. ) ;
#12357 = FACE_OUTER_BOUND ( 'NONE', #6536, .T. ) ;
#12358 = EDGE_CURVE ( 'NONE', #2464, #4113, #7517, .T. ) ;
#12359 = DIRECTION ( 'NONE',  ( 1.000000000000000000, 0.000000000000000000, 0.000000000000000000 ) ) ;
#12360 = CIRCLE ( 'NONE', #9578, 0.7999999999999986011 ) ;
#12361 = CIRCLE ( 'NONE', #11182, 0.1500000000000069056 ) ;
#12362 = ORIENTED_EDGE ( 'NONE', *, *, #8882, .T. ) ;
#12363 = VECTOR ( 'NONE', #3146, 1000.000000000000000 ) ;
#12364 = VERTEX_POINT ( 'NONE', #8276 ) ;
#12365 = FILL_AREA_STYLE_COLOUR ( '', #7176 ) ;
#12366 = ORIENTED_EDGE ( 'NONE', *, *, #2025, .F. ) ;
#12367 = FACE_OUTER_BOUND ( 'NONE', #3941, .T. ) ;
#12368 = ORIENTED_EDGE ( 'NONE', *, *, #6256, .T. ) ;
#12369 = FACE_OUTER_BOUND ( 'NONE', #4752, .T. ) ;
#12370 = DIRECTION ( 'NONE',  ( -0.000000000000000000, -0.000000000000000000, -1.000000000000000000 ) ) ;
#12371 = AXIS2_PLACEMENT_3D ( 'NONE', #8436, #6371, #870 ) ;
#12372 = DIRECTION ( 'NONE',  ( 1.000000000000000000, 0.000000000000000000, 0.000000000000000000 ) ) ;
#12373 = DIRECTION ( 'NONE',  ( 0.000000000000000000, -0.000000000000000000, -1.000000000000000000 ) ) ;
#12374 = AXIS2_PLACEMENT_3D ( 'NONE', #3630, #6567, #6627 ) ;
#12375 = CIRCLE ( 'NONE', #9194, 0.1500000000000004940 ) ;
#12376 = CARTESIAN_POINT ( 'NONE',  ( 5.500000000000396128, 6.490000000000264890, -870.0000000000000000 ) ) ;
#12377 = EDGE_CURVE ( 'NONE', #9606, #8678, #710, .T. ) ;
#12378 = AXIS2_PLACEMENT_3D ( 'NONE', #6530, #1799, #9432 ) ;
#12379 = NEXT_ASSEMBLY_USAGE_OCCURRENCE ( 'NAUO1', ' ', ' ', #3892, #3906, $ ) ;
#12380 = NEXT_ASSEMBLY_USAGE_OCCURRENCE ( 'NAUO2', ' ', ' ', #3892, #6102, $ ) ;
#12381 = NEXT_ASSEMBLY_USAGE_OCCURRENCE ( 'NAUO3', ' ', ' ', #3892, #9648, $ ) ;
#12382 = NEXT_ASSEMBLY_USAGE_OCCURRENCE ( 'NAUO4', ' ', ' ', #3892, #6493, $ ) ;
#12383 = NEXT_ASSEMBLY_USAGE_OCCURRENCE ( 'NAUO5', ' ', ' ', #3892, #8560, $ ) ;
#12384 = NEXT_ASSEMBLY_USAGE_OCCURRENCE ( 'NAUO6', ' ', ' ', #3892, #5207, $ ) ;
#12385 = NEXT_ASSEMBLY_USAGE_OCCURRENCE ( 'NAUO7', ' ', ' ', #3892, #5207, $ ) ;
#12386 = NEXT_ASSEMBLY_USAGE_OCCURRENCE ( 'NAUO8', ' ', ' ', #3892, #10566, $ ) ;
#12387 = NEXT_ASSEMBLY_USAGE_OCCURRENCE ( 'NAUO9', ' ', ' ', #3892, #9648, $ ) ;
#12388 = NEXT_ASSEMBLY_USAGE_OCCURRENCE ( 'NAUO10', ' ', ' ', #3892, #10566, $ ) ;
#12389 = NEXT_ASSEMBLY_USAGE_OCCURRENCE ( 'NAUO11', ' ', ' ', #3892, #10566, $ ) ;
#12390 = NEXT_ASSEMBLY_USAGE_OCCURRENCE ( 'NAUO12', ' ', ' ', #3892, #10566, $ ) ;
#12391 = NEXT_ASSEMBLY_USAGE_OCCURRENCE ( 'NAUO13', ' ', ' ', #3892, #10566, $ ) ;
#12392 = NEXT_ASSEMBLY_USAGE_OCCURRENCE ( 'NAUO14', ' ', ' ', #3892, #10566, $ ) ;
#12393 = NEXT_ASSEMBLY_USAGE_OCCURRENCE ( 'NAUO15', ' ', ' ', #3892, #5951, $ ) ;
#12394 = NEXT_ASSEMBLY_USAGE_OCCURRENCE ( 'NAUO16', ' ', ' ', #3892, #5951, $ ) ;
ENDSEC;
END-ISO-10303-21;
